{
  "meta": {
    "aa_evidence_scale": 1.0,
    "aa_label_residuals": {
      "fraction_under_threshold": 0.9345238095238095,
      "max": 0.15017113022401213,
      "mean": 0.009312707280993567,
      "median": 4.536560974495452e-06,
      "n_cells": 168,
      "p90": 0.02728130539219235
    },
    "aa_label_tier_weights": {
      "IFBENCH": 0.3,
      "LIVECODEBENCH": 1.0,
      "SCICODE": 1.0,
      "SWE_BENCH_VERIFIED": 1.0,
      "TAU2_BENCH_TELECOM": 0.3,
      "TERMINAL_BENCH_HARD": 1.0
    },
    "alpha": 0.53,
    "cost_per_1k_input_usd": {
      "claude-haiku-4-5": 0.0015151675989018547,
      "claude-opus-4-7": 0.024573573239392958,
      "claude-sonnet-4-6": 0.00675,
      "deepseek/deepseek-v4-flash": 0.00032361659946952685,
      "deepseek/deepseek-v4-pro": 0.004370433436082636,
      "gemini-3.1-flash-lite-preview": 0.00013955400925712449,
      "gemini-3.1-pro-preview": 0.0026896673983760316,
      "gpt-5.4-mini": 0.0004865814318899995,
      "gpt-5.5": 0.02044923596755163,
      "moonshotai/kimi-k2.6": 0.00195,
      "qwen/qwen3-235b-a22b-2507": 0.00018877725032113193,
      "qwen/qwen3-coder-next": 0.000859439632039958,
      "qwen/qwen3-next-80b-a3b-instruct": 0.00045
    },
    "embedder_model": "jina-v2-base-code-int8",
    "exclude_prompts": null,
    "expected_output_tokens": 2000,
    "include_aa_labels": "aa_quality_priors.json",
    "include_routerarena_labels": "routerarena_labels_full.jsonl",
    "k": 16,
    "n_excluded_prompts": 0,
    "n_prompts": 8013,
    "output_cost_ratio": 0.25,
    "per_model_verbosity": true,
    "per_model_zscore": false,
    "router_version": "weave-router-v0.1-bootstrap",
    "routerarena_only": true,
    "score_normalization": "per_prompt_minmax_across_bench_columns",
    "seed": 42,
    "shrinkage_k0": 10.0,
    "speed_weight": 0.2,
    "top_p": 4,
    "training_data_mix": {
      "d1": 1.0,
      "d2": 0.0,
      "d3": 0.0
    }
  },
  "rankings": {
    "0": {
      "claude-haiku-4-5": 0.5908705848901292,
      "claude-opus-4-7": 0.27496576155783375,
      "claude-sonnet-4-6": 0.30576572329669954,
      "deepseek/deepseek-v4-flash": 0.652967091700343,
      "deepseek/deepseek-v4-pro": 0.5011605534824107,
      "gemini-3.1-flash-lite-preview": 0.6912092045197189,
      "gemini-3.1-pro-preview": 0.6099802740403802,
      "gpt-5.4-mini": 0.5950847694423249,
      "gpt-5.5": 0.30357648193437997,
      "moonshotai/kimi-k2.6": 0.9023487914072873,
      "qwen/qwen3-235b-a22b-2507": 0.5944066943128086,
      "qwen/qwen3-coder-next": 0.5801720528777218,
      "qwen/qwen3-next-80b-a3b-instruct": 0.6250509805128588
    },
    "1": {
      "claude-haiku-4-5": 0.521822038486448,
      "claude-opus-4-7": 0.41947489045852343,
      "claude-sonnet-4-6": 0.382794923173089,
      "deepseek/deepseek-v4-flash": 0.6243399879629938,
      "deepseek/deepseek-v4-pro": 0.7064455399461063,
      "gemini-3.1-flash-lite-preview": 0.7286434822328594,
      "gemini-3.1-pro-preview": 0.893225477939149,
      "gpt-5.4-mini": 0.5173589229934766,
      "gpt-5.5": 0.3034739464970771,
      "moonshotai/kimi-k2.6": 0.46253450262732654,
      "qwen/qwen3-235b-a22b-2507": 0.558908301479825,
      "qwen/qwen3-coder-next": 0.4251114499294649,
      "qwen/qwen3-next-80b-a3b-instruct": 0.5198828863702266
    },
    "10": {
      "claude-haiku-4-5": 0.5880491495189536,
      "claude-opus-4-7": 0.433224685808437,
      "claude-sonnet-4-6": 0.5334667557044767,
      "deepseek/deepseek-v4-flash": 0.7829805421834655,
      "deepseek/deepseek-v4-pro": 0.6080052552552422,
      "gemini-3.1-flash-lite-preview": 0.7929475545192097,
      "gemini-3.1-pro-preview": 0.795248616266469,
      "gpt-5.4-mini": 0.5669933682652104,
      "gpt-5.5": 0.4056791592040144,
      "moonshotai/kimi-k2.6": 0.9023487914072873,
      "qwen/qwen3-235b-a22b-2507": 0.7004076268243888,
      "qwen/qwen3-coder-next": 0.6815941879457161,
      "qwen/qwen3-next-80b-a3b-instruct": 0.4613366200062663
    },
    "11": {
      "claude-haiku-4-5": 0.6097822581589422,
      "claude-opus-4-7": 0.5721491179719032,
      "claude-sonnet-4-6": 0.4642064451723385,
      "deepseek/deepseek-v4-flash": 0.8912553144538793,
      "deepseek/deepseek-v4-pro": 0.6805261211170399,
      "gemini-3.1-flash-lite-preview": 0.874494664056346,
      "gemini-3.1-pro-preview": 0.8205669920235102,
      "gpt-5.4-mini": 0.8287867040338579,
      "gpt-5.5": 0.5755746168040881,
      "moonshotai/kimi-k2.6": 0.7031142985062142,
      "qwen/qwen3-235b-a22b-2507": 0.624257760285194,
      "qwen/qwen3-coder-next": 0.4251114499294649,
      "qwen/qwen3-next-80b-a3b-instruct": 0.4633471485955915
    },
    "12": {
      "claude-haiku-4-5": 0.672605283651339,
      "claude-opus-4-7": 0.5735959497508499,
      "claude-sonnet-4-6": 0.4293492981635566,
      "deepseek/deepseek-v4-flash": 0.7759031657364241,
      "deepseek/deepseek-v4-pro": 0.6980376444737432,
      "gemini-3.1-flash-lite-preview": 0.7062611495720366,
      "gemini-3.1-pro-preview": 0.6677281337146764,
      "gpt-5.4-mini": 0.5915006592317285,
      "gpt-5.5": 0.3455317702486086,
      "moonshotai/kimi-k2.6": 0.37234879140728727,
      "qwen/qwen3-235b-a22b-2507": 0.6247852058512449,
      "qwen/qwen3-coder-next": 0.5825649801897699,
      "qwen/qwen3-next-80b-a3b-instruct": 0.6417742265868036
    },
    "13": {
      "claude-haiku-4-5": 0.628076446428455,
      "claude-opus-4-7": 0.372134732706706,
      "claude-sonnet-4-6": 0.30576572329669954,
      "deepseek/deepseek-v4-flash": 0.7617823504441636,
      "deepseek/deepseek-v4-pro": 0.6023844945620007,
      "gemini-3.1-flash-lite-preview": 0.7322846520732036,
      "gemini-3.1-pro-preview": 0.67794727677627,
      "gpt-5.4-mini": 0.6261292141294734,
      "gpt-5.5": 0.37626956205484463,
      "moonshotai/kimi-k2.6": 0.9023487914072873,
      "qwen/qwen3-235b-a22b-2507": 0.6831982445363796,
      "qwen/qwen3-coder-next": 0.593082320124306,
      "qwen/qwen3-next-80b-a3b-instruct": 0.622356415490885
    },
    "14": {
      "claude-haiku-4-5": 0.545937789764234,
      "claude-opus-4-7": 0.341977801890448,
      "claude-sonnet-4-6": 0.44272763693975004,
      "deepseek/deepseek-v4-flash": 0.6993498763132384,
      "deepseek/deepseek-v4-pro": 0.584554128424595,
      "gemini-3.1-flash-lite-preview": 0.6686732447050996,
      "gemini-3.1-pro-preview": 0.6185344094775869,
      "gpt-5.4-mini": 0.452557658491729,
      "gpt-5.5": 0.40032586066390685,
      "moonshotai/kimi-k2.6": 0.9023487914072873,
      "qwen/qwen3-235b-a22b-2507": 0.5663659927892271,
      "qwen/qwen3-coder-next": 0.552174677442908,
      "qwen/qwen3-next-80b-a3b-instruct": 0.5690594033413614
    },
    "15": {
      "claude-haiku-4-5": 0.7533551445458856,
      "claude-opus-4-7": 0.5735959497508499,
      "claude-sonnet-4-6": 0.6315887550814909,
      "deepseek/deepseek-v4-flash": 0.8156389714385011,
      "deepseek/deepseek-v4-pro": 0.6295118429202675,
      "gemini-3.1-flash-lite-preview": 0.8819426565731177,
      "gemini-3.1-pro-preview": 0.8580180536821005,
      "gpt-5.4-mini": 0.7235700796275526,
      "gpt-5.5": 0.534174895088554,
      "moonshotai/kimi-k2.6": 0.37234879140728727,
      "qwen/qwen3-235b-a22b-2507": 0.7044592125962484,
      "qwen/qwen3-coder-next": 0.6637025134180066,
      "qwen/qwen3-next-80b-a3b-instruct": 0.7279406060401925
    },
    "2": {
      "claude-haiku-4-5": 0.42975280490267975,
      "claude-opus-4-7": 0.3398838656471342,
      "claude-sonnet-4-6": 0.6088306863950447,
      "deepseek/deepseek-v4-flash": 0.6428291352352106,
      "deepseek/deepseek-v4-pro": 0.6029633801144538,
      "gemini-3.1-flash-lite-preview": 0.6935843083456237,
      "gemini-3.1-pro-preview": 0.7860587095170418,
      "gpt-5.4-mini": 0.5413013108647452,
      "gpt-5.5": 0.22435023496862638,
      "moonshotai/kimi-k2.6": 0.9023487914072873,
      "qwen/qwen3-235b-a22b-2507": 0.5797414401478984,
      "qwen/qwen3-coder-next": 0.6007961647737075,
      "qwen/qwen3-next-80b-a3b-instruct": 0.6967870252425562
    },