{
  "meta": {
    "alpha": 0.53,
    "cost_per_1k_input_usd": {
      "claude-haiku-4-5": 0.8,
      "claude-opus-4-7": 15.0,
      "claude-sonnet-4-5": 3.0,
      "gemini-3-flash-preview": 0.5,
      "gemini-3.1-flash-lite-preview": 0.1,
      "gemini-3.1-pro-preview": 2.0,
      "gpt-4.1": 2.0,
      "gpt-5.4-mini": 0.4,
      "gpt-5.5": 5.0
    },
    "embedder_model": "jina-v2-base-code-int8",
    "exclude_prompts": null,
    "include_routerarena_labels": "/Users/steventohme/Desktop/workweave4/router-internal/eval/results/_unsorted/routerarena_labels_full.jsonl",
    "k": 10,
    "n_excluded_prompts": 0,
    "n_prompts": 21027,
    "per_model_zscore": true,
    "router_version": "weave-router-v0.1-bootstrap",
    "routerarena_only": false,
    "score_normalization": "per_prompt_zscore_across_bench_columns",
    "seed": 42,
    "shrinkage_k0": 10.0,
    "top_p": 4,
    "training_data_mix": {
      "d1": 1.0,
      "d2": 0.0,
      "d3": 0.0
    }
  },
  "rankings": {
    "0": {
      "claude-haiku-4-5": -0.07081408915847599,
      "claude-opus-4-7": -2.908062881086599,
      "claude-sonnet-4-5": 2.0488011040727683,
      "gemini-3-flash-preview": -0.0003046658562633314,
      "gemini-3.1-flash-lite-preview": -0.38549428547583053,
      "gemini-3.1-pro-preview": 0.461566147831856,
      "gpt-4.1": -0.2694261146963581,
      "gpt-5.4-mini": -0.7970394032861924,
      "gpt-5.5": -2.550218978354784
    },
    "1": {
      "claude-haiku-4-5": 1.0470526355074004,
      "claude-opus-4-7": 0.460367260481723,
      "claude-sonnet-4-5": 1.4259572803208669,
      "gemini-3-flash-preview": -1.1123156189246048,
      "gemini-3.1-flash-lite-preview": 1.8308596727172861,
      "gemini-3.1-pro-preview": 0.7497452769942238,
      "gpt-4.1": 1.533604656637269,
      "gpt-5.4-mini": -0.3740733004112058,
      "gpt-5.5": 0.5310042647289195
    },
    "2": {
      "claude-haiku-4-5": 1.606678378845683,
      "claude-opus-4-7": 0.460367260481723,
      "claude-sonnet-4-5": -0.9571877630145261,
      "gemini-3-flash-preview": 1.6506252263581387,
      "gemini-3.1-flash-lite-preview": 0.8598795375772508,
      "gemini-3.1-pro-preview": -0.5755128115730691,
      "gpt-4.1": -0.03336971216249324,
      "gpt-5.4-mini": 0.27614871586941264,
      "gpt-5.5": 0.5532046131652382
    },
    "3": {
      "claude-haiku-4-5": -0.218195019651428,
      "claude-opus-4-7": 0.460367260481723,
      "claude-sonnet-4-5": -0.9571877630145261,
      "gemini-3-flash-preview": -0.1379070094850371,
      "gemini-3.1-flash-lite-preview": -0.5047254111332643,
      "gemini-3.1-pro-preview": -0.3873843965709182,
      "gpt-4.1": -0.1981296598246595,
      "gpt-5.4-mini": -0.6477482634462788,
      "gpt-5.5": 0.5529898061508581
    },
    "4": {
      "claude-haiku-4-5": -0.29141616230266787,
      "claude-opus-4-7": 0.460367260481723,
      "claude-sonnet-4-5": -0.676092398770203,
      "gemini-3-flash-preview": -0.29474612518470716,
      "gemini-3.1-flash-lite-preview": -0.6129833549082461,
      "gemini-3.1-pro-preview": -1.9237193177708787,
      "gpt-4.1": -1.3238092842334679,
      "gpt-5.4-mini": -0.35991457812251915,
      "gpt-5.5": 0.5413673817993118
    },
    "5": {
      "claude-haiku-4-5": -1.2188033570105945,
      "claude-opus-4-7": 0.460367260481723,
      "claude-sonnet-4-5": -0.15087980692743758,
      "gemini-3-flash-preview": -1.1123156189246048,
      "gemini-3.1-flash-lite-preview": -1.2497806193450296,
      "gemini-3.1-pro-preview": -1.0440059843001028,
      "gpt-4.1": 0.8244628489759361,
      "gpt-5.4-mini": 0.07153251762442701,
      "gpt-5.5": 0.5520971070946483
    },
    "6": {
      "claude-haiku-4-5": -1.2193087619821754,
      "claude-opus-4-7": -0.2630881429719938,
      "claude-sonnet-4-5": -0.0843457700923407,
      "gemini-3-flash-preview": -1.1123156189246048,
      "gemini-3.1-flash-lite-preview": -1.2509460494450864,
      "gemini-3.1-pro-preview": 1.3468682999224537,
      "gpt-4.1": -0.9869400055209532,
      "gpt-5.4-mini": 2.8027655731806758,
      "gpt-5.5": -0.11373504805211575
    },
    "7": {
      "claude-haiku-4-5": -0.31381188840833507,
      "claude-opus-4-7": 0.44810029782915944,
      "claude-sonnet-4-5": -0.3388812127249739,
      "gemini-3-flash-preview": -0.3733538815477779,
      "gemini-3.1-flash-lite-preview": -0.5292215673854319,
      "gemini-3.1-pro-preview": 0.4155756941720158,
      "gpt-4.1": 0.2575343652489826,
      "gpt-5.4-mini": -0.7970394032861924,
      "gpt-5.5": 0.5538768075934186
    },
    "8": {
      "claude-haiku-4-5": -0.8614788442736019,
      "claude-opus-4-7": -0.039152836660904654,
      "claude-sonnet-4-5": 0.6470040931649024,
      "gemini-3-flash-preview": 0.9208930835978166,
      "gemini-3.1-flash-lite-preview": 1.0337308082623349,
      "gemini-3.1-pro-preview": 1.3468682999224537,
      "gpt-4.1": -1.3238092842334679,
      "gpt-5.4-mini": -0.2974244882616081,
      "gpt-5.5": -1.174126312675576
    },
    "9": {
      "claude-haiku-4-5": 1.540097108434199,
      "claude-opus-4-7": 0.460367260481723,
      "claude-sonnet-4-5": -0.9571877630145261,
      "gemini-3-flash-preview": 1.571740228891653,
      "gemini-3.1-flash-lite-preview": 0.8086812691360215,
      "gemini-3.1-pro-preview": -0.39000120862803295,
      "gpt-4.1": 1.5198821898091972,
      "gpt-5.4-mini": 0.12279263013947933,
      "gpt-5.5": 0.5535403585500845
    }
  }
}