{
  "meta": {
    "alpha": 0.55,
    "cost_per_1k_input_usd": {
      "claude-haiku-4-5": 0.0208,
      "claude-opus-4-7": 0.39,
      "claude-sonnet-4-5": 0.078,
      "deepseek/deepseek-v4-flash": 0.0015399999999999997,
      "deepseek/deepseek-v4-pro": 0.004784999999999999,
      "gemini-2.5-flash": 0.006299999999999999,
      "gemini-3-flash-preview": 0.0105,
      "gemini-3.1-flash-lite-preview": 0.0021,
      "gemini-3.1-pro-preview": 0.042,
      "gpt-4.1": 0.042,
      "gpt-5.4-mini": 0.0084,
      "gpt-5.5": 0.20500000000000002,
      "mistralai/mistral-small-2603": 0.0031499999999999996,
      "moonshotai/kimi-k2.5": 0.01044,
      "qwen/qwen3-235b-a22b-2507": 0.0023859999999999997,
      "qwen/qwen3-30b-a3b-instruct-2507": 0.00173,
      "qwen/qwen3-coder": 0.009219999999999999,
      "qwen/qwen3-coder-next": 0.0015699999999999998,
      "qwen/qwen3-next-80b-a3b-instruct": 0.00559,
      "qwen/qwen3.5-flash-02-23": 0.001365
    },
    "embedder_model": "jina-v2-base-code-int8",
    "exclude_prompts": null,
    "include_routerarena_labels": "/Users/steventohme/Desktop/workweave4/router-internal/eval/results/_unsorted/routerarena_plus_shortprompts.jsonl",
    "k": 16,
    "n_excluded_prompts": 0,
    "n_prompts": 8416,
    "output_cost_ratio": 5.0,
    "per_model_zscore": false,
    "router_version": "weave-router-v0.1-bootstrap",
    "routerarena_only": true,
    "score_normalization": "per_prompt_minmax_across_bench_columns",
    "seed": 42,
    "shrinkage_k0": 10.0,
    "top_p": 4,
    "training_data_mix": {
      "d1": 1.0,
      "d2": 0.0,
      "d3": 0.0
    }
  },
  "rankings": {
    "0": {
      "claude-haiku-4-5": 0.5426661596709431,
      "claude-opus-4-7": 0.4036559026856624,
      "claude-sonnet-4-5": 0.7166326389836384,
      "deepseek/deepseek-v4-flash": 0.6612787322087759,
      "deepseek/deepseek-v4-pro": 0.9349655854636121,
      "gemini-2.5-flash": 0.6296035932730777,
      "gemini-3-flash-preview": 0.895245873118502,
      "gemini-3.1-flash-lite-preview": 0.7193254820266795,
      "gemini-3.1-pro-preview": 0.9529487822764291,
      "gpt-4.1": 0.5716150420497592,
      "gpt-5.4-mini": 0.5185343326044989,
      "gpt-5.5": 0.48954894788590797,
      "mistralai/mistral-small-2603": 0.4479331506426338,
      "moonshotai/kimi-k2.5": 0.8710678148573947,
      "qwen/qwen3-235b-a22b-2507": 0.6245288184134836,
      "qwen/qwen3-30b-a3b-instruct-2507": 0.4501322032589482,
      "qwen/qwen3-coder": 0.48241551053064624,
      "qwen/qwen3-coder-next": 0.4753661616334615,
      "qwen/qwen3-next-80b-a3b-instruct": 0.5310647390414883,
      "qwen/qwen3.5-flash-02-23": 0.5741790086838318
    },
    "1": {
      "claude-haiku-4-5": 0.6422937171354445,
      "claude-opus-4-7": 0.4824855827990108,
      "claude-sonnet-4-5": 0.8224565835616942,
      "deepseek/deepseek-v4-flash": 0.8040327879511684,
      "deepseek/deepseek-v4-pro": 0.9133562163891673,
      "gemini-2.5-flash": 0.6217394468969732,
      "gemini-3-flash-preview": 0.789889366017369,
      "gemini-3.1-flash-lite-preview": 0.839588004057051,
      "gemini-3.1-pro-preview": 0.9110054757608748,
      "gpt-4.1": 0.6989127720197034,
      "gpt-5.4-mini": 0.5932620539886388,
      "gpt-5.5": 0.7642112779343085,
      "mistralai/mistral-small-2603": 0.4479331506426338,
      "moonshotai/kimi-k2.5": 0.889315837351212,
      "qwen/qwen3-235b-a22b-2507": 0.6970003773071541,
      "qwen/qwen3-30b-a3b-instruct-2507": 0.4798109401443426,
      "qwen/qwen3-coder": 0.6390781869552583,
      "qwen/qwen3-coder-next": 0.5824468974814361,
      "qwen/qwen3-next-80b-a3b-instruct": 0.6299162307023257,
      "qwen/qwen3.5-flash-02-23": 0.7427139149384586
    },
    "10": {
      "claude-haiku-4-5": 0.6100989506104134,
      "claude-opus-4-7": 0.4738733885390762,
      "claude-sonnet-4-5": 0.7359706912675031,
      "deepseek/deepseek-v4-flash": 0.8112074207826914,
      "deepseek/deepseek-v4-pro": 0.9488631075951341,
      "gemini-2.5-flash": 0.5648767253197676,
      "gemini-3-flash-preview": 0.554054802534397,
      "gemini-3.1-flash-lite-preview": 0.7396373981865477,
      "gemini-3.1-pro-preview": 0.8507366050802689,
      "gpt-4.1": 0.6031988182438638,
      "gpt-5.4-mini": 0.5457543857418367,
      "gpt-5.5": 0.7642112779343085,
      "mistralai/mistral-small-2603": 0.4479331506426338,
      "moonshotai/kimi-k2.5": 0.9175342278935199,
      "qwen/qwen3-235b-a22b-2507": 0.6637727000777001,
      "qwen/qwen3-30b-a3b-instruct-2507": 0.6166181232788157,
      "qwen/qwen3-coder": 0.6481340436123385,
      "qwen/qwen3-coder-next": 0.6602214006047934,
      "qwen/qwen3-next-80b-a3b-instruct": 0.6556352548620946,
      "qwen/qwen3.5-flash-02-23": 0.9181855207648766
    },
    "11": {
      "claude-haiku-4-5": 0.5828965864334248,
      "claude-opus-4-7": 0.42836774856581544,
      "claude-sonnet-4-5": 0.6642007979299163,
      "deepseek/deepseek-v4-flash": 0.7845751200578983,
      "deepseek/deepseek-v4-pro": 0.9233092370200819,
      "gemini-2.5-flash": 0.4442857694237523,
      "gemini-3-flash-preview": 0.6935662647669167,
      "gemini-3.1-flash-lite-preview": 0.802004293723866,
      "gemini-3.1-pro-preview": 0.9529487822764291,
      "gpt-4.1": 0.5308045442910809,
      "gpt-5.4-mini": 0.6775048447442923,
      "gpt-5.5": 0.5330178205084126,
      "mistralai/mistral-small-2603": 0.4490032218644738,
      "moonshotai/kimi-k2.5": 0.7892301998910392,
      "qwen/qwen3-235b-a22b-2507": 0.7516523702666238,
      "qwen/qwen3-30b-a3b-instruct-2507": 0.6335364412763316,
      "qwen/qwen3-coder": 0.7048639252886739,
      "qwen/qwen3-coder-next": 0.756146678068635,
      "qwen/qwen3-next-80b-a3b-instruct": 0.8110047313060406,
      "qwen/qwen3.5-flash-02-23": 0.7123303691883562
    },
    "12": {
      "claude-haiku-4-5": 0.6593783902669582,
      "claude-opus-4-7": 0.55,
      "claude-sonnet-4-5": 0.7582795534085515,
      "deepseek/deepseek-v4-flash": 0.7774475450795941,
      "deepseek/deepseek-v4-pro": 0.7883914923571946,
      "gemini-2.5-flash": 0.5406772890488616,
      "gemini-3-flash-preview": 0.501794880024496,
      "gemini-3.1-flash-lite-preview": 0.825185077480464,
      "gemini-3.1-pro-preview": 0.9056046282061807,
      "gpt-4.1": 0.7046764912724507,
      "gpt-5.4-mini": 0.6234835577987905,
      "gpt-5.5": 0.6963772807714734,
      "mistralai/mistral-small-2603": 0.4479331506426338,
      "moonshotai/kimi-k2.5": 0.8685781496089567,
      "qwen/qwen3-235b-a22b-2507": 0.6665835752828,
      "qwen/qwen3-30b-a3b-instruct-2507": 0.5842187977833659,
      "qwen/qwen3-coder": 0.626107574556571,
      "qwen/qwen3-coder-next": 0.5631948836520047,
      "qwen/qwen3-next-80b-a3b-instruct": 0.6126478972188485,
      "qwen/qwen3.5-flash-02-23": 0.7793396901460197
    },
    "13": {
      "claude-haiku-4-5": 0.7866232735241836,
      "claude-opus-4-7": 0.55,
      "claude-sonnet-4-5": 0.8126999925335412,
      "deepseek/deepseek-v4-flash": 0.8863237180635974,
      "deepseek/deepseek-v4-pro": 0.9549594784823328,
      "gemini-2.5-flash": 0.5374694372729518,
      "gemini-3-flash-preview": 0.4394225944652437,
      "gemini-3.1-flash-lite-preview": 0.8397677928375874,
      "gemini-3.1-pro-preview": 0.857261738130427,
      "gpt-4.1": 0.6927598783318776,
      "gpt-5.4-mini": 0.7737312320891334,
      "gpt-5.5": 0.7431506322227074,
      "mistralai/mistral-small-2603": 0.7308795290447385,
      "moonshotai/kimi-k2.5": 0.901748340915413,
      "qwen/qwen3-235b-a22b-2507": 0.8207369142386196,
      "qwen/qwen3-30b-a3b-instruct-2507": 0.7874826492128564,
      "qwen/qwen3-coder": 0.7788787643069888,
      "qwen/qwen3-coder-next": 0.8290246233045633,
      "qwen/qwen3-next-80b-a3b-instruct": 0.7695194978686162,
      "qwen/qwen3.5-flash-02-23": 0.9806353570741714
    },
    "14": {
      "claude-haiku-4-5": 0.7249348452188862,
      "claude-opus-4-7": 0.5082590789134904,
      "claude-sonnet-4-5": 0.8150623314223686,
      "deepseek/deepseek-v4-flash": 0.8868932168833332,