{
  "meta": {
    "aa_evidence_scale": 1.0,
    "aa_label_residuals": {
      "fraction_under_threshold": 0.45517241379310347,
      "max": 0.20473181382365496,
      "mean": 0.05447649362479872,
      "median": 0.05395521721297236,
      "n_cells": 145,
      "p90": 0.10738486668043908
    },
    "aa_label_tier_weights": {
      "GPQA_DIAMOND": 0.3,
      "IFBENCH": 0.3,
      "LIVECODEBENCH": 1.0,
      "MATH_500": 0.3,
      "MMLU_PRO": 0.3,
      "SCICODE": 1.0,
      "SWE_BENCH_VERIFIED": 1.0,
      "TAU2_BENCH_TELECOM": 0.3,
      "TERMINAL_BENCH_HARD": 1.0
    },
    "alpha": 0.53,
    "cost_per_1k_input_usd": {
      "claude-haiku-4-5": 0.0012629145417960715,
      "claude-opus-4-7": 0.021196793977061743,
      "claude-sonnet-4-6": 0.004636208359276976,
      "deepseek/deepseek-v4-flash": 0.00025885157289019393,
      "deepseek/deepseek-v4-pro": 0.0034426301116815055,
      "gemini-3.1-flash-lite-preview": 0.0001256025665865941,
      "gemini-3.1-pro-preview": 0.0024464087413931376,
      "gpt-5.4-mini": 0.0004560425331529976,
      "gpt-5.5": 0.015,
      "minimax/minimax-m2.7": 0.0010843745591148247,
      "moonshotai/kimi-k2.6": 0.004128634602518305,
      "qwen/qwen3-235b-a22b-2507": 0.00014723499994983706,
      "qwen/qwen3-coder-next": 0.0007326585164437237,
      "qwen/qwen3-next-80b-a3b-instruct": 0.00034418436007456715,
      "qwen/qwen3.6-35b-a3b": 0.0012664207232805558,
      "xiaomi/mimo-v2.5": 0.0016320084361516752,
      "xiaomi/mimo-v2.5-pro": 0.0025440887526547167,
      "z-ai/glm-5": 0.00237608277636799
    },
    "embedder_model": "jina-v2-base-code-int8",
    "exclude_prompts": null,
    "expected_output_tokens": 2000,
    "include_aa_labels": "aa_quality_priors.json",
    "include_routerarena_labels": "routerarena_labels_combined.jsonl",
    "k": 16,
    "n_excluded_prompts": 0,
    "n_prompts": 8013,
    "output_cost_ratio": 0.25,
    "per_model_verbosity": true,
    "per_model_zscore": false,
    "router_version": "weave-router-v0.1-bootstrap",
    "routerarena_only": true,
    "score_normalization": "per_prompt_minmax_across_bench_columns",
    "seed": 42,
    "shrinkage_k0": 10.0,
    "speed_weight": 0.15,
    "top_p": 4,
    "training_data_mix": {
      "d1": 1.0,
      "d2": 0.0,
      "d3": 0.0
    }
  },
  "rankings": {
    "0": {
      "claude-haiku-4-5": 0.5490474043223807,
      "claude-opus-4-7": 0.4642329524071093,
      "claude-sonnet-4-6": 0.742781345195808,
      "deepseek/deepseek-v4-flash": 0.7448221318476078,
      "deepseek/deepseek-v4-pro": 0.7716839475144738,
      "gemini-3.1-flash-lite-preview": 0.8228980223848067,
      "gemini-3.1-pro-preview": 0.8526638825243825,
      "gpt-5.4-mini": 0.4548750849080756,
      "gpt-5.5": 0.6241083033242231,
      "minimax/minimax-m2.7": 0.5568649771121927,
      "moonshotai/kimi-k2.6": 0.8769712747628117,
      "qwen/qwen3-235b-a22b-2507": 0.607761773156114,
      "qwen/qwen3-coder-next": 0.48155108580529515,
      "qwen/qwen3-next-80b-a3b-instruct": 0.5492211086403553,
      "qwen/qwen3.6-35b-a3b": 0.6159688633116148,
      "xiaomi/mimo-v2.5": 0.741537164293625,
      "xiaomi/mimo-v2.5-pro": 0.7580676645158493,
      "z-ai/glm-5": 0.788351132357339
    },
    "1": {
      "claude-haiku-4-5": 0.5252837647237981,
      "claude-opus-4-7": 0.4147872035984791,
      "claude-sonnet-4-6": 0.588929961014599,
      "deepseek/deepseek-v4-flash": 0.6351388397580962,
      "deepseek/deepseek-v4-pro": 0.7592797321066744,
      "gemini-3.1-flash-lite-preview": 0.717214703882653,
      "gemini-3.1-pro-preview": 0.9079710745126756,
      "gpt-5.4-mini": 0.5042322971063857,
      "gpt-5.5": 0.34362133931103506,
      "minimax/minimax-m2.7": 0.5703473974545008,
      "moonshotai/kimi-k2.6": 0.8425627374054557,
      "qwen/qwen3-235b-a22b-2507": 0.5779499655465933,
      "qwen/qwen3-coder-next": 0.43436791953328147,
      "qwen/qwen3-next-80b-a3b-instruct": 0.5229626787973232,
      "qwen/qwen3.6-35b-a3b": 0.5968091240665829,
      "xiaomi/mimo-v2.5": 0.5639449328830473,
      "xiaomi/mimo-v2.5-pro": 0.552136537965018,
      "z-ai/glm-5": 0.7780052440362344
    },
    "10": {
      "claude-haiku-4-5": 0.6169622134853683,
      "claude-opus-4-7": 0.4797243763980179,
      "claude-sonnet-4-6": 0.7098411732309422,
      "deepseek/deepseek-v4-flash": 0.8371944288101658,
      "deepseek/deepseek-v4-pro": 0.7009020224686665,
      "gemini-3.1-flash-lite-preview": 0.8417692481510961,
      "gemini-3.1-pro-preview": 0.873160693009632,
      "gpt-5.4-mini": 0.5834311192056951,
      "gpt-5.5": 0.5065429792145246,
      "minimax/minimax-m2.7": 0.6679782733984836,
      "moonshotai/kimi-k2.6": 0.8909715640238319,
      "qwen/qwen3-235b-a22b-2507": 0.7588131216561356,
      "qwen/qwen3-coder-next": 0.7284732789583325,
      "qwen/qwen3-next-80b-a3b-instruct": 0.4619723462113252,
      "qwen/qwen3.6-35b-a3b": 0.9813402256846171,
      "xiaomi/mimo-v2.5": 0.8091926413266679,
      "xiaomi/mimo-v2.5-pro": 0.802212218610972,
      "z-ai/glm-5": 0.758048209459138
    },
    "11": {
      "claude-haiku-4-5": 0.6612938043327399,
      "claude-opus-4-7": 0.5537048461123284,
      "claude-sonnet-4-6": 0.7991691889334603,
      "deepseek/deepseek-v4-flash": 0.926381925887811,
      "deepseek/deepseek-v4-pro": 0.731769458210212,
      "gemini-3.1-flash-lite-preview": 0.903002054848685,
      "gemini-3.1-pro-preview": 0.7762030518892964,
      "gpt-5.4-mini": 0.8280053078063208,
      "gpt-5.5": 0.6241083033242231,
      "minimax/minimax-m2.7": 0.5954825604405188,
      "moonshotai/kimi-k2.6": 0.7202068811889236,
      "qwen/qwen3-235b-a22b-2507": 0.6539004411952797,
      "qwen/qwen3-coder-next": 0.43436791953328147,
      "qwen/qwen3-next-80b-a3b-instruct": 0.4699369020723787,
      "qwen/qwen3.6-35b-a3b": 0.5944399839483082,
      "xiaomi/mimo-v2.5": 0.6785983845704606,
      "xiaomi/mimo-v2.5-pro": 0.6580301896337071,
      "z-ai/glm-5": 0.7508484461515901
    },
    "12": {
      "claude-haiku-4-5": 0.5702824516831131,
      "claude-opus-4-7": 0.5626723707236023,
      "claude-sonnet-4-6": 0.5103376799286733,
      "deepseek/deepseek-v4-flash": 0.7260896459860038,
      "deepseek/deepseek-v4-pro": 0.7331933408698312,
      "gemini-3.1-flash-lite-preview": 0.6105213513152523,
      "gemini-3.1-pro-preview": 0.6132980967578575,
      "gpt-5.4-mini": 0.4548750849080756,
      "gpt-5.5": 0.3145847210974918,
      "minimax/minimax-m2.7": 0.48301281879241376,
      "moonshotai/kimi-k2.6": 0.6760855684009149,
      "qwen/qwen3-235b-a22b-2507": 0.5315354177061459,
      "qwen/qwen3-coder-next": 0.45927263763819504,
      "qwen/qwen3-next-80b-a3b-instruct": 0.5244597863565487,
      "qwen/qwen3.6-35b-a3b": 0.8741468452544139,
      "xiaomi/mimo-v2.5": 0.6785229692320558,
      "xiaomi/mimo-v2.5-pro": 0.6652999597609273,
      "z-ai/glm-5": 0.6607250138693935
    },
    "13": {
      "claude-haiku-4-5": 0.6293462932279544,
      "claude-opus-4-7": 0.5626723707236023,
      "claude-sonnet-4-6": 0.8579147996761483,
      "deepseek/deepseek-v4-flash": 0.8571481568005359,
      "deepseek/deepseek-v4-pro": 0.7978508925560186,
      "gemini-3.1-flash-lite-preview": 0.7443966142318691,
      "gemini-3.1-pro-preview": 0.8016975182909197,
      "gpt-5.4-mini": 0.5220878976511184,
      "gpt-5.5": 0.5696176184617554,
      "minimax/minimax-m2.7": 0.7218302508322744,
      "moonshotai/kimi-k2.6": 0.7809954190053258,
      "qwen/qwen3-235b-a22b-2507": 0.7463786496865348,
      "qwen/qwen3-coder-next": 0.45061816697724666,
      "qwen/qwen3-next-80b-a3b-instruct": 0.4619723462113252,
      "qwen/qwen3.6-35b-a3b": 0.8423600081542076,
      "xiaomi/mimo-v2.5": 0.8456513042913765,
      "xiaomi/mimo-v2.5-pro": 0.7190899958241521,
      "z-ai/glm-5": 0.7717639312840178
    },
    "14": {
      "claude-haiku-4-5": 0.611165326377257,
      "claude-opus-4-7": 0.4808161203897968,
      "claude-sonnet-4-6": 0.7505084721114971,
      "deepseek/deepseek-v4-flash": 0.829701238718622,