{
  "meta": {
    "alpha_strategy": "per-cluster",
    "cost_per_1k_input_usd": {
      "claude-haiku-4-5": 0.8,
      "claude-opus-4-7": 15.0,
      "claude-sonnet-4-5": 3.0,
      "gemini-3-flash-preview": 0.5,
      "gemini-3.1-flash-lite-preview": 0.1,
      "gemini-3.1-pro-preview": 2.0,
      "gpt-4.1": 2.0,
      "gpt-5.5": 5.0
    },
    "embedder_model": "jina-v2-base-code-int8",
    "k": 10,
    "lambda_cost": 0.0,
    "n_train_prompts": 12331,
    "parent_version": "v0.5",
    "per_cluster_alphas": {
      "0": 0.15000000000000002,
      "1": 0.55,
      "2": 0.2,
      "3": 0.2,
      "4": 0.15000000000000002,
      "5": 0.45,
      "6": 0.45,
      "7": 0.5,
      "8": 1.0,
      "9": 0.30000000000000004
    },
    "router_version": "weave-router-v0.1-phase4",
    "score_normalization": "per_prompt_minmax_across_bench_columns",
    "seed": 42,
    "shrinkage_k0": 10.0,
    "top_p": 4,
    "training_data_mix": {
      "d1": 1.0,
      "d2": 0.0,
      "d3": 0.0
    }
  },
  "rankings": {
    "0": {
      "claude-haiku-4-5": 0.8170904990468468,
      "claude-opus-4-7": 0.11656703153178583,
      "claude-sonnet-4-5": 0.6991309879761698,
      "gemini-3-flash-preview": 0.8342045930065785,
      "gemini-3.1-flash-lite-preview": 0.8570233849528872,
      "gemini-3.1-pro-preview": 0.8916107382550337,
      "gpt-4.1": 0.7416107382550337,
      "gpt-5.5": 0.6931553522734916
    },
    "1": {
      "claude-haiku-4-5": 0.5181573802702713,
      "claude-opus-4-7": 0.54961148533631,
      "claude-sonnet-4-5": 0.36241610738255026,
      "gemini-3-flash-preview": 0.527217782954835,
      "gemini-3.1-flash-lite-preview": 0.5392983198675867,
      "gemini-3.1-pro-preview": 0.8372517382054652,
      "gpt-4.1": 0.5205180225483936,
      "gpt-5.5": 0.8520134228187919
    },
    "2": {
      "claude-haiku-4-5": 0.8345654074664549,
      "claude-opus-4-7": 0.16713587088844026,
      "claude-sonnet-4-5": 0.6442953020134228,
      "gemini-3-flash-preview": 0.8506727900167905,
      "gemini-3.1-flash-lite-preview": 0.8721493000839046,
      "gemini-3.1-pro-preview": 0.8979865771812081,
      "gpt-4.1": 0.8064012800974629,
      "gpt-5.5": 0.7046141374577197
    },
    "3": {
      "claude-haiku-4-5": 0.8374612461488388,
      "claude-opus-4-7": 0.1693515626104648,
      "claude-sonnet-4-5": 0.6442953020134228,
      "gemini-3-flash-preview": 0.8535686286991744,
      "gemini-3.1-flash-lite-preview": 0.8750451387662884,
      "gemini-3.1-pro-preview": 0.8979865771812081,
      "gpt-4.1": 0.7942332746254696,
      "gpt-5.5": 0.7068127669172424
    },
    "4": {
      "claude-haiku-4-5": 0.8217565804692436,
      "claude-opus-4-7": 0.0,
      "claude-sonnet-4-5": 0.8150108437567843,
      "gemini-3-flash-preview": 0.8388706744289752,
      "gemini-3.1-flash-lite-preview": 0.8616894663752839,
      "gemini-3.1-pro-preview": 0.8916107382550337,
      "gpt-4.1": 0.7864792487451588,
      "gpt-5.5": 0.5704901980384881
    },
    "5": {
      "claude-haiku-4-5": 0.5241610738255034,
      "claude-opus-4-7": 0.44833891040568075,
      "claude-sonnet-4-5": 0.5782928849181385,
      "gemini-3-flash-preview": 0.5352348993288591,
      "gemini-3.1-flash-lite-preview": 0.55,
      "gemini-3.1-pro-preview": 0.8018469842378437,
      "gpt-4.1": 0.5895338941329176,
      "gpt-5.5": 0.8191275167785235
    },
    "6": {
      "claude-haiku-4-5": 0.5920507319474032,
      "claude-opus-4-7": 0.448408617088237,
      "claude-sonnet-4-5": 0.4825238754651407,
      "gemini-3-flash-preview": 0.603124557450759,
      "gemini-3.1-flash-lite-preview": 0.6178896581218999,
      "gemini-3.1-pro-preview": 0.803809457039492,
      "gpt-4.1": 0.4798657718120806,
      "gpt-5.5": 0.8191275167785235
    },
    "7": {
      "claude-haiku-4-5": 0.47651006711409394,
      "claude-opus-4-7": 0.49932348016547073,
      "claude-sonnet-4-5": 0.5110352468095082,
      "gemini-3-flash-preview": 0.4865771812080537,
      "gemini-3.1-flash-lite-preview": 0.5,
      "gemini-3.1-pro-preview": 0.8279378783154436,
      "gpt-4.1": 0.6450552827379523,
      "gpt-5.5": 0.8355704697986577
    },
    "8": {
      "claude-haiku-4-5": 0.14257052629450248,
      "claude-opus-4-7": 1.0,
      "claude-sonnet-4-5": 0.0,
      "gemini-3-flash-preview": 0.14257052629450248,
      "gemini-3.1-flash-lite-preview": 0.14257052629450248,
      "gemini-3.1-pro-preview": 0.8825238675042487,
      "gpt-4.1": 0.20411602572468496,
      "gpt-5.5": 0.9996662163384553
    },
    "9": {
      "claude-haiku-4-5": 0.6671140939597314,
      "claude-opus-4-7": 0.29234845530517833,
      "claude-sonnet-4-5": 0.6502095092324595,
      "gemini-3-flash-preview": 0.6812080536912751,
      "gemini-3.1-flash-lite-preview": 0.7,
      "gemini-3.1-pro-preview": 0.7579767397565443,
      "gpt-4.1": 0.7305592617854971,
      "gpt-5.5": 0.7697986577181208
    }
  }
}