{
  "meta": {
    "aa_evidence_scale": 3.0,
    "aa_label_residuals": {
      "fraction_under_threshold": 0.5708502024291497,
      "max": 0.2429133312756644,
      "mean": 0.059625521958409304,
      "median": 0.038888469407191734,
      "n_cells": 247,
      "p90": 0.14313290790179495
    },
    "aa_label_tier_weights": {
      "GPQA_DIAMOND": 0.3,
      "IFBENCH": 0.3,
      "LIVECODEBENCH": 1.0,
      "MATH_500": 0.3,
      "MMLU_PRO": 0.3,
      "SCICODE": 1.0,
      "SWE_BENCH_VERIFIED": 1.0,
      "TAU2_BENCH_TELECOM": 0.3,
      "TERMINAL_BENCH_HARD": 1.0
    },
    "alpha": 0.8,
    "cost_per_1k_input_usd": {
      "claude-haiku-4-5": 0.0018,
      "claude-opus-4-7": 0.008819595476294042,
      "claude-opus-4-8": 0.008580361026533275,
      "claude-sonnet-4-6": 0.005257503262287952,
      "deepseek/deepseek-v4-flash": 0.00020999999999999998,
      "deepseek/deepseek-v4-pro": 0.00261,
      "gemini-3.1-flash-lite-preview": 0.0028746411483253588,
      "gemini-3.1-pro-preview": 0.005304045237059591,
      "gemini-3.5-flash": 0.00375,
      "gpt-5.4-mini": 0.0006247933884297521,
      "gpt-5.5": 0.014956502827316226,
      "moonshotai/kimi-k2.6": 0.005073096998695086,
      "qwen/qwen3-coder-next": 0.0007999999999999999,
      "qwen/qwen3-next-80b-a3b-instruct": 0.00045,
      "xiaomi/mimo-v2.5-pro": 0.00175
    },
    "embedder_model": "jina-v2-base-code-int8",
    "exclude_prompts": null,
    "expected_output_tokens": 2000,
    "include_aa_labels": "aa_quality_priors_v0.56.json",
    "include_routerarena_labels": "v064_inputs.jsonl",
    "k": 16,
    "measured_speed_source": "router-internal/eval/measured_speed_tier1_20260530.json",
    "measured_verbosity_source": "router-internal/eval/measured_verbosity_tier1_20260530.json",
    "n_excluded_prompts": 0,
    "n_prompts": 8593,
    "output_cost_ratio": 0.25,
    "per_model_verbosity": true,
    "per_model_zscore": false,
    "router_version": "weave-router-v0.1-bootstrap",
    "routerarena_only": true,
    "score_normalization": "per_prompt_minmax_across_bench_columns",
    "seed": 42,
    "shrinkage_k0": 10.0,
    "speed_weight": 0.08,
    "top_p": 4,
    "training_data_mix": {
      "d1": 1.0,
      "d2": 0.0,
      "d3": 0.0
    }
  },
  "quality_means": {
    "0": {
      "claude-haiku-4-5": 0.36093919834862587,
      "claude-opus-4-7": 0.39320140263325626,
      "claude-opus-4-8": 0.3526956738996228,
      "claude-sonnet-4-6": 0.427305945716203,
      "deepseek/deepseek-v4-flash": 0.720313494661407,
      "deepseek/deepseek-v4-pro": 0.7398933010557387,
      "gemini-3.1-flash-lite-preview": 0.43977680177529005,
      "gemini-3.1-pro-preview": 0.34806717810929677,
      "gemini-3.5-flash": 0.7614367235169031,
      "gpt-5.4-mini": 0.36700658813596987,
      "gpt-5.5": 0.44507231198166913,
      "moonshotai/kimi-k2.6": 0.39570574051959545,
      "qwen/qwen3-coder-next": 0.5999418076939264,
      "qwen/qwen3-next-80b-a3b-instruct": 0.32464032658206854,
      "xiaomi/mimo-v2.5-pro": 0.7505964732904435
    },
    "1": {
      "claude-haiku-4-5": 0.4119886492075933,
      "claude-opus-4-7": 0.5398960792931733,
      "claude-opus-4-8": 0.6553375585038943,
      "claude-sonnet-4-6": 0.5126511650306822,
      "deepseek/deepseek-v4-flash": 0.5177268227555377,
      "deepseek/deepseek-v4-pro": 0.5231477849302659,
      "gemini-3.1-flash-lite-preview": 0.5062736398177636,
      "gemini-3.1-pro-preview": 0.584499231449398,
      "gemini-3.5-flash": 0.5310651253609471,
      "gpt-5.4-mini": 0.46292943918367224,
      "gpt-5.5": 0.5736749055092103,
      "moonshotai/kimi-k2.6": 0.5197766731601222,
      "qwen/qwen3-coder-next": 0.48397985027418605,
      "qwen/qwen3-next-80b-a3b-instruct": 0.3555852842940829,
      "xiaomi/mimo-v2.5-pro": 0.5302906389928845
    },
    "10": {
      "claude-haiku-4-5": 0.4146131389973004,
      "claude-opus-4-7": 0.5814845171047568,
      "claude-opus-4-8": 0.44699164952396153,
      "claude-sonnet-4-6": 0.3319459363522438,
      "deepseek/deepseek-v4-flash": 0.5156264718890499,
      "deepseek/deepseek-v4-pro": 0.6196920741878701,
      "gemini-3.1-flash-lite-preview": 0.5331597731848218,
      "gemini-3.1-pro-preview": 0.668702872678798,
      "gemini-3.5-flash": 0.5410218168013071,
      "gpt-5.4-mini": 0.448197551474878,
      "gpt-5.5": 0.5100934588560333,
      "moonshotai/kimi-k2.6": 0.5292191880758044,
      "qwen/qwen3-coder-next": 0.4780304065093666,
      "qwen/qwen3-next-80b-a3b-instruct": 0.491759877426744,
      "xiaomi/mimo-v2.5-pro": 0.510182520359003
    },
    "11": {
      "claude-haiku-4-5": 0.5250438496886176,
      "claude-opus-4-7": 0.6011431477039072,
      "claude-opus-4-8": 0.6052433017989404,
      "claude-sonnet-4-6": 0.5906408527639985,
      "deepseek/deepseek-v4-flash": 0.5654593936690776,
      "deepseek/deepseek-v4-pro": 0.5972412876614929,
      "gemini-3.1-flash-lite-preview": 0.574441368265185,
      "gemini-3.1-pro-preview": 0.6079119353900315,
      "gemini-3.5-flash": 0.608439388767809,
      "gpt-5.4-mini": 0.5075541263400414,
      "gpt-5.5": 0.6169556122497705,
      "moonshotai/kimi-k2.6": 0.5606163498393075,
      "qwen/qwen3-coder-next": 0.5025058136624189,
      "qwen/qwen3-next-80b-a3b-instruct": 0.5188111694545409,
      "xiaomi/mimo-v2.5-pro": 0.573912312473824
    },
    "12": {
      "claude-haiku-4-5": 0.5273100595235525,
      "claude-opus-4-7": 0.6312575805265277,
      "claude-opus-4-8": 0.6257895309348351,
      "claude-sonnet-4-6": 0.6218216062009995,
      "deepseek/deepseek-v4-flash": 0.5884272022565076,
      "deepseek/deepseek-v4-pro": 0.6283235057011476,
      "gemini-3.1-flash-lite-preview": 0.5584080784924599,
      "gemini-3.1-pro-preview": 0.5915175037820418,
      "gemini-3.5-flash": 0.6002604857426094,
      "gpt-5.4-mini": 0.4447954195446394,
      "gpt-5.5": 0.6449549217290245,
      "moonshotai/kimi-k2.6": 0.5041788206453761,
      "qwen/qwen3-coder-next": 0.5249115124582758,
      "qwen/qwen3-next-80b-a3b-instruct": 0.5210305938906182,
      "xiaomi/mimo-v2.5-pro": 0.58644012218118
    },
    "13": {
      "claude-haiku-4-5": 0.34945774707797544,
      "claude-opus-4-7": 0.8371929460752906,
      "claude-opus-4-8": 0.41220664530410434,
      "claude-sonnet-4-6": 0.7653236411162273,
      "deepseek/deepseek-v4-flash": 0.8796750455428622,
      "deepseek/deepseek-v4-pro": 0.8906410150454419,
      "gemini-3.1-flash-lite-preview": 0.3190488446911312,
      "gemini-3.1-pro-preview": 0.9498777817660005,
      "gemini-3.5-flash": 0.9506549774587209,
      "gpt-5.4-mini": 0.7602383359977982,
      "gpt-5.5": 0.8828801014234213,
      "moonshotai/kimi-k2.6": 0.8346937506693591,
      "qwen/qwen3-coder-next": 0.7496779005853135,
      "qwen/qwen3-next-80b-a3b-instruct": 0.17212681676270217,
      "xiaomi/mimo-v2.5-pro": 0.9425096421190219
    },
    "14": {
      "claude-haiku-4-5": 0.41179231047334497,
      "claude-opus-4-7": 0.5675642512236659,
      "claude-opus-4-8": 0.5556057567779134,
      "claude-sonnet-4-6": 0.46958479553023136,
      "deepseek/deepseek-v4-flash": 0.5048840084234298,
      "deepseek/deepseek-v4-pro": 0.5350658480815041,
      "gemini-3.1-flash-lite-preview": 0.4954582421917165,
      "gemini-3.1-pro-preview": 0.5978283294284933,
      "gemini-3.5-flash": 0.5649216481858833,
      "gpt-5.4-mini": 0.5160124201800572,
      "gpt-5.5": 0.5723622481940993,
      "moonshotai/kimi-k2.6": 0.5351295060657437,
      "qwen/qwen3-coder-next": 0.4199237928282338,
      "qwen/qwen3-next-80b-a3b-instruct": 0.3889836618382769,
      "xiaomi/mimo-v2.5-pro": 0.5291491752379837
    },
    "15": {
      "claude-haiku-4-5": 0.1779437333439509,
      "claude-opus-4-7": 0.5837849121216899,
      "claude-opus-4-8": 0.5776736957871839,
      "claude-sonnet-4-6": 0.47458673514789906,
      "deepseek/deepseek-v4-flash": 0.5165752168323658,
      "deepseek/deepseek-v4-pro": 0.5732627546523523,
      "gemini-3.1-flash-lite-preview": 0.45272290945326615,
      "gemini-3.1-pro-preview": 0.48796955106546264,