{
  "meta": {
    "aa_evidence_scale": 3.0,
    "aa_label_residuals": {
      "fraction_under_threshold": 0.5708502024291497,
      "max": 0.2429133312756644,
      "mean": 0.059625521958409304,
      "median": 0.038888469407191734,
      "n_cells": 247,
      "p90": 0.14313290790179495
    },
    "aa_label_tier_weights": {
      "GPQA_DIAMOND": 0.3,
      "IFBENCH": 0.3,
      "LIVECODEBENCH": 1.0,
      "MATH_500": 0.3,
      "MMLU_PRO": 0.3,
      "SCICODE": 1.0,
      "SWE_BENCH_VERIFIED": 1.0,
      "TAU2_BENCH_TELECOM": 0.3,
      "TERMINAL_BENCH_HARD": 1.0
    },
    "alpha": 0.8,
    "cost_per_1k_input_usd": {
      "claude-haiku-4-5": 0.0018,
      "claude-opus-4-7": 0.008819595476294042,
      "claude-opus-4-8": 0.008580361026533275,
      "claude-sonnet-4-6": 0.005257503262287952,
      "deepseek/deepseek-v4-flash": 0.00020999999999999998,
      "deepseek/deepseek-v4-pro": 0.00261,
      "gemini-3.1-flash-lite-preview": 0.0028746411483253588,
      "gemini-3.1-pro-preview": 0.005304045237059591,
      "gemini-3.5-flash": 0.00375,
      "gpt-5.4-mini": 0.0006247933884297521,
      "gpt-5.5": 0.014956502827316226,
      "moonshotai/kimi-k2.6": 0.005073096998695086,
      "qwen/qwen3-coder-next": 0.0007999999999999999,
      "qwen/qwen3-next-80b-a3b-instruct": 0.00045,
      "xiaomi/mimo-v2.5-pro": 0.00175
    },
    "embedder_model": "jina-v2-base-code-int8",
    "exclude_prompts": null,
    "expected_output_tokens": 2000,
    "include_aa_labels": "aa_quality_priors_v0.56.json",
    "include_routerarena_labels": "v064_inputs.jsonl",
    "k": 16,
    "measured_speed_source": "router-internal/eval/measured_speed_tier1_20260530.json",
    "measured_verbosity_source": "router-internal/eval/measured_verbosity_tier1_20260530.json",
    "n_excluded_prompts": 0,
    "n_prompts": 8593,
    "output_cost_ratio": 0.25,
    "per_model_verbosity": true,
    "per_model_zscore": false,
    "router_version": "weave-router-v0.1-bootstrap",
    "routerarena_only": true,
    "score_normalization": "per_prompt_minmax_across_bench_columns",
    "seed": 42,
    "shrinkage_k0": 10.0,
    "speed_weight": 0.08,
    "top_p": 4,
    "training_data_mix": {
      "d1": 1.0,
      "d2": 0.0,
      "d3": 0.0
    }
  },
  "rankings": {
    "0": {
      "claude-haiku-4-5": 0.2496120294330286,
      "claude-opus-4-7": 0.2499217770956951,
      "claude-opus-4-8": 0.18036726409612402,
      "claude-sonnet-4-6": 0.33881400577079024,
      "deepseek/deepseek-v4-flash": 0.8441598241242777,
      "deepseek/deepseek-v4-pro": 0.8472497530246572,
      "gemini-3.1-flash-lite-preview": 0.3233810660025085,
      "gemini-3.1-pro-preview": 0.1853572709942751,
      "gemini-3.5-flash": 0.9517847170995724,
      "gpt-5.4-mini": 0.272814957438635,
      "gpt-5.5": 0.2860464989704909,
      "moonshotai/kimi-k2.6": 0.23798722875342782,
      "qwen/qwen3-coder-next": 0.6834746413144972,
      "qwen/qwen3-next-80b-a3b-instruct": 0.19596726854215482,
      "xiaomi/mimo-v2.5-pro": 0.9411898899000378
    },
    "1": {
      "claude-haiku-4-5": 0.33486638876851127,
      "claude-opus-4-7": 0.6185250199581245,
      "claude-opus-4-8": 0.9299132802589881,
      "claude-sonnet-4-6": 0.5733714056698475,
      "deepseek/deepseek-v4-flash": 0.5653265830915489,
      "deepseek/deepseek-v4-pro": 0.5476725595306511,
      "gemini-3.1-flash-lite-preview": 0.5184904241195282,
      "gemini-3.1-pro-preview": 0.7541687289099459,
      "gemini-3.5-flash": 0.6345947669652239,
      "gpt-5.4-mini": 0.4831122570633208,
      "gpt-5.5": 0.6515178028499354,
      "moonshotai/kimi-k2.6": 0.54839064818188,
      "qwen/qwen3-coder-next": 0.5310483132203079,
      "qwen/qwen3-next-80b-a3b-instruct": 0.19596726854215482,
      "xiaomi/mimo-v2.5-pro": 0.6414277510929135
    },
    "10": {
      "claude-haiku-4-5": 0.38071737353197543,
      "claude-opus-4-7": 0.7194273945355478,
      "claude-opus-4-8": 0.40321595233261104,
      "claude-sonnet-4-6": 0.15418291103534498,
      "deepseek/deepseek-v4-flash": 0.568943416663013,
      "deepseek/deepseek-v4-pro": 0.7840398605510845,
      "gemini-3.1-flash-lite-preview": 0.5943264418103089,
      "gemini-3.1-pro-preview": 0.9432270497950461,
      "gemini-3.5-flash": 0.6629425963992859,
      "gpt-5.4-mini": 0.4727920229715271,
      "gpt-5.5": 0.49267221978208225,
      "moonshotai/kimi-k2.6": 0.5788275620289438,
      "qwen/qwen3-coder-next": 0.5354182081850313,
      "qwen/qwen3-next-80b-a3b-instruct": 0.5756213723424771,
      "xiaomi/mimo-v2.5-pro": 0.5985807313780827
    },
    "11": {
      "claude-haiku-4-5": 0.34187317839733056,
      "claude-opus-4-7": 0.8160948157457091,
      "claude-opus-4-8": 0.8480446489785869,
      "claude-sonnet-4-6": 0.7702436831078252,
      "deepseek/deepseek-v4-flash": 0.5726350886761632,
      "deepseek/deepseek-v4-pro": 0.7626675217735688,
      "gemini-3.1-flash-lite-preview": 0.6191496729819033,
      "gemini-3.1-pro-preview": 0.8800120719000066,
      "gemini-3.5-flash": 0.9067336992933342,
      "gpt-5.4-mini": 0.2319121345434677,
      "gpt-5.5": 0.8694648478488982,
      "moonshotai/kimi-k2.6": 0.5163756652973951,
      "qwen/qwen3-coder-next": 0.18837984454945217,
      "qwen/qwen3-next-80b-a3b-instruct": 0.3099411225349323,
      "xiaomi/mimo-v2.5-pro": 0.6742906584488932
    },
    "12": {
      "claude-haiku-4-5": 0.5141286567833875,
      "claude-opus-4-7": 0.8718776730376386,
      "claude-opus-4-8": 0.8533128067964418,
      "claude-sonnet-4-6": 0.8617233864039746,
      "deepseek/deepseek-v4-flash": 0.7066611196273875,
      "deepseek/deepseek-v4-pro": 0.8339972943186276,
      "gemini-3.1-flash-lite-preview": 0.570411213604171,
      "gemini-3.1-pro-preview": 0.7296477098634084,
      "gemini-3.5-flash": 0.7876265165781472,
      "gpt-5.4-mini": 0.19662460942811688,
      "gpt-5.5": 0.8694648478488982,
      "moonshotai/kimi-k2.6": 0.34752941486519184,
      "qwen/qwen3-coder-next": 0.5085888460280199,
      "qwen/qwen3-next-80b-a3b-instruct": 0.500664966184315,
      "xiaomi/mimo-v2.5-pro": 0.7412891027067102
    },
    "13": {
      "claude-haiku-4-5": 0.35957170186859466,
      "claude-opus-4-7": 0.7838423420366066,
      "claude-opus-4-8": 0.3671603890105722,
      "claude-sonnet-4-6": 0.740380561848084,
      "deepseek/deepseek-v4-flash": 0.8317916298161148,
      "deepseek/deepseek-v4-pro": 0.8105063414718088,
      "gemini-3.1-flash-lite-preview": 0.2615112023183582,
      "gemini-3.1-pro-preview": 0.9118012731974356,
      "gemini-3.5-flash": 0.9356040458418885,
      "gpt-5.4-mini": 0.7777969570165207,
      "gpt-5.5": 0.7718319015323264,
      "moonshotai/kimi-k2.6": 0.7649343524226587,
      "qwen/qwen3-coder-next": 0.7591163600898596,
      "qwen/qwen3-next-80b-a3b-instruct": 0.19596726854215482,
      "xiaomi/mimo-v2.5-pro": 0.9364548058639593
    },
    "14": {
      "claude-haiku-4-5": 0.2717038799758157,
      "claude-opus-4-7": 0.8106938551774435,
      "claude-opus-4-8": 0.7681755710312792,
      "claude-sonnet-4-6": 0.46293346568242133,
      "deepseek/deepseek-v4-flash": 0.5765594700271903,
      "deepseek/deepseek-v4-pro": 0.6600521000185402,
      "gemini-3.1-flash-lite-preview": 0.5241840502435143,
      "gemini-3.1-pro-preview": 0.9432270497950461,
      "gemini-3.5-flash": 0.8402095242220036,
      "gpt-5.4-mini": 0.6832207377660613,
      "gpt-5.5": 0.7719145238564766,
      "moonshotai/kimi-k2.6": 0.670011097560899,
      "qwen/qwen3-coder-next": 0.3068990534790895,
      "qwen/qwen3-next-80b-a3b-instruct": 0.19596726854215482,
      "xiaomi/mimo-v2.5-pro": 0.7120795430088598
    },
    "15": {
      "claude-haiku-4-5": 0.18433311241637013,
      "claude-opus-4-7": 0.9266233775503484,
      "claude-opus-4-8": 0.9178667622532775,
      "claude-sonnet-4-6": 0.7389298855978376,
      "deepseek/deepseek-v4-flash": 0.8001070921251455,
      "deepseek/deepseek-v4-pro": 0.8797285168124604,
      "gemini-3.1-flash-lite-preview": 0.6579714035534674,
      "gemini-3.1-pro-preview": 0.7543544246074456,