{
  "meta": {
    "aa_evidence_scale": 1.0,
    "aa_label_residuals": {
      "fraction_under_threshold": 0.9256756756756757,
      "max": 0.15017113022401213,
      "mean": 0.010535525396354224,
      "median": 1.2687844604120091e-05,
      "n_cells": 148,
      "p90": 0.03195779849024597
    },
    "aa_label_tier_weights": {
      "IFBENCH": 0.3,
      "LIVECODEBENCH": 1.0,
      "SCICODE": 1.0,
      "SWE_BENCH_VERIFIED": 1.0,
      "TAU2_BENCH_TELECOM": 0.3,
      "TERMINAL_BENCH_HARD": 1.0
    },
    "alpha": 0.53,
    "cost_per_1k_input_usd": {
      "claude-haiku-4-5": 0.0008,
      "claude-opus-4-7": 0.015,
      "claude-sonnet-4-6": 0.003,
      "deepseek/deepseek-v4-flash": 0.00014,
      "deepseek/deepseek-v4-pro": 0.00174,
      "gemini-3.1-flash-lite-preview": 0.0001,
      "gemini-3.1-pro-preview": 0.002,
      "gpt-5.4-mini": 0.0004,
      "gpt-5.5": 0.005,
      "moonshotai/kimi-k2.6": 0.00095,
      "qwen/qwen3-235b-a22b-2507": 7.1e-05,
      "qwen/qwen3-coder-next": 0.0005,
      "qwen/qwen3-next-80b-a3b-instruct": 0.00015
    },
    "embedder_model": "jina-v2-base-code-int8",
    "exclude_prompts": null,
    "expected_output_tokens": 2000,
    "include_aa_labels": "aa_quality_priors.json",
    "include_routerarena_labels": "routerarena_labels_full.jsonl",
    "k": 16,
    "n_excluded_prompts": 0,
    "n_prompts": 8013,
    "output_cost_ratio": 0.0,
    "per_model_verbosity": false,
    "per_model_zscore": false,
    "router_version": "weave-router-v0.1-bootstrap",
    "routerarena_only": true,
    "score_normalization": "per_prompt_minmax_across_bench_columns",
    "seed": 42,
    "shrinkage_k0": 10.0,
    "speed_weight": 0.2,
    "top_p": 4,
    "training_data_mix": {
      "d1": 1.0,
      "d2": 0.0,
      "d3": 0.0
    }
  },
  "rankings": {
    "0": {
      "claude-haiku-4-5": 0.5929320592699386,
      "claude-opus-4-7": 0.27496576155783375,
      "claude-sonnet-4-6": 0.32594480036944473,
      "deepseek/deepseek-v4-flash": 0.6537301593028529,
      "deepseek/deepseek-v4-pro": 0.5161376715287541,
      "gemini-3.1-flash-lite-preview": 0.6906847219689787,
      "gemini-3.1-pro-preview": 0.6045993702618443,
      "gpt-5.4-mini": 0.5929693164056613,
      "gpt-5.5": 0.43885791710966093,
      "moonshotai/kimi-k2.6": 0.9065806042678117,
      "qwen/qwen3-235b-a22b-2507": 0.5949506193610008,
      "qwen/qwen3-coder-next": 0.5760878828997387,
      "qwen/qwen3-next-80b-a3b-instruct": 0.6272147631104068
    },
    "1": {
      "claude-haiku-4-5": 0.5238835128662576,
      "claude-opus-4-7": 0.41947489045852343,
      "claude-sonnet-4-6": 0.4029740002458342,
      "deepseek/deepseek-v4-flash": 0.6251030555655038,
      "deepseek/deepseek-v4-pro": 0.7214226579924496,
      "gemini-3.1-flash-lite-preview": 0.7281189996821191,
      "gemini-3.1-pro-preview": 0.887844574160613,
      "gpt-5.4-mini": 0.5152434699568129,
      "gpt-5.5": 0.43875538167235806,
      "moonshotai/kimi-k2.6": 0.46676631548785097,
      "qwen/qwen3-235b-a22b-2507": 0.5594522265280172,
      "qwen/qwen3-coder-next": 0.42102727995148187,
      "qwen/qwen3-next-80b-a3b-instruct": 0.5220466689677745
    },
    "10": {
      "claude-haiku-4-5": 0.590110623898763,
      "claude-opus-4-7": 0.433224685808437,
      "claude-sonnet-4-6": 0.5536458327772219,
      "deepseek/deepseek-v4-flash": 0.7837436097859756,
      "deepseek/deepseek-v4-pro": 0.6229823733015856,
      "gemini-3.1-flash-lite-preview": 0.7924230719684695,
      "gemini-3.1-pro-preview": 0.7898677124879332,
      "gpt-5.4-mini": 0.5648779152285467,
      "gpt-5.5": 0.5409605943792953,
      "moonshotai/kimi-k2.6": 0.9065806042678117,
      "qwen/qwen3-235b-a22b-2507": 0.7009515518725811,
      "qwen/qwen3-coder-next": 0.677510017967733,
      "qwen/qwen3-next-80b-a3b-instruct": 0.4635004026038142
    },
    "11": {
      "claude-haiku-4-5": 0.6118437325387516,
      "claude-opus-4-7": 0.5721491179719032,
      "claude-sonnet-4-6": 0.4843855222450837,
      "deepseek/deepseek-v4-flash": 0.8920183820563894,
      "deepseek/deepseek-v4-pro": 0.6955032391633833,
      "gemini-3.1-flash-lite-preview": 0.8739701815056058,
      "gemini-3.1-pro-preview": 0.8151860882449744,
      "gpt-5.4-mini": 0.8266712509971943,
      "gpt-5.5": 0.710856051979369,
      "moonshotai/kimi-k2.6": 0.7073461113667386,
      "qwen/qwen3-235b-a22b-2507": 0.6248016853333862,
      "qwen/qwen3-coder-next": 0.42102727995148187,
      "qwen/qwen3-next-80b-a3b-instruct": 0.4655109311931394
    },
    "12": {
      "claude-haiku-4-5": 0.6746667580311483,
      "claude-opus-4-7": 0.5735959497508499,
      "claude-sonnet-4-6": 0.4495283752363018,
      "deepseek/deepseek-v4-flash": 0.7766662333389343,
      "deepseek/deepseek-v4-pro": 0.7130147625200866,
      "gemini-3.1-flash-lite-preview": 0.7057366670212963,
      "gemini-3.1-pro-preview": 0.6623472299361406,
      "gpt-5.4-mini": 0.5893852061950647,
      "gpt-5.5": 0.48081320542388956,
      "moonshotai/kimi-k2.6": 0.3765806042678117,
      "qwen/qwen3-235b-a22b-2507": 0.6253291308994371,
      "qwen/qwen3-coder-next": 0.5784808102117868,
      "qwen/qwen3-next-80b-a3b-instruct": 0.6439380091843516
    },
    "13": {
      "claude-haiku-4-5": 0.6301379208082644,
      "claude-opus-4-7": 0.372134732706706,
      "claude-sonnet-4-6": 0.32594480036944473,
      "deepseek/deepseek-v4-flash": 0.7625454180466738,
      "deepseek/deepseek-v4-pro": 0.6173616126083441,
      "gemini-3.1-flash-lite-preview": 0.7317601695224634,
      "gemini-3.1-pro-preview": 0.672566372997734,
      "gpt-5.4-mini": 0.6240137610928097,
      "gpt-5.5": 0.5115509972301255,
      "moonshotai/kimi-k2.6": 0.9065806042678117,
      "qwen/qwen3-235b-a22b-2507": 0.6837421695845718,
      "qwen/qwen3-coder-next": 0.5889981501463228,
      "qwen/qwen3-next-80b-a3b-instruct": 0.624520198088433
    },
    "14": {
      "claude-haiku-4-5": 0.5479992641440434,
      "claude-opus-4-7": 0.341977801890448,
      "claude-sonnet-4-6": 0.4629067140124952,
      "deepseek/deepseek-v4-flash": 0.7001129439157485,
      "deepseek/deepseek-v4-pro": 0.5995312464709384,
      "gemini-3.1-flash-lite-preview": 0.6681487621543594,
      "gemini-3.1-pro-preview": 0.6131535056990509,
      "gpt-5.4-mini": 0.4504422054550653,
      "gpt-5.5": 0.5356072958391878,
      "moonshotai/kimi-k2.6": 0.9065806042678117,
      "qwen/qwen3-235b-a22b-2507": 0.5669099178374193,
      "qwen/qwen3-coder-next": 0.5480905074649249,
      "qwen/qwen3-next-80b-a3b-instruct": 0.5712231859389092
    },
    "15": {
      "claude-haiku-4-5": 0.7554166189256951,
      "claude-opus-4-7": 0.5735959497508499,
      "claude-sonnet-4-6": 0.6517678321542362,
      "deepseek/deepseek-v4-flash": 0.8164020390410112,
      "deepseek/deepseek-v4-pro": 0.6444889609666109,
      "gemini-3.1-flash-lite-preview": 0.8814181740223774,
      "gemini-3.1-pro-preview": 0.8526371499035645,
      "gpt-5.4-mini": 0.7214546265908889,
      "gpt-5.5": 0.669456330263835,
      "moonshotai/kimi-k2.6": 0.3765806042678117,
      "qwen/qwen3-235b-a22b-2507": 0.7050031376444407,
      "qwen/qwen3-coder-next": 0.6596183434400235,
      "qwen/qwen3-next-80b-a3b-instruct": 0.7301043886377404
    },
    "2": {
      "claude-haiku-4-5": 0.43181427928248917,
      "claude-opus-4-7": 0.3398838656471342,
      "claude-sonnet-4-6": 0.6290097634677898,
      "deepseek/deepseek-v4-flash": 0.6435922028377206,
      "deepseek/deepseek-v4-pro": 0.6179404981607972,
      "gemini-3.1-flash-lite-preview": 0.6930598257948835,
      "gemini-3.1-pro-preview": 0.780677805738506,
      "gpt-5.4-mini": 0.5391858578280816,
      "gpt-5.5": 0.35963167014390734,
      "moonshotai/kimi-k2.6": 0.9065806042678117,
      "qwen/qwen3-235b-a22b-2507": 0.5802853651960906,
      "qwen/qwen3-coder-next": 0.5967119947957243,
      "qwen/qwen3-next-80b-a3b-instruct": 0.6989508078401041
    },
    "3": {
      "claude-haiku-4-5": 0.6549463778993009,
      "claude-opus-4-7": 0.38967094888656,