{
  "meta": {
    "aa_evidence_scale": 1.0,
    "aa_label_residuals": {
      "fraction_under_threshold": 0.45517241379310347,
      "max": 0.20473181382365496,
      "mean": 0.05447649362479872,
      "median": 0.05395521721297236,
      "n_cells": 145,
      "p90": 0.10738486668043908
    },
    "aa_label_tier_weights": {
      "GPQA_DIAMOND": 0.3,
      "IFBENCH": 0.3,
      "LIVECODEBENCH": 1.0,
      "MATH_500": 0.3,
      "MMLU_PRO": 0.3,
      "SCICODE": 1.0,
      "SWE_BENCH_VERIFIED": 1.0,
      "TAU2_BENCH_TELECOM": 0.3,
      "TERMINAL_BENCH_HARD": 1.0
    },
    "alpha": 0.53,
    "cost_per_1k_input_usd": {
      "claude-haiku-4-5": 0.0012629145417960715,
      "claude-opus-4-7": 0.021196793977061743,
      "claude-sonnet-4-6": 0.004636208359276976,
      "deepseek/deepseek-v4-flash": 0.00025885157289019393,
      "deepseek/deepseek-v4-pro": 0.0034426301116815055,
      "gemini-3.1-flash-lite-preview": 0.0001256025665865941,
      "gemini-3.1-pro-preview": 0.0024464087413931376,
      "gpt-5.4-mini": 0.0004560425331529976,
      "gpt-5.5": 0.015,
      "minimax/minimax-m2.7": 0.0010843745591148247,
      "moonshotai/kimi-k2.6": 0.004128634602518305,
      "qwen/qwen3-235b-a22b-2507": 0.00014723499994983706,
      "qwen/qwen3-coder-next": 0.0007326585164437237,
      "qwen/qwen3-next-80b-a3b-instruct": 0.00034418436007456715,
      "qwen/qwen3.6-35b-a3b": 0.0012664207232805558,
      "xiaomi/mimo-v2.5": 0.0016320084361516752,
      "xiaomi/mimo-v2.5-pro": 0.0025440887526547167,
      "z-ai/glm-5": 0.00237608277636799
    },
    "embedder_model": "jina-v2-base-code-int8",
    "exclude_prompts": null,
    "expected_output_tokens": 500,
    "include_aa_labels": "aa_quality_priors.json",
    "include_routerarena_labels": "routerarena_labels_combined.jsonl",
    "k": 16,
    "n_excluded_prompts": 0,
    "n_prompts": 8013,
    "output_cost_ratio": 0.25,
    "per_model_verbosity": true,
    "per_model_zscore": false,
    "router_version": "weave-router-v0.1-bootstrap",
    "routerarena_only": true,
    "score_normalization": "per_prompt_minmax_across_bench_columns",
    "seed": 42,
    "shrinkage_k0": 10.0,
    "speed_weight": 0.1,
    "top_p": 4,
    "training_data_mix": {
      "d1": 1.0,
      "d2": 0.0,
      "d3": 0.0
    }
  },
  "rankings": {
    "0": {
      "claude-haiku-4-5": 0.561898094909664,
      "claude-opus-4-7": 0.4745554446575952,
      "claude-sonnet-4-6": 0.7846315244267934,
      "deepseek/deepseek-v4-flash": 0.7610450069713216,
      "deepseek/deepseek-v4-pro": 0.8633136449415637,
      "gemini-3.1-flash-lite-preview": 0.8184585797684953,
      "gemini-3.1-pro-preview": 0.8636967563253451,
      "gpt-5.4-mini": 0.4579845753918227,
      "gpt-5.5": 0.6388127257186329,
      "minimax/minimax-m2.7": 0.6100947063221384,
      "moonshotai/kimi-k2.6": 0.8853699349914835,
      "qwen/qwen3-235b-a22b-2507": 0.6425602897569166,
      "qwen/qwen3-coder-next": 0.5016257043322414,
      "qwen/qwen3-next-80b-a3b-instruct": 0.5530374148298045,
      "qwen/qwen3.6-35b-a3b": 0.614596418766942,
      "xiaomi/mimo-v2.5": 0.7565833721374183,
      "xiaomi/mimo-v2.5-pro": 0.7971199832720097,
      "z-ai/glm-5": 0.8138917601587294
    },
    "1": {
      "claude-haiku-4-5": 0.5381344553110814,
      "claude-opus-4-7": 0.42510969584896496,
      "claude-sonnet-4-6": 0.6307801402455844,
      "deepseek/deepseek-v4-flash": 0.6513617148818099,
      "deepseek/deepseek-v4-pro": 0.8509094295337644,
      "gemini-3.1-flash-lite-preview": 0.7127752612663416,
      "gemini-3.1-pro-preview": 0.9190039483136382,
      "gpt-5.4-mini": 0.5073417875901327,
      "gpt-5.5": 0.35832576170544495,
      "minimax/minimax-m2.7": 0.6235771266644464,
      "moonshotai/kimi-k2.6": 0.8509613976341276,
      "qwen/qwen3-235b-a22b-2507": 0.612748482147396,
      "qwen/qwen3-coder-next": 0.45444253806022766,
      "qwen/qwen3-next-80b-a3b-instruct": 0.5267789849867723,
      "qwen/qwen3.6-35b-a3b": 0.59543667952191,
      "xiaomi/mimo-v2.5": 0.5789911407268405,
      "xiaomi/mimo-v2.5-pro": 0.5911888567211786,
      "z-ai/glm-5": 0.8035458718376249
    },
    "10": {
      "claude-haiku-4-5": 0.6298129040726516,
      "claude-opus-4-7": 0.4900468686485038,
      "claude-sonnet-4-6": 0.7516913524619275,
      "deepseek/deepseek-v4-flash": 0.8534173039338796,
      "deepseek/deepseek-v4-pro": 0.7925317198957564,
      "gemini-3.1-flash-lite-preview": 0.8373298055347848,
      "gemini-3.1-pro-preview": 0.8841935668105946,
      "gpt-5.4-mini": 0.5865406096894421,
      "gpt-5.5": 0.5212474016089345,
      "minimax/minimax-m2.7": 0.7212080026084292,
      "moonshotai/kimi-k2.6": 0.8993702242525038,
      "qwen/qwen3-235b-a22b-2507": 0.7936116382569381,
      "qwen/qwen3-coder-next": 0.7485478974852788,
      "qwen/qwen3-next-80b-a3b-instruct": 0.4657886524007744,
      "qwen/qwen3.6-35b-a3b": 0.9799677811399442,
      "xiaomi/mimo-v2.5": 0.8242388491704612,
      "xiaomi/mimo-v2.5-pro": 0.8412645373671326,
      "z-ai/glm-5": 0.7835888372605286
    },
    "11": {
      "claude-haiku-4-5": 0.6741444949200232,
      "claude-opus-4-7": 0.5640273383628143,
      "claude-sonnet-4-6": 0.8410193681644458,
      "deepseek/deepseek-v4-flash": 0.9426048010115248,
      "deepseek/deepseek-v4-pro": 0.8233991556373019,
      "gemini-3.1-flash-lite-preview": 0.8985626122323737,
      "gemini-3.1-pro-preview": 0.787235925690259,
      "gpt-5.4-mini": 0.8311147982900677,
      "gpt-5.5": 0.6388127257186329,
      "minimax/minimax-m2.7": 0.6487122896504645,
      "moonshotai/kimi-k2.6": 0.7286055414175955,
      "qwen/qwen3-235b-a22b-2507": 0.6886989577960824,
      "qwen/qwen3-coder-next": 0.45444253806022766,
      "qwen/qwen3-next-80b-a3b-instruct": 0.4737532082618278,
      "qwen/qwen3.6-35b-a3b": 0.5930675394036354,
      "xiaomi/mimo-v2.5": 0.693644592414254,
      "xiaomi/mimo-v2.5-pro": 0.6970825083898677,
      "z-ai/glm-5": 0.7763890739529806
    },
    "12": {
      "claude-haiku-4-5": 0.5831331422703963,
      "claude-opus-4-7": 0.5729948629740882,
      "claude-sonnet-4-6": 0.5521878591596587,
      "deepseek/deepseek-v4-flash": 0.7423125211097176,
      "deepseek/deepseek-v4-pro": 0.824823038296921,
      "gemini-3.1-flash-lite-preview": 0.6060819086989411,
      "gemini-3.1-pro-preview": 0.6243309705588201,
      "gpt-5.4-mini": 0.4579845753918227,
      "gpt-5.5": 0.32928914349190164,
      "minimax/minimax-m2.7": 0.5362425480023594,
      "moonshotai/kimi-k2.6": 0.6844842286295868,
      "qwen/qwen3-235b-a22b-2507": 0.5663339343069486,
      "qwen/qwen3-coder-next": 0.47934725616514123,
      "qwen/qwen3-next-80b-a3b-instruct": 0.5282760925459978,
      "qwen/qwen3.6-35b-a3b": 0.872774400709741,
      "xiaomi/mimo-v2.5": 0.6935691770758493,
      "xiaomi/mimo-v2.5-pro": 0.7043522785170877,
      "z-ai/glm-5": 0.6862656416707842
    },
    "13": {
      "claude-haiku-4-5": 0.6421969838152377,
      "claude-opus-4-7": 0.5729948629740882,
      "claude-sonnet-4-6": 0.8997649789071336,
      "deepseek/deepseek-v4-flash": 0.8733710319242497,
      "deepseek/deepseek-v4-pro": 0.8894805899831085,
      "gemini-3.1-flash-lite-preview": 0.7399571716155577,
      "gemini-3.1-pro-preview": 0.8127303920918824,
      "gpt-5.4-mini": 0.5251973881348655,
      "gpt-5.5": 0.5843220408561653,
      "minimax/minimax-m2.7": 0.77505998004222,
      "moonshotai/kimi-k2.6": 0.7893940792339976,
      "qwen/qwen3-235b-a22b-2507": 0.7811771662873374,
      "qwen/qwen3-coder-next": 0.47069278550419286,
      "qwen/qwen3-next-80b-a3b-instruct": 0.4657886524007744,
      "qwen/qwen3.6-35b-a3b": 0.8409875636095349,
      "xiaomi/mimo-v2.5": 0.8606975121351698,
      "xiaomi/mimo-v2.5-pro": 0.7581423145803128,
      "z-ai/glm-5": 0.7973045590854082
    },
    "14": {
      "claude-haiku-4-5": 0.6240160169645402,
      "claude-opus-4-7": 0.4911386126402827,
      "claude-sonnet-4-6": 0.7923586513424825,
      "deepseek/deepseek-v4-flash": 0.8459241138423358,