{
  "meta": {
    "alpha": 0.4,
    "cost_per_1k_input_usd": {
      "claude-haiku-4-5": 0.0008,
      "claude-opus-4-7": 0.015,
      "claude-sonnet-4-5": 0.003,
      "deepseek/deepseek-v4-flash": 0.00014,
      "deepseek/deepseek-v4-pro": 0.000435,
      "gemini-2.5-flash": 0.0003,
      "gemini-3-flash-preview": 0.0005,
      "gemini-3.1-flash-lite-preview": 0.0001,
      "gemini-3.1-pro-preview": 0.002,
      "gpt-4.1": 0.002,
      "gpt-5.4-mini": 0.0004,
      "gpt-5.5": 0.005,
      "mistralai/mistral-small-2603": 0.00015,
      "moonshotai/kimi-k2.5": 0.00044,
      "qwen/qwen3-235b-a22b-2507": 7.1e-05,
      "qwen/qwen3-30b-a3b-instruct-2507": 8e-05,
      "qwen/qwen3-coder": 0.00022,
      "qwen/qwen3-coder-next": 7e-05,
      "qwen/qwen3-next-80b-a3b-instruct": 9e-05,
      "qwen/qwen3.5-flash-02-23": 6.5e-05
    },
    "embedder_model": "nomic-embed-text-v1.5-int8",
    "exclude_prompts": null,
    "include_routerarena_labels": "/Users/steventohme/Desktop/workweave4/router-internal/eval/results/_unsorted/routerarena_labels_full.jsonl",
    "k": 10,
    "n_excluded_prompts": 0,
    "n_prompts": 8013,
    "per_model_zscore": false,
    "router_version": "weave-router-v0.1-bootstrap",
    "routerarena_only": true,
    "score_normalization": "per_prompt_zscore_across_bench_columns",
    "seed": 42,
    "shrinkage_k0": 10.0,
    "top_p": 4,
    "training_data_mix": {
      "d1": 1.0,
      "d2": 0.0,
      "d3": 0.0
    }
  },
  "rankings": {
    "0": {
      "claude-haiku-4-5": 0.7822907125998508,
      "claude-opus-4-7": 0.3941828771571545,
      "claude-sonnet-4-5": 0.8756880928118895,
      "deepseek/deepseek-v4-flash": 0.9517436425669457,
      "deepseek/deepseek-v4-pro": 0.9247869041001829,
      "gemini-2.5-flash": 0.712473784108548,
      "gemini-3-flash-preview": 0.5961690823198829,
      "gemini-3.1-flash-lite-preview": 0.9485490816062256,
      "gemini-3.1-pro-preview": 0.8202474414976997,
      "gpt-4.1": 0.7535831142341302,
      "gpt-5.4-mini": 0.8922050385019136,
      "gpt-5.5": 0.8017408771342485,
      "mistralai/mistral-small-2603": 0.808362731866864,
      "moonshotai/kimi-k2.5": 0.8702350044688341,
      "qwen/qwen3-235b-a22b-2507": 0.8106807988060434,
      "qwen/qwen3-30b-a3b-instruct-2507": 0.5993973886842986,
      "qwen/qwen3-coder": 0.7987759186256859,
      "qwen/qwen3-coder-next": 0.6768156624900935,
      "qwen/qwen3-next-80b-a3b-instruct": 0.6846230204512105,
      "qwen/qwen3.5-flash-02-23": 0.8097095111041314
    },
    "1": {
      "claude-haiku-4-5": 0.7564144328356355,
      "claude-opus-4-7": 0.3993871107343443,
      "claude-sonnet-4-5": 0.8429639936846571,
      "deepseek/deepseek-v4-flash": 0.8621045686450484,
      "deepseek/deepseek-v4-pro": 0.9036457404035807,
      "gemini-2.5-flash": 0.6905624884253393,
      "gemini-3-flash-preview": 0.7179332512805373,
      "gemini-3.1-flash-lite-preview": 0.9140067064345834,
      "gemini-3.1-pro-preview": 0.9048506670078186,
      "gpt-4.1": 0.7766941106908132,
      "gpt-5.4-mini": 0.7246476130138803,
      "gpt-5.5": 0.8017408771342485,
      "mistralai/mistral-small-2603": 0.5965852025443589,
      "moonshotai/kimi-k2.5": 0.9030598989158451,
      "qwen/qwen3-235b-a22b-2507": 0.8127712522143897,
      "qwen/qwen3-30b-a3b-instruct-2507": 0.6975418792942314,
      "qwen/qwen3-coder": 0.7511799679234172,
      "qwen/qwen3-coder-next": 0.688823251510543,
      "qwen/qwen3-next-80b-a3b-instruct": 0.7657613231662828,
      "qwen/qwen3.5-flash-02-23": 0.9005592555198074
    },
    "2": {
      "claude-haiku-4-5": 0.7952477988990958,
      "claude-opus-4-7": 0.3756001683732466,
      "claude-sonnet-4-5": 0.8292632889747298,
      "deepseek/deepseek-v4-flash": 0.9225821908660022,
      "deepseek/deepseek-v4-pro": 0.9672013793193845,
      "gemini-2.5-flash": 0.6468047055382127,
      "gemini-3-flash-preview": 0.5825242718446602,
      "gemini-3.1-flash-lite-preview": 0.8723227765033694,
      "gemini-3.1-pro-preview": 0.8351576753887557,
      "gpt-4.1": 0.6937148140160854,
      "gpt-5.4-mini": 0.6153370843089754,
      "gpt-5.5": 0.8017408771342485,
      "mistralai/mistral-small-2603": 0.6562617694838031,
      "moonshotai/kimi-k2.5": 0.9015000953037658,
      "qwen/qwen3-235b-a22b-2507": 0.8501849780565919,
      "qwen/qwen3-30b-a3b-instruct-2507": 0.7546452132236969,
      "qwen/qwen3-coder": 0.8293491940676927,
      "qwen/qwen3-coder-next": 0.8155749091540587,
      "qwen/qwen3-next-80b-a3b-instruct": 0.7964251252538413,
      "qwen/qwen3.5-flash-02-23": 0.952340624292964
    },
    "3": {
      "claude-haiku-4-5": 0.7532540178943685,
      "claude-opus-4-7": 0.3610202073086112,
      "claude-sonnet-4-5": 0.7973534231791181,
      "deepseek/deepseek-v4-flash": 0.8668458862987236,
      "deepseek/deepseek-v4-pro": 0.9491634653821922,
      "gemini-2.5-flash": 0.7496974779852905,
      "gemini-3-flash-preview": 0.8617416268012148,
      "gemini-3.1-flash-lite-preview": 0.8769563152600612,
      "gemini-3.1-pro-preview": 0.9116385210763371,
      "gpt-4.1": 0.7433215554586718,
      "gpt-5.4-mini": 0.7090262886769754,
      "gpt-5.5": 0.8017408771342485,
      "mistralai/mistral-small-2603": 0.60143205297884,
      "moonshotai/kimi-k2.5": 0.9252617357252253,
      "qwen/qwen3-235b-a22b-2507": 0.8028957344786188,
      "qwen/qwen3-30b-a3b-instruct-2507": 0.5993973886842986,
      "qwen/qwen3-coder": 0.7814885817659517,
      "qwen/qwen3-coder-next": 0.734572862478087,
      "qwen/qwen3-next-80b-a3b-instruct": 0.7716140967761548,
      "qwen/qwen3.5-flash-02-23": 0.82870009059017
    },
    "4": {
      "claude-haiku-4-5": 0.6474799650745351,
      "claude-opus-4-7": 0.3576583261374285,
      "claude-sonnet-4-5": 0.7550629944202372,
      "deepseek/deepseek-v4-flash": 0.8644699970966445,
      "deepseek/deepseek-v4-pro": 0.8520039151564223,
      "gemini-2.5-flash": 0.5905590893873451,
      "gemini-3-flash-preview": 0.7618558554005053,
      "gemini-3.1-flash-lite-preview": 0.8807674053546353,
      "gemini-3.1-pro-preview": 0.9222631402745229,
      "gpt-4.1": 0.6793614115879898,
      "gpt-5.4-mini": 0.717088798520404,
      "gpt-5.5": 0.7132700627732447,
      "mistralai/mistral-small-2603": 0.827402101245667,
      "moonshotai/kimi-k2.5": 0.9087516197842427,
      "qwen/qwen3-235b-a22b-2507": 0.869814577135491,
      "qwen/qwen3-30b-a3b-instruct-2507": 0.749675794662223,
      "qwen/qwen3-coder": 0.8128781319764581,
      "qwen/qwen3-coder-next": 0.7290961273509603,
      "qwen/qwen3-next-80b-a3b-instruct": 0.6747945988916294,
      "qwen/qwen3.5-flash-02-23": 0.9294173244512107
    },
    "5": {
      "claude-haiku-4-5": 0.8250252356832919,
      "claude-opus-4-7": 0.3915487202060395,
      "claude-sonnet-4-5": 0.7987869399977262,
      "deepseek/deepseek-v4-flash": 0.931592229617918,
      "deepseek/deepseek-v4-pro": 0.9776406658965164,
      "gemini-2.5-flash": 0.5905590893873451,
      "gemini-3-flash-preview": 0.5864429289235734,
      "gemini-3.1-flash-lite-preview": 0.9174747276026671,
      "gemini-3.1-pro-preview": 0.8113562512466161,
      "gpt-4.1": 0.7705393111654967,
      "gpt-5.4-mini": 0.7748419782117404,
      "gpt-5.5": 0.8017408771342485,
      "mistralai/mistral-small-2603": 0.7560273538321518,
      "moonshotai/kimi-k2.5": 0.933054780302293,
      "qwen/qwen3-235b-a22b-2507": 0.8437243584543863,
      "qwen/qwen3-30b-a3b-instruct-2507": 0.8388969303655738,
      "qwen/qwen3-coder": 0.8309662993623212,
      "qwen/qwen3-coder-next": 0.8729532877424472,
      "qwen/qwen3-next-80b-a3b-instruct": 0.8410049293852082,
      "qwen/qwen3.5-flash-02-23": 0.9764565948067188
    },
    "6": {
      "claude-haiku-4-5": 0.7461864237262751,
      "claude-opus-4-7": 0.4,
      "claude-sonnet-4-5": 0.7281157381320321,
      "deepseek/deepseek-v4-flash": 0.852505247656345,
      "deepseek/deepseek-v4-pro": 0.8352193330975393,
      "gemini-2.5-flash": 0.6880649134011625,
      "gemini-3-flash-preview": 0.6343044765897673,