{
  "meta": {
    "alpha": 0.35,
    "cost_per_1k_input_usd": {
      "claude-haiku-4-5": 0.8,
      "claude-opus-4-7": 15.0,
      "claude-sonnet-4-5": 3.0,
      "gemini-3-flash-preview": 0.5,
      "gemini-3.1-flash-lite-preview": 0.1,
      "gemini-3.1-pro-preview": 2.0,
      "gpt-4.1": 2.0,
      "gpt-5.4-mini": 0.4,
      "gpt-5.5": 5.0
    },
    "embedder_model": "jina-v2-base-code-int8",
    "exclude_prompts": null,
    "include_routerarena_labels": "/Users/steventohme/Desktop/workweave4/router-internal/eval/results/_unsorted/routerarena_labels_full.jsonl",
    "k": 10,
    "n_excluded_prompts": 0,
    "n_prompts": 8013,
    "per_model_zscore": false,
    "router_version": "weave-router-v0.1-bootstrap",
    "routerarena_only": true,
    "score_normalization": "per_prompt_zscore_across_bench_columns",
    "seed": 42,
    "shrinkage_k0": 10.0,
    "top_p": 4,
    "training_data_mix": {
      "d1": 1.0,
      "d2": 0.0,
      "d3": 0.0
    }
  },
  "rankings": {
    "0": {
      "claude-haiku-4-5": 0.6859688394615654,
      "claude-opus-4-7": 0.3163920344779026,
      "claude-sonnet-4-5": 0.8059100055278523,
      "gemini-3-flash-preview": 0.8041133951192401,
      "gemini-3.1-flash-lite-preview": 0.8812296523148705,
      "gemini-3.1-pro-preview": 0.8947928928152937,
      "gpt-4.1": 0.7201190619153532,
      "gpt-5.4-mini": 0.6369127516778524,
      "gpt-5.5": 0.786241610738255
    },
    "1": {
      "claude-haiku-4-5": 0.6435276343534049,
      "claude-opus-4-7": 0.26960863625642156,
      "claude-sonnet-4-5": 0.6804272531876043,
      "gemini-3-flash-preview": 0.729655032587382,
      "gemini-3.1-flash-lite-preview": 0.8378783569210879,
      "gemini-3.1-pro-preview": 0.9171140939597315,
      "gpt-4.1": 0.5671140939597316,
      "gpt-5.4-mini": 0.7325502982043541,
      "gpt-5.5": 0.623227630044163
    },
    "2": {
      "claude-haiku-4-5": 0.6432812946743416,
      "claude-opus-4-7": 0.23564029076856605,
      "claude-sonnet-4-5": 0.7308941298200372,
      "gemini-3-flash-preview": 0.9040251188651909,
      "gemini-3.1-flash-lite-preview": 0.7920640176213712,
      "gemini-3.1-pro-preview": 0.9171140939597315,
      "gpt-4.1": 0.6370006065493045,
      "gpt-5.4-mini": 0.6369127516778524,
      "gpt-5.5": 0.5508267274085449
    },
    "3": {
      "claude-haiku-4-5": 0.6194630872483221,
      "claude-opus-4-7": 0.3028836160835829,
      "claude-sonnet-4-5": 0.7340209681985084,
      "gemini-3-flash-preview": 0.8522280195101661,
      "gemini-3.1-flash-lite-preview": 0.8993912366849902,
      "gemini-3.1-pro-preview": 0.9171140939597315,
      "gpt-4.1": 0.7277164726575609,
      "gpt-5.4-mini": 0.7196381911532623,
      "gpt-5.5": 0.7341628988614006
    },
    "4": {
      "claude-haiku-4-5": 0.7794558092847239,
      "claude-opus-4-7": 0.3393754893674567,
      "claude-sonnet-4-5": 0.873489932885906,
      "gemini-3-flash-preview": 0.6325503355704698,
      "gemini-3.1-flash-lite-preview": 0.9631869387226801,
      "gemini-3.1-pro-preview": 0.8468564000584027,
      "gpt-4.1": 0.7521931492939126,
      "gpt-5.4-mini": 0.8939685296459522,
      "gpt-5.5": 0.7450944335259841
    },
    "5": {
      "claude-haiku-4-5": 0.8616457397565346,
      "claude-opus-4-7": 0.35,
      "claude-sonnet-4-5": 0.8207236675587022,
      "gemini-3-flash-preview": 0.6325503355704698,
      "gemini-3.1-flash-lite-preview": 0.9260508057009849,
      "gemini-3.1-pro-preview": 0.8555563513761115,
      "gpt-4.1": 0.7648468631432734,
      "gpt-5.4-mini": 0.807582190401096,
      "gpt-5.5": 0.7777596079787309
    },
    "6": {
      "claude-haiku-4-5": 0.8792863182912153,
      "claude-opus-4-7": 0.33873779995179776,
      "claude-sonnet-4-5": 0.7837968050284381,
      "gemini-3-flash-preview": 0.6325503355704698,
      "gemini-3.1-flash-lite-preview": 0.8719598081097895,
      "gemini-3.1-pro-preview": 0.8917883672073815,
      "gpt-4.1": 0.6102634178287873,
      "gpt-5.4-mini": 0.9869127516778524,
      "gpt-5.5": 0.7421881685533812
    },
    "7": {
      "claude-haiku-4-5": 0.7773012358273408,
      "claude-opus-4-7": 0.35,
      "claude-sonnet-4-5": 0.7806343474720702,
      "gemini-3-flash-preview": 0.6325503355704698,
      "gemini-3.1-flash-lite-preview": 0.9126118719816776,
      "gemini-3.1-pro-preview": 0.8839207084857559,
      "gpt-4.1": 0.7801046415777511,
      "gpt-5.4-mini": 0.7330678873602584,
      "gpt-5.5": 0.7394478714191386
    },
    "8": {
      "claude-haiku-4-5": 0.7244371121132007,
      "claude-opus-4-7": 0.35,
      "claude-sonnet-4-5": 0.714062179919245,
      "gemini-3-flash-preview": 0.6817786456219678,
      "gemini-3.1-flash-lite-preview": 0.7603215961146987,
      "gemini-3.1-pro-preview": 0.7399266929017398,
      "gpt-4.1": 0.5671140939597316,
      "gpt-5.4-mini": 0.6782584203825948,
      "gpt-5.5": 0.5109750689670082
    },
    "9": {
      "claude-haiku-4-5": 0.7955365765369281,
      "claude-opus-4-7": 0.33784559541191306,
      "claude-sonnet-4-5": 0.8217817071726141,
      "gemini-3-flash-preview": 0.6325503355704698,
      "gemini-3.1-flash-lite-preview": 0.8850430649027273,
      "gemini-3.1-pro-preview": 0.849968561500428,
      "gpt-4.1": 0.7177080114719727,
      "gpt-5.4-mini": 0.6447600720832952,
      "gpt-5.5": 0.786241610738255
    }
  }
}