{
  "meta": {
    "alpha": 0.2,
    "cost_per_1k_input_usd": {
      "claude-haiku-4-5": 0.0008,
      "claude-opus-4-7": 0.015,
      "claude-sonnet-4-5": 0.003,
      "deepseek/deepseek-v4-flash": 0.00014,
      "deepseek/deepseek-v4-pro": 0.000435,
      "gemini-2.5-flash": 0.0003,
      "gemini-3-flash-preview": 0.0005,
      "gemini-3.1-flash-lite-preview": 0.0001,
      "gemini-3.1-pro-preview": 0.002,
      "gpt-4.1": 0.002,
      "gpt-5.4-mini": 0.0004,
      "gpt-5.5": 0.005,
      "mistralai/mistral-small-2603": 0.00015,
      "moonshotai/kimi-k2.5": 0.00044,
      "qwen/qwen3-235b-a22b-2507": 7.1e-05,
      "qwen/qwen3-30b-a3b-instruct-2507": 8e-05,
      "qwen/qwen3-coder": 0.00022,
      "qwen/qwen3-coder-next": 7e-05,
      "qwen/qwen3-next-80b-a3b-instruct": 9e-05,
      "qwen/qwen3.5-flash-02-23": 6.5e-05
    },
    "embedder_model": "jina-v2-base-code-int8",
    "exclude_prompts": null,
    "include_routerarena_labels": "routerarena_labels_full.jsonl",
    "k": 10,
    "n_excluded_prompts": 0,
    "n_prompts": 8013,
    "per_model_zscore": false,
    "router_version": "weave-router-v0.1-bootstrap",
    "routerarena_only": true,
    "score_normalization": "per_prompt_zscore_across_bench_columns",
    "seed": 42,
    "shrinkage_k0": 10.0,
    "top_p": 4,
    "training_data_mix": {
      "d1": 1.0,
      "d2": 0.0,
      "d3": 0.0
    }
  },
  "rankings": {
    "0": {
      "claude-haiku-4-5": 0.8976951451477584,
      "claude-opus-4-7": 0.2,
      "claude-sonnet-4-5": 0.8122823991668644,
      "deepseek/deepseek-v4-flash": 0.9594025023702472,
      "deepseek/deepseek-v4-pro": 0.9613068634548978,
      "gemini-2.5-flash": 0.8183010835255248,
      "gemini-3-flash-preview": 0.7766990291262137,
      "gemini-3.1-flash-lite-preview": 0.9511787039263916,
      "gemini-3.1-pro-preview": 0.8597898122873985,
      "gpt-4.1": 0.7975631599525486,
      "gpt-5.4-mini": 0.8929960966018115,
      "gpt-5.5": 0.726775838331365,
      "mistralai/mistral-small-2603": 0.8811252739775635,
      "moonshotai/kimi-k2.5": 0.9397210469900155,
      "qwen/qwen3-235b-a22b-2507": 0.9396820197656627,
      "qwen/qwen3-30b-a3b-instruct-2507": 0.9220667757913028,
      "qwen/qwen3-coder": 0.9150570238302191,
      "qwen/qwen3-coder-next": 0.9364678634044095,
      "qwen/qwen3-next-80b-a3b-instruct": 0.9193147131436162,
      "qwen/qwen3.5-flash-02-23": 0.9844703737371732
    },
    "1": {
      "claude-haiku-4-5": 0.8463662442798163,
      "claude-opus-4-7": 0.1808739703332466,
      "claude-sonnet-4-5": 0.8119372443350321,
      "deepseek/deepseek-v4-flash": 0.9312404180532434,
      "deepseek/deepseek-v4-pro": 0.9547460204728375,
      "gemini-2.5-flash": 0.8556831224458633,
      "gemini-3-flash-preview": 0.9000658307821379,
      "gemini-3.1-flash-lite-preview": 0.9463663640426615,
      "gemini-3.1-pro-preview": 0.8843586342034413,
      "gpt-4.1": 0.8111220642310069,
      "gpt-5.4-mini": 0.841132827144668,
      "gpt-5.5": 0.7356545028456647,
      "mistralai/mistral-small-2603": 0.7954469367258119,
      "moonshotai/kimi-k2.5": 0.9440228490664072,
      "qwen/qwen3-235b-a22b-2507": 0.9010068328868369,
      "qwen/qwen3-30b-a3b-instruct-2507": 0.8114514455867688,
      "qwen/qwen3-coder": 0.8800832313711647,
      "qwen/qwen3-coder-next": 0.8507000525245717,
      "qwen/qwen3-next-80b-a3b-instruct": 0.8793641866371222,
      "qwen/qwen3.5-flash-02-23": 0.9247628082713326
    },
    "2": {
      "claude-haiku-4-5": 0.8194302210507556,
      "claude-opus-4-7": 0.1543820545899303,
      "claude-sonnet-4-5": 0.7537612505857479,
      "deepseek/deepseek-v4-flash": 0.9162138031012415,
      "deepseek/deepseek-v4-pro": 0.9512366607550762,
      "gemini-2.5-flash": 0.7904780981527444,
      "gemini-3-flash-preview": 0.8640206745116361,
      "gemini-3.1-flash-lite-preview": 0.9238734788716231,
      "gemini-3.1-pro-preview": 0.8963508536993638,
      "gpt-4.1": 0.739320799256451,
      "gpt-5.4-mini": 0.868324356298486,
      "gpt-5.5": 0.6532835617428068,
      "mistralai/mistral-small-2603": 0.7954469367258119,
      "moonshotai/kimi-k2.5": 0.9029386103967932,
      "qwen/qwen3-235b-a22b-2507": 0.9094851634480101,
      "qwen/qwen3-30b-a3b-instruct-2507": 0.8683407325607375,
      "qwen/qwen3-coder": 0.8901445906652079,
      "qwen/qwen3-coder-next": 0.9087604745822357,
      "qwen/qwen3-next-80b-a3b-instruct": 0.9314092578556803,
      "qwen/qwen3.5-flash-02-23": 0.8912344031013858
    },
    "3": {
      "claude-haiku-4-5": 0.8615950975924331,
      "claude-opus-4-7": 0.19211534723680684,
      "claude-sonnet-4-5": 0.8107915003761766,
      "deepseek/deepseek-v4-flash": 0.9558038414886386,
      "deepseek/deepseek-v4-pro": 0.9672445978711912,
      "gemini-2.5-flash": 0.7989629902528554,
      "gemini-3-flash-preview": 0.7766990291262137,
      "gemini-3.1-flash-lite-preview": 0.9294889781042047,
      "gemini-3.1-pro-preview": 0.8569107451627339,
      "gpt-4.1": 0.7825074684457345,
      "gpt-5.4-mini": 0.7844748626570778,
      "gpt-5.5": 0.7356545028456647,
      "mistralai/mistral-small-2603": 0.8036213838628568,
      "moonshotai/kimi-k2.5": 0.94097631461707,
      "qwen/qwen3-235b-a22b-2507": 0.9146348853036228,
      "qwen/qwen3-30b-a3b-instruct-2507": 0.8666563770532333,
      "qwen/qwen3-coder": 0.8956626545432986,
      "qwen/qwen3-coder-next": 0.8991412970268814,
      "qwen/qwen3-next-80b-a3b-instruct": 0.8926163643433467,
      "qwen/qwen3.5-flash-02-23": 0.9733088621541379
    },
    "4": {
      "claude-haiku-4-5": 0.8848468826490159,
      "claude-opus-4-7": 0.19528542381237723,
      "claude-sonnet-4-5": 0.8136126306037067,
      "deepseek/deepseek-v4-flash": 0.9618001786654105,
      "deepseek/deepseek-v4-pro": 0.9539152543642335,
      "gemini-2.5-flash": 0.7874121191831269,
      "gemini-3-flash-preview": 0.8851263637581938,
      "gemini-3.1-flash-lite-preview": 0.9757957886151102,
      "gemini-3.1-pro-preview": 0.8963508536993638,
      "gpt-4.1": 0.854600207158732,
      "gpt-5.4-mini": 0.926921536744862,
      "gpt-5.5": 0.7201866205612084,
      "mistralai/mistral-small-2603": 0.9480057037921524,
      "moonshotai/kimi-k2.5": 0.9581217253661874,
      "qwen/qwen3-235b-a22b-2507": 0.9391760136913501,
      "qwen/qwen3-30b-a3b-instruct-2507": 0.9328401415820095,
      "qwen/qwen3-coder": 0.950198977639197,
      "qwen/qwen3-coder-next": 0.9297455007609343,
      "qwen/qwen3-next-80b-a3b-instruct": 0.9140860976438552,
      "qwen/qwen3.5-flash-02-23": 0.9884838849596983
    },
    "5": {
      "claude-haiku-4-5": 0.8023722751610534,
      "claude-opus-4-7": 0.14260809906955904,
      "claude-sonnet-4-5": 0.7696916476096157,
      "deepseek/deepseek-v4-flash": 0.8717916787531048,
      "deepseek/deepseek-v4-pro": 0.9421455433946403,
      "gemini-2.5-flash": 0.85137559728346,
      "gemini-3-flash-preview": 0.9376384109256028,
      "gemini-3.1-flash-lite-preview": 0.8918707955039078,
      "gemini-3.1-pro-preview": 0.8963508536993638,
      "gpt-4.1": 0.7541579239500531,
      "gpt-5.4-mini": 0.811646294392121,
      "gpt-5.5": 0.6275808576427556,
      "mistralai/mistral-small-2603": 0.796003970777572,
      "moonshotai/kimi-k2.5": 0.9119668639574002,
      "qwen/qwen3-235b-a22b-2507": 0.8649217896388044,
      "qwen/qwen3-30b-a3b-instruct-2507": 0.7991965182457316,
      "qwen/qwen3-coder": 0.8097199311908511,
      "qwen/qwen3-coder-next": 0.8120868230583851,
      "qwen/qwen3-next-80b-a3b-instruct": 0.8329761037481616,
      "qwen/qwen3.5-flash-02-23": 0.8458197633793155
    },
    "6": {
      "claude-haiku-4-5": 0.8665387275754528,
      "claude-opus-4-7": 0.19709143857857725,
      "claude-sonnet-4-5": 0.8395849235401934,
      "deepseek/deepseek-v4-flash": 0.9733609408013838,
      "deepseek/deepseek-v4-pro": 0.9500064416717856,
      "gemini-2.5-flash": 0.8483694665437282,
      "gemini-3-flash-preview": 0.7835214343638249,
      "gemini-3.1-flash-lite-preview": 0.9731027965781378,