{
  "meta": {
    "alpha": 0.1,
    "cost_per_1k_input_usd": {
      "claude-haiku-4-5": 0.8,
      "claude-opus-4-7": 15.0,
      "claude-sonnet-4-5": 3.0,
      "gemini-3-flash-preview": 0.5,
      "gemini-3.1-flash-lite-preview": 0.1,
      "gemini-3.1-pro-preview": 2.0,
      "gpt-4.1": 2.0,
      "gpt-5.4-mini": 0.4,
      "gpt-5.5": 5.0
    },
    "embedder_model": "jina-v2-base-code-int8",
    "exclude_prompts": null,
    "include_routerarena_labels": "/Users/steventohme/Desktop/workweave4/router-internal/eval/results/_unsorted/routerarena_labels_full.jsonl",
    "k": 10,
    "n_excluded_prompts": 0,
    "n_prompts": 8013,
    "per_model_zscore": false,
    "router_version": "weave-router-v0.1-bootstrap",
    "routerarena_only": true,
    "score_normalization": "per_prompt_zscore_across_bench_columns",
    "seed": 42,
    "shrinkage_k0": 10.0,
    "top_p": 4,
    "training_data_mix": {
      "d1": 1.0,
      "d2": 0.0,
      "d3": 0.0
    }
  },
  "rankings": {
    "0": {
      "claude-haiku-4-5": 0.8767197642948672,
      "claude-opus-4-7": 0.09039772413654361,
      "claude-sonnet-4-5": 0.805523664091371,
      "gemini-3-flash-preview": 0.924856943188431,
      "gemini-3.1-flash-lite-preview": 0.9660656149471059,
      "gemini-3.1-pro-preview": 0.8788574132875913,
      "gpt-4.1": 0.8289506044590368,
      "gpt-5.4-mini": 0.8818791946308725,
      "gpt-5.5": 0.7040268456375838
    },
    "1": {
      "claude-haiku-4-5": 0.8645937056925356,
      "claude-opus-4-7": 0.07703103893040616,
      "claude-sonnet-4-5": 0.7696714491370145,
      "gemini-3-flash-preview": 0.9035831253221859,
      "gemini-3.1-flash-lite-preview": 0.9536795305488823,
      "gemini-3.1-pro-preview": 0.8852348993288591,
      "gpt-4.1": 0.7852348993288591,
      "gpt-5.4-mini": 0.9092042079241587,
      "gpt-5.5": 0.657451422582129
    },
    "2": {
      "claude-haiku-4-5": 0.864523322927089,
      "claude-opus-4-7": 0.06732579736244745,
      "claude-sonnet-4-5": 0.7840905567462809,
      "gemini-3-flash-preview": 0.9534031499729884,
      "gemini-3.1-flash-lite-preview": 0.9405897193203918,
      "gemini-3.1-pro-preview": 0.8852348993288591,
      "gpt-4.1": 0.8052024743544515,
      "gpt-5.4-mini": 0.8818791946308725,
      "gpt-5.5": 0.6367654504005238
    },
    "3": {
      "claude-haiku-4-5": 0.8577181208053691,
      "claude-opus-4-7": 0.08653817602388084,
      "claude-sonnet-4-5": 0.7849839391401299,
      "gemini-3-flash-preview": 0.9386039787286956,
      "gemini-3.1-flash-lite-preview": 0.9712546390528544,
      "gemini-3.1-pro-preview": 0.8852348993288591,
      "gpt-4.1": 0.8311212932425247,
      "gpt-5.4-mini": 0.9055150344809896,
      "gpt-5.5": 0.6891472136727682
    },
    "4": {
      "claude-haiku-4-5": 0.903430327101484,
      "claude-opus-4-7": 0.09696442553355906,
      "claude-sonnet-4-5": 0.8248322147651006,
      "gemini-3-flash-preview": 0.8758389261744967,
      "gemini-3.1-flash-lite-preview": 0.9894819824921943,
      "gemini-3.1-pro-preview": 0.865161272499908,
      "gpt-4.1": 0.8381146294243395,
      "gpt-5.4-mini": 0.9553237026217581,
      "gpt-5.5": 0.6922705092912207
    },
    "5": {
      "claude-haiku-4-5": 0.9269131643791442,
      "claude-opus-4-7": 0.1,
      "claude-sonnet-4-5": 0.8097561389573281,
      "gemini-3-flash-preview": 0.8758389261744967,
      "gemini-3.1-flash-lite-preview": 0.97887165877171,
      "gemini-3.1-pro-preview": 0.8676469728763962,
      "gpt-4.1": 0.8417299762384426,
      "gpt-5.4-mini": 0.930641891408942,
      "gpt-5.5": 0.7016034162777198
    },
    "6": {
      "claude-haiku-4-5": 0.9319533296747672,
      "claude-opus-4-7": 0.09678222855765652,
      "claude-sonnet-4-5": 0.7992056068058241,
      "gemini-3-flash-preview": 0.8758389261744967,
      "gemini-3.1-flash-lite-preview": 0.9634170880313684,
      "gemini-3.1-pro-preview": 0.8779989773996163,
      "gpt-4.1": 0.7975632775771608,
      "gpt-5.4-mini": 0.9818791946308725,
      "gpt-5.5": 0.691440147870477
    },
    "7": {
      "claude-haiku-4-5": 0.9028147346850888,
      "claude-opus-4-7": 0.1,
      "claude-sonnet-4-5": 0.7983020475040047,
      "gemini-3-flash-preview": 0.8758389261744967,
      "gemini-3.1-flash-lite-preview": 0.9750319634233364,
      "gemini-3.1-pro-preview": 0.8757510749077233,
      "gpt-4.1": 0.8460893415054361,
      "gpt-5.4-mini": 0.9093520905401313,
      "gpt-5.5": 0.690657205832122
    },
    "8": {
      "claude-haiku-4-5": 0.8877106993381916,
      "claude-opus-4-7": 0.1,
      "claude-sonnet-4-5": 0.7792814282031975,
      "gemini-3-flash-preview": 0.8899041576177817,
      "gemini-3.1-flash-lite-preview": 0.9315204560327711,
      "gemini-3.1-pro-preview": 0.8346099275980043,
      "gpt-4.1": 0.7852348993288591,
      "gpt-5.4-mini": 0.8936922428322275,
      "gpt-5.5": 0.6253792622743705
    },
    "9": {
      "claude-haiku-4-5": 0.9080248320306852,
      "claude-opus-4-7": 0.09652731297483232,
      "claude-sonnet-4-5": 0.8100584359898744,
      "gemini-3-flash-preview": 0.8758389261744967,
      "gemini-3.1-flash-lite-preview": 0.9671551614007793,
      "gemini-3.1-pro-preview": 0.8660504614833439,
      "gpt-4.1": 0.8282617329037852,
      "gpt-5.4-mini": 0.8841212861752847,
      "gpt-5.5": 0.7040268456375838
    }
  }
}