{
  "meta": {
    "comment": "Runtime model-feature matrix for candidate-k12. psi_probe = quality_means.json transposed (per-cluster quality the scorer reads); operational = model_axes.json. Faithful repackaging so a new model onboards as one appended column. K=12 in-house harness-faithful re-cluster geometry.",
    "k": 12,
    "n_models": 21,
    "roster_version": "candidate-k12",
    "source": "quality_means.json + model_axes.json (this bundle)"
  },
  "models": {
    "claude-haiku-4-5": {
      "psi_probe": [
        0.0740851851851852,
        0.049390123456790135,
        0.10242069716775601,
        0.0740851851851852,
        0.0740851851851852,
        0.06735016835016837,
        0.06173765432098766,
        0.052917989417989426,
        0.052917989417989426,
        0.0740851851851852,
        0.06173765432098766,
        0.145070987654321
      ],
      "operational": {
        "input_per_1k_usd": 0.0008,
        "output_per_1k_usd": 0.004,
        "tps": 100.688,
        "ttft_s": 0.697,
        "verbosity_tokens": null
      }
    },
    "gemini-3.1-flash-lite-preview": {
      "psi_probe": [
        0.0,
        0.0,
        0.0,
        0.0,
        0.0,
        0.0,
        0.0,
        0.0,
        0.0,
        0.0,
        0.0,
        0.0
      ],
      "operational": {
        "input_per_1k_usd": 0.0001,
        "output_per_1k_usd": 0.0004,
        "tps": 292.193,
        "ttft_s": 4.924,
        "verbosity_tokens": null
      }
    },
    "gemini-3.1-pro-preview": {
      "psi_probe": [
        0.06976279069767441,
        0.04360174418604651,
        0.1284489479512735,
        0.06976279069767441,
        0.06976279069767441,
        0.06342071881606764,
        0.0367172582619339,
        0.04650852713178295,
        0.04983056478405316,
        0.06976279069767441,
        0.05813565891472868,
        0.1131751937984496
      ],
      "operational": {
        "input_per_1k_usd": 0.002,
        "output_per_1k_usd": 0.008,
        "tps": 124.978,
        "ttft_s": 21.672,
        "verbosity_tokens": null
      }
    },
    "gemini-3.5-flash": {
      "psi_probe": [
        0.09523809523809523,
        0.05952380952380952,
        0.14761904761904762,
        0.09523809523809523,
        0.09523809523809523,
        0.08658008658008658,
        0.05012531328320802,
        0.06349206349206349,
        0.13945578231292516,
        0.09523809523809523,
        0.07936507936507936,
        0.13015873015873017
      ],
      "operational": {
        "input_per_1k_usd": 0.0015,
        "output_per_1k_usd": 0.009,
        "tps": 279.018,
        "ttft_s": 13.981,
        "verbosity_tokens": null
      }
    },
    "gpt-5.4-mini": {
      "psi_probe": [
        0.09523809523809523,
        0.05952380952380952,
        0.09761904761904762,
        0.09523809523809523,
        0.09523809523809523,
        0.08658008658008658,
        0.05012531328320802,
        0.19682539682539685,
        0.06802721088435373,
        0.09523809523809523,
        0.07936507936507936,
        0.13015873015873017
      ],
      "operational": {
        "input_per_1k_usd": 0.0004,
        "output_per_1k_usd": 0.0016,
        "tps": 162.901,
        "ttft_s": 4.544,
        "verbosity_tokens": null
      }
    },
    "gpt-5.5": {
      "psi_probe": [
        0.0,
        0.0,
        0.0,
        0.0,
        0.0,
        0.0,
        0.0,
        0.0,
        0.0,
        0.0,
        0.0,
        0.0
      ],
      "operational": {
        "input_per_1k_usd": 0.005,
        "output_per_1k_usd": 0.04,
        "tps": 65.144,
        "ttft_s": 50.034,
        "verbosity_tokens": null
      }
    },
    "qwen/qwen3-coder-next": {
      "psi_probe": [
        0.0,
        0.0,
        0.0,
        0.0,
        0.0,
        0.0,
        0.0,
        0.0,
        0.0,
        0.0,
        0.0,
        0.0
      ],
      "operational": {
        "input_per_1k_usd": 0.0005,
        "output_per_1k_usd": 0.0012,
        "tps": 81.409,
        "ttft_s": 1.079,
        "verbosity_tokens": null
      }
    },
    "qwen/qwen3-next-80b-a3b-instruct": {
      "psi_probe": [
        0.0,
        0.0,
        0.0,
        0.0,
        0.0,
        0.0,
        0.0,
        0.0,
        0.0,
        0.0,
        0.0,
        0.0
      ],
      "operational": {
        "input_per_1k_usd": 0.00015,
        "output_per_1k_usd": 0.0012,
        "tps": 152.115,
        "ttft_s": 1.207,
        "verbosity_tokens": null
      }
    },
    "deepseek/deepseek-v4-flash": {
      "psi_probe": [
        0.21053421052631577,
        0.20702280701754383,
        0.30526710526315787,
        0.21053421052631577,
        0.21053421052631577,
        0.21053421052631577,
        0.1826848297213622,
        0.14035614035087718,
        0.1503815789473684,
        0.21053421052631577,
        0.17544517543859647,
        0.2736894736842105
      ],
      "operational": {
        "input_per_1k_usd": 0.00014,
        "output_per_1k_usd": 0.00028,
        "tps": 98.429,
        "ttft_s": 0.797,
        "verbosity_tokens": null
      }
    },
    "deepseek/deepseek-v4-pro": {
      "psi_probe": [
        0.13635454545454545,
        0.09739610389610388,
        0.2102090909090909,
        0.13635454545454545,
        0.13635454545454545,
        0.13635454545454545,
        0.09090303030303029,
        0.11362878787878787,
        0.13635454545454545,
        0.13635454545454545,
        0.1239586776859504,
        0.16882467532467532
      ],
      "operational": {
        "input_per_1k_usd": 0.00174,
        "output_per_1k_usd": 0.00348,
        "tps": 28.962,
        "ttft_s": 1.154,
        "verbosity_tokens": null
      }
    },
    "xiaomi/mimo-v2.5-pro": {
      "psi_probe": [
        0.1515060606060606,
        0.10100404040404039,
        0.184992663476874,
        0.1515060606060606,
        0.1515060606060606,
        0.137732782369146,
        0.0891212121212121,
        0.19345850815850812,
        0.20958838383838382,
        0.1515060606060606,
        0.137732782369146,
        0.16767070707070705
      ],
      "operational": {
        "input_per_1k_usd": 0.001,
        "output_per_1k_usd": 0.003,
        "tps": 54.844,
        "ttft_s": 2.253,
        "verbosity_tokens": null
      }
    },
    "claude-opus-4-8": {
      "psi_probe": [
        0.554,
        0.554,
        0.554,
        0.554,
        0.554,
        0.554,
        0.554,
        0.554,
        0.554,
        0.554,
        0.554,
        0.554
      ],
      "operational": {
        "input_per_1k_usd": 0.005,
        "output_per_1k_usd": 0.025,
        "tps": 58.9,
        "ttft_s": 19.53,
        "verbosity_tokens": null
      }
    },
    "z-ai/glm-5.2": {
      "psi_probe": [
        0.3928535714285714,
        0.30219505494505494,
        0.5252138655462185,
        0.3928535714285714,
        0.3928535714285714,
        0.3928535714285714,
        0.3285690476190476,
        0.3705209821428571,
        0.4480487012987013,
        0.3928535714285714,
        0.4107113095238095,
        0.3520382653061224
      ],
      "operational": {
        "input_per_1k_usd": 0.0014,
        "output_per_1k_usd": 0.0044,
        "tps": null,
        "ttft_s": null,
        "verbosity_tokens": null
      }
    },
    "minimax/minimax-m3": {
      "psi_probe": [
        0.2142892857142857,
        0.16483791208791207,
        0.2436936974789916,
        0.2142892857142857,
        0.2142892857142857,
        0.2142892857142857,
        0.16483791208791207,
        0.30253487394957984,
        0.15306377551020406,
        0.2142892857142857,
        0.17857440476190475,
        0.2619077380952381
      ],
      "operational": {
        "input_per_1k_usd": 0.0006,
        "output_per_1k_usd": 0.0024,
        "tps": null,
        "ttft_s": null,
        "verbosity_tokens": null
      }
    },