{
  "meta": {
    "aa_evidence_scale": 1.0,
    "aa_label_residuals": {
      "fraction_under_threshold": 0.45517241379310347,
      "max": 0.20473181382365496,
      "mean": 0.05447649362479872,
      "median": 0.05395521721297236,
      "n_cells": 145,
      "p90": 0.10738486668043908
    },
    "aa_label_tier_weights": {
      "GPQA_DIAMOND": 0.3,
      "IFBENCH": 0.3,
      "LIVECODEBENCH": 1.0,
      "MATH_500": 0.3,
      "MMLU_PRO": 0.3,
      "SCICODE": 1.0,
      "SWE_BENCH_VERIFIED": 1.0,
      "TAU2_BENCH_TELECOM": 0.3,
      "TERMINAL_BENCH_HARD": 1.0
    },
    "alpha": 0.53,
    "cost_per_1k_input_usd": {
      "claude-haiku-4-5": 0.0012629145417960715,
      "claude-opus-4-7": 0.021196793977061743,
      "claude-sonnet-4-6": 0.004636208359276976,
      "deepseek/deepseek-v4-flash": 0.00025885157289019393,
      "deepseek/deepseek-v4-pro": 0.0034426301116815055,
      "gemini-3.1-flash-lite-preview": 0.0001256025665865941,
      "gemini-3.1-pro-preview": 0.0024464087413931376,
      "gpt-5.4-mini": 0.0004560425331529976,
      "gpt-5.5": 0.015,
      "minimax/minimax-m2.7": 0.0010843745591148247,
      "moonshotai/kimi-k2.6": 0.004128634602518305,
      "qwen/qwen3-235b-a22b-2507": 0.00014723499994983706,
      "qwen/qwen3-coder-next": 0.0007326585164437237,
      "qwen/qwen3-next-80b-a3b-instruct": 0.00034418436007456715,
      "qwen/qwen3.6-35b-a3b": 0.0012664207232805558,
      "xiaomi/mimo-v2.5": 0.0016320084361516752,
      "xiaomi/mimo-v2.5-pro": 0.0025440887526547167,
      "z-ai/glm-5": 0.00237608277636799
    },
    "embedder_model": "jina-v2-base-code-int8",
    "exclude_prompts": null,
    "expected_output_tokens": 2000,
    "include_aa_labels": "aa_quality_priors.json",
    "include_routerarena_labels": "routerarena_labels_combined.jsonl",
    "k": 16,
    "n_excluded_prompts": 0,
    "n_prompts": 8013,
    "output_cost_ratio": 0.25,
    "per_model_verbosity": true,
    "per_model_zscore": false,
    "router_version": "weave-router-v0.1-bootstrap",
    "routerarena_only": true,
    "score_normalization": "per_prompt_minmax_across_bench_columns",
    "seed": 42,
    "shrinkage_k0": 10.0,
    "speed_weight": 0.08,
    "top_p": 4,
    "training_data_mix": {
      "d1": 1.0,
      "d2": 0.0,
      "d3": 0.0
    }
  },
  "rankings": {
    "0": {
      "claude-haiku-4-5": 0.5536505993013788,
      "claude-opus-4-7": 0.4489858460694282,
      "claude-sonnet-4-6": 0.758503797061271,
      "deepseek/deepseek-v4-flash": 0.7534633614155309,
      "deepseek/deepseek-v4-pro": 0.8193077180642985,
      "gemini-3.1-flash-lite-preview": 0.8228980223848067,
      "gemini-3.1-pro-preview": 0.8714530792651058,
      "gpt-5.4-mini": 0.4584937772243592,
      "gpt-5.5": 0.6446944946763968,
      "minimax/minimax-m2.7": 0.5863413403809992,
      "moonshotai/kimi-k2.6": 0.8739432333663908,
      "qwen/qwen3-235b-a22b-2507": 0.6279622753705543,
      "qwen/qwen3-coder-next": 0.49186044951288915,
      "qwen/qwen3-next-80b-a3b-instruct": 0.5506920949339947,
      "qwen/qwen3.6-35b-a3b": 0.612801803028238,
      "xiaomi/mimo-v2.5": 0.7479483896268373,
      "xiaomi/mimo-v2.5-pro": 0.7771136197489813,
      "z-ai/glm-5": 0.7984670062686531
    },
    "1": {
      "claude-haiku-4-5": 0.5298869597027962,
      "claude-opus-4-7": 0.399540097260798,
      "claude-sonnet-4-6": 0.6046524128800621,
      "deepseek/deepseek-v4-flash": 0.6437800693260194,
      "deepseek/deepseek-v4-pro": 0.8069035026564991,
      "gemini-3.1-flash-lite-preview": 0.717214703882653,
      "gemini-3.1-pro-preview": 0.9267602712533989,
      "gpt-5.4-mini": 0.5078509894226693,
      "gpt-5.5": 0.3642075306632089,
      "minimax/minimax-m2.7": 0.5998237607233072,
      "moonshotai/kimi-k2.6": 0.8395346960090346,
      "qwen/qwen3-235b-a22b-2507": 0.5981504677610336,
      "qwen/qwen3-coder-next": 0.44467728324087546,
      "qwen/qwen3-next-80b-a3b-instruct": 0.5244336650909626,
      "qwen/qwen3.6-35b-a3b": 0.593642063783206,
      "xiaomi/mimo-v2.5": 0.5703561582162595,
      "xiaomi/mimo-v2.5-pro": 0.5711824931981501,
      "z-ai/glm-5": 0.7881211179475486
    },
    "10": {
      "claude-haiku-4-5": 0.6215654084643664,
      "claude-opus-4-7": 0.4644772700603368,
      "claude-sonnet-4-6": 0.7255636250964053,
      "deepseek/deepseek-v4-flash": 0.8458356583780889,
      "deepseek/deepseek-v4-pro": 0.7485257930184912,
      "gemini-3.1-flash-lite-preview": 0.841769248151096,
      "gemini-3.1-pro-preview": 0.8919498897503553,
      "gpt-5.4-mini": 0.5870498115219787,
      "gpt-5.5": 0.5271291705666984,
      "minimax/minimax-m2.7": 0.69745463666729,
      "moonshotai/kimi-k2.6": 0.887943522627411,
      "qwen/qwen3-235b-a22b-2507": 0.7790136238705758,
      "qwen/qwen3-coder-next": 0.7387826426659265,
      "qwen/qwen3-next-80b-a3b-instruct": 0.4634433325049646,
      "qwen/qwen3.6-35b-a3b": 0.9781731654012401,
      "xiaomi/mimo-v2.5": 0.8156038666598803,
      "xiaomi/mimo-v2.5-pro": 0.821258173844104,
      "z-ai/glm-5": 0.7681640833704522
    },
    "11": {
      "claude-haiku-4-5": 0.665896999311738,
      "claude-opus-4-7": 0.5384577397746474,
      "claude-sonnet-4-6": 0.8148916407989234,
      "deepseek/deepseek-v4-flash": 0.9350231554557343,
      "deepseek/deepseek-v4-pro": 0.7793932287600367,
      "gemini-3.1-flash-lite-preview": 0.9030020548486849,
      "gemini-3.1-pro-preview": 0.7949922486300196,
      "gpt-5.4-mini": 0.8316240001226042,
      "gpt-5.5": 0.6446944946763968,
      "minimax/minimax-m2.7": 0.6249589237093253,
      "moonshotai/kimi-k2.6": 0.7171788397925026,
      "qwen/qwen3-235b-a22b-2507": 0.67410094340972,
      "qwen/qwen3-coder-next": 0.44467728324087546,
      "qwen/qwen3-next-80b-a3b-instruct": 0.47140788836601805,
      "qwen/qwen3.6-35b-a3b": 0.5912729236649313,
      "xiaomi/mimo-v2.5": 0.685009609903673,
      "xiaomi/mimo-v2.5-pro": 0.6770761448668391,
      "z-ai/glm-5": 0.7609643200629043
    },
    "12": {
      "claude-haiku-4-5": 0.5748856466621112,
      "claude-opus-4-7": 0.5474252643859213,
      "claude-sonnet-4-6": 0.5260601317941364,
      "deepseek/deepseek-v4-flash": 0.7347308755539271,
      "deepseek/deepseek-v4-pro": 0.7808171114196558,
      "gemini-3.1-flash-lite-preview": 0.6105213513152523,
      "gemini-3.1-pro-preview": 0.6320872934985808,
      "gpt-5.4-mini": 0.4584937772243592,
      "gpt-5.5": 0.33517091244966557,
      "minimax/minimax-m2.7": 0.5124891820612202,
      "moonshotai/kimi-k2.6": 0.6730575270044941,
      "qwen/qwen3-235b-a22b-2507": 0.5517359199205861,
      "qwen/qwen3-coder-next": 0.46958200134578904,
      "qwen/qwen3-next-80b-a3b-instruct": 0.5259307726501881,
      "qwen/qwen3.6-35b-a3b": 0.8709797849710369,
      "xiaomi/mimo-v2.5": 0.6849341945652682,
      "xiaomi/mimo-v2.5-pro": 0.6843459149940593,
      "z-ai/glm-5": 0.6708408877807078
    },
    "13": {
      "claude-haiku-4-5": 0.6339494882069525,
      "claude-opus-4-7": 0.5474252643859213,
      "claude-sonnet-4-6": 0.8736372515416113,
      "deepseek/deepseek-v4-flash": 0.865789386368459,
      "deepseek/deepseek-v4-pro": 0.8454746631058433,
      "gemini-3.1-flash-lite-preview": 0.7443966142318691,
      "gemini-3.1-pro-preview": 0.820486715031643,
      "gpt-5.4-mini": 0.5257065899674019,
      "gpt-5.5": 0.5902038098139293,
      "minimax/minimax-m2.7": 0.7513066141010808,
      "moonshotai/kimi-k2.6": 0.7779673776089048,
      "qwen/qwen3-235b-a22b-2507": 0.766579151900975,
      "qwen/qwen3-coder-next": 0.46092753068484066,
      "qwen/qwen3-next-80b-a3b-instruct": 0.4634433325049646,
      "qwen/qwen3.6-35b-a3b": 0.8391929478708308,
      "xiaomi/mimo-v2.5": 0.8520625296245887,
      "xiaomi/mimo-v2.5-pro": 0.7381359510572841,
      "z-ai/glm-5": 0.7818798051953318
    },
    "14": {
      "claude-haiku-4-5": 0.615768521356255,
      "claude-opus-4-7": 0.4655690140521157,
      "claude-sonnet-4-6": 0.7662309239769601,
      "deepseek/deepseek-v4-flash": 0.8383424682865452,