{
  "meta": {
    "alpha": 0.53,
    "cost_per_1k_input_usd": {
      "claude-haiku-4-5": 0.8,
      "claude-opus-4-7": 15.0,
      "claude-sonnet-4-5": 3.0,
      "gemini-3-flash-preview": 0.5,
      "gemini-3.1-flash-lite-preview": 0.1,
      "gemini-3.1-pro-preview": 2.0,
      "gpt-4.1": 2.0,
      "gpt-5.4-mini": 0.4,
      "gpt-5.5": 5.0
    },
    "embedder_model": "jina-v2-base-code-int8",
    "exclude_prompts": null,
    "include_routerarena_labels": "/Users/steventohme/Desktop/workweave4/router-internal/eval/results/_unsorted/routerarena_labels_full.jsonl",
    "k": 10,
    "n_excluded_prompts": 0,
    "n_prompts": 8013,
    "per_model_zscore": false,
    "router_version": "weave-router-v0.1-bootstrap",
    "routerarena_only": true,
    "score_normalization": "per_prompt_zscore_across_bench_columns",
    "seed": 42,
    "shrinkage_k0": 10.0,
    "top_p": 4,
    "training_data_mix": {
      "d1": 1.0,
      "d2": 0.0,
      "d3": 0.0
    }
  },
  "rankings": {
    "0": {
      "claude-haiku-4-5": 0.5486281735815881,
      "claude-opus-4-7": 0.4791079379236811,
      "claude-sonnet-4-5": 0.8061881713621187,
      "gemini-3-flash-preview": 0.7171780405094226,
      "gemini-3.1-flash-lite-preview": 0.8201477592196611,
      "gemini-3.1-pro-preview": 0.9062664380752397,
      "gpt-4.1": 0.6417603512839012,
      "gpt-5.4-mini": 0.46053691275167785,
      "gpt-5.5": 0.8454362416107382
    },
    "1": {
      "claude-haiku-4-5": 0.4843600629892307,
      "claude-opus-4-7": 0.4082645063311527,
      "claude-sonnet-4-5": 0.616171432104029,
      "gemini-3-flash-preview": 0.6044268058183231,
      "gemini-3.1-flash-lite-preview": 0.7545015119090759,
      "gemini-3.1-pro-preview": 0.9400671140939598,
      "gpt-4.1": 0.41006711409395974,
      "gpt-5.4-mini": 0.6053594832060947,
      "gpt-5.5": 0.5985864994168275
    },
    "2": {
      "claude-haiku-4-5": 0.48398703433236356,
      "claude-opus-4-7": 0.3568267260209715,
      "claude-sonnet-4-5": 0.6925927024331416,
      "gemini-3-flash-preview": 0.8684729364675767,
      "gemini-3.1-flash-lite-preview": 0.6851255123980764,
      "gemini-3.1-pro-preview": 0.9400671140939598,
      "gpt-4.1": 0.5158952617295988,
      "gpt-5.4-mini": 0.46053691275167785,
      "gpt-5.5": 0.48895084685432
    },
    "3": {
      "claude-haiku-4-5": 0.4479194630872483,
      "claude-opus-4-7": 0.45865233292656843,
      "claude-sonnet-4-5": 0.6973276291205408,
      "gemini-3-flash-preview": 0.790037328872825,
      "gemini-3.1-flash-lite-preview": 0.847649586980128,
      "gemini-3.1-pro-preview": 0.9400671140939598,
      "gpt-4.1": 0.653265001836387,
      "gpt-5.4-mini": 0.5858068639572985,
      "gpt-5.5": 0.7665741921972158
    },
    "4": {
      "claude-haiku-4-5": 0.6901941564566567,
      "claude-opus-4-7": 0.5139114553278631,
      "claude-sonnet-4-5": 0.9085234899328859,
      "gemini-3-flash-preview": 0.45738255033557046,
      "gemini-3.1-flash-lite-preview": 0.9442545072086299,
      "gemini-3.1-pro-preview": 0.833676891900519,
      "gpt-4.1": 0.6903296836000052,
      "gpt-5.4-mini": 0.8497928051033719,
      "gpt-5.5": 0.7831276589750137
    },
    "5": {
      "claude-haiku-4-5": 0.8146531940282558,
      "claude-opus-4-7": 0.53,
      "claude-sonnet-4-5": 0.8286202881516915,
      "gemini-3-flash-preview": 0.45738255033557046,
      "gemini-3.1-flash-lite-preview": 0.8880197914900627,
      "gemini-3.1-pro-preview": 0.8468511038959067,
      "gpt-4.1": 0.7094910217147519,
      "gpt-5.4-mini": 0.7189792056754467,
      "gpt-5.5": 0.8325920660034589
    },
    "6": {
      "claude-haiku-4-5": 0.841366070095058,
      "claude-opus-4-7": 0.5129458113555796,
      "claude-sonnet-4-5": 0.7727024677487202,
      "gemini-3-flash-preview": 0.45738255033557046,
      "gemini-3.1-flash-lite-preview": 0.8061105665662526,
      "gemini-3.1-pro-preview": 0.9017167278689726,
      "gpt-4.1": 0.4754075188099586,
      "gpt-5.4-mini": 0.9905369127516779,
      "gpt-5.5": 0.7787267434450722
    },
    "7": {
      "claude-haiku-4-5": 0.6869315166497624,
      "claude-opus-4-7": 0.53,
      "claude-sonnet-4-5": 0.7679136034490772,
      "gemini-3-flash-preview": 0.45738255033557046,
      "gemini-3.1-flash-lite-preview": 0.8676694061436832,
      "gemini-3.1-pro-preview": 0.8898028446619395,
      "gpt-4.1": 0.7325956576298178,
      "gpt-5.4-mini": 0.6061432610707498,
      "gpt-5.5": 0.7745771506417904
    },
    "8": {
      "claude-haiku-4-5": 0.6068801293112073,
      "claude-opus-4-7": 0.53,
      "claude-sonnet-4-5": 0.6671043211547992,
      "gemini-3-flash-preview": 0.5319282769849816,
      "gemini-3.1-flash-lite-preview": 0.6370584169736867,
      "gemini-3.1-pro-preview": 0.6717547639204295,
      "gpt-4.1": 0.41006711409395974,
      "gpt-5.4-mini": 0.5231460682188591,
      "gpt-5.5": 0.4286040497857073
    },
    "9": {
      "claude-haiku-4-5": 0.7145450325814231,
      "claude-opus-4-7": 0.5115947587666113,
      "claude-sonnet-4-5": 0.8302224624241866,
      "gemini-3-flash-preview": 0.45738255033557046,
      "gemini-3.1-flash-lite-preview": 0.82592235542413,
      "gemini-3.1-pro-preview": 0.8383895935127288,
      "gpt-4.1": 0.6381093320410678,
      "gpt-5.4-mini": 0.4724199979370626,
      "gpt-5.5": 0.8454362416107382
    }
  }
}