{
  "meta": {
    "aa_evidence_scale": 1.0,
    "aa_label_residuals": {
      "fraction_under_threshold": 0.49372384937238495,
      "max": 0.20473181382365496,
      "mean": 0.04959928223660705,
      "median": 0.05050500133401631,
      "n_cells": 239,
      "p90": 0.10895418235610395
    },
    "aa_label_tier_weights": {
      "GPQA_DIAMOND": 0.3,
      "IFBENCH": 0.3,
      "LIVECODEBENCH": 1.0,
      "MATH_500": 0.3,
      "MMLU_PRO": 0.3,
      "SCICODE": 1.0,
      "SWE_BENCH_VERIFIED": 1.0,
      "TAU2_BENCH_TELECOM": 0.3,
      "TERMINAL_BENCH_HARD": 1.0
    },
    "alpha": 0.53,
    "cost_per_1k_input_usd": {
      "claude-haiku-4-5": 0.0012629145417960715,
      "claude-opus-4-7": 0.021196793977061743,
      "claude-sonnet-4-6": 0.004636208359276976,
      "deepseek/deepseek-v4-flash": 0.00025885157289019393,
      "deepseek/deepseek-v4-pro": 0.0034426301116815055,
      "gemini-3.1-flash-lite-preview": 0.0001256025665865941,
      "gemini-3.1-pro-preview": 0.0024464087413931376,
      "gpt-5.4-mini": 0.0004560425331529976,
      "gpt-5.5": 0.015,
      "minimax/minimax-m2.7": 0.0010843745591148247,
      "moonshotai/kimi-k2.6": 0.004128634602518305,
      "qwen/qwen3-235b-a22b-2507": 0.00014723499994983706,
      "qwen/qwen3-coder-next": 0.0007326585164437237,
      "qwen/qwen3-next-80b-a3b-instruct": 0.00034418436007456715,
      "qwen/qwen3.6-35b-a3b": 0.0012664207232805558,
      "xiaomi/mimo-v2.5": 0.0016320084361516752,
      "xiaomi/mimo-v2.5-pro": 0.0025440887526547167,
      "z-ai/glm-5": 0.00237608277636799
    },
    "embedder_model": "jina-v2-base-code-int8",
    "exclude_prompts": null,
    "expected_output_tokens": 2000,
    "include_aa_labels": "aa_quality_priors.json",
    "include_routerarena_labels": "routerarena_labels_combined.jsonl",
    "k": 16,
    "n_excluded_prompts": 0,
    "n_prompts": 8013,
    "output_cost_ratio": 0.25,
    "per_model_verbosity": true,
    "per_model_zscore": false,
    "router_version": "weave-router-v0.1-bootstrap",
    "routerarena_only": true,
    "score_normalization": "per_prompt_minmax_across_bench_columns",
    "seed": 42,
    "shrinkage_k0": 10.0,
    "speed_weight": 0.2,
    "top_p": 4,
    "training_data_mix": {
      "d1": 1.0,
      "d2": 0.0,
      "d3": 0.0
    }
  },
  "rankings": {
    "0": {
      "claude-haiku-4-5": 0.5452704778893249,
      "claude-opus-4-7": 0.4749480537478753,
      "claude-sonnet-4-6": 0.7312743198305507,
      "deepseek/deepseek-v4-flash": 0.7385611814202254,
      "deepseek/deepseek-v4-pro": 0.7375947622560004,
      "gemini-3.1-flash-lite-preview": 0.8223829712777873,
      "gemini-3.1-pro-preview": 0.8392226263474645,
      "gpt-5.4-mini": 0.45229030468215886,
      "gpt-5.5": 0.6094038809298132,
      "minimax/minimax-m2.7": 0.5357765897332747,
      "moonshotai/kimi-k2.6": 0.8792118865493187,
      "qwen/qwen3-235b-a22b-2507": 0.5929771746946688,
      "qwen/qwen3-coder-next": 0.4738025948263629,
      "qwen/qwen3-next-80b-a3b-instruct": 0.5475500988878643,
      "qwen/qwen3.6-35b-a3b": 0.6181653800154565,
      "xiaomi/mimo-v2.5": 0.7368592353486831,
      "xiaomi/mimo-v2.5-pro": 0.7444789732772521,
      "z-ai/glm-5": 0.7811181811066659
    },
    "1": {
      "claude-haiku-4-5": 0.5261746516958774,
      "claude-opus-4-7": 0.43216414882699744,
      "claude-sonnet-4-6": 0.5898150648809171,
      "deepseek/deepseek-v4-flash": 0.6277389737345892,
      "deepseek/deepseek-v4-pro": 0.7095385573270174,
      "gemini-3.1-flash-lite-preview": 0.7200376895999738,
      "gemini-3.1-pro-preview": 0.8945502196978732,
      "gpt-5.4-mini": 0.52297337872902,
      "gpt-5.5": 0.34224608190740324,
      "minimax/minimax-m2.7": 0.5752780459611103,
      "moonshotai/kimi-k2.6": 0.821711171877031,
      "qwen/qwen3-235b-a22b-2507": 0.5551131329655011,
      "qwen/qwen3-coder-next": 0.42700408831357145,
      "qwen/qwen3-next-80b-a3b-instruct": 0.5190577785505128,
      "qwen/qwen3.6-35b-a3b": 0.5866008790839272,
      "xiaomi/mimo-v2.5": 0.5510185672370669,
      "xiaomi/mimo-v2.5-pro": 0.5486973567496863,
      "z-ai/glm-5": 0.7481810084072291
    },
    "10": {
      "claude-haiku-4-5": 0.6214891738250556,
      "claude-opus-4-7": 0.5101546972084638,
      "claude-sonnet-4-6": 0.7147881840622863,
      "deepseek/deepseek-v4-flash": 0.8999893252852952,
      "deepseek/deepseek-v4-pro": 0.6915114370429852,
      "gemini-3.1-flash-lite-preview": 0.8894607568550046,
      "gemini-3.1-pro-preview": 0.8819267619855393,
      "gpt-5.4-mini": 0.589157638842869,
      "gpt-5.5": 0.5108207358814689,
      "minimax/minimax-m2.7": 0.6690066130975175,
      "moonshotai/kimi-k2.6": 0.9193625730894774,
      "qwen/qwen3-235b-a22b-2507": 0.8135724672952251,
      "qwen/qwen3-coder-next": 0.7591970323979185,
      "qwen/qwen3-next-80b-a3b-instruct": 0.4609216417158686,
      "qwen/qwen3.6-35b-a3b": 0.9512846215773351,
      "xiaomi/mimo-v2.5": 0.820121772789566,
      "xiaomi/mimo-v2.5-pro": 0.8377832756144791,
      "z-ai/glm-5": 0.7358141936293541
    },
    "11": {
      "claude-haiku-4-5": 0.6531678754947832,
      "claude-opus-4-7": 0.5641481677293783,
      "claude-sonnet-4-6": 0.7865353608697587,
      "deepseek/deepseek-v4-flash": 0.9529999273375717,
      "deepseek/deepseek-v4-pro": 0.700877167532832,
      "gemini-3.1-flash-lite-preview": 0.9231557470145553,
      "gemini-3.1-pro-preview": 0.7610359120408348,
      "gpt-5.4-mini": 0.823571247650466,
      "gpt-5.5": 0.6094038809298132,
      "minimax/minimax-m2.7": 0.5730912335581524,
      "moonshotai/kimi-k2.6": 0.6968863390233032,
      "qwen/qwen3-235b-a22b-2507": 0.6684703240239585,
      "qwen/qwen3-coder-next": 0.43603009690099803,
      "qwen/qwen3-next-80b-a3b-instruct": 0.4609216417158686,
      "qwen/qwen3.6-35b-a3b": 0.5609665175368761,
      "xiaomi/mimo-v2.5": 0.6700778994740046,
      "xiaomi/mimo-v2.5-pro": 0.6614221402181027,
      "z-ai/glm-5": 0.7007398401037421
    },
    "12": {
      "claude-haiku-4-5": 0.5356517186667451,
      "claude-opus-4-7": 0.4743427506003273,
      "claude-sonnet-4-6": 0.4658254093352672,
      "deepseek/deepseek-v4-flash": 0.6670949290455483,
      "deepseek/deepseek-v4-pro": 0.6119034712287037,
      "gemini-3.1-flash-lite-preview": 0.5830884144646319,
      "gemini-3.1-pro-preview": 0.555834363740116,
      "gpt-5.4-mini": 0.45229030468215886,
      "gpt-5.5": 0.2580901185027903,
      "minimax/minimax-m2.7": 0.4247170086271559,
      "moonshotai/kimi-k2.6": 0.5711103971394867,
      "qwen/qwen3-235b-a22b-2507": 0.9418017606970951,
      "qwen/qwen3-coder-next": 0.445943693817544,
      "qwen/qwen3-next-80b-a3b-instruct": 0.5056544181774921,
      "qwen/qwen3.6-35b-a3b": 0.7312744972821879,
      "xiaomi/mimo-v2.5": 0.5947038178042234,
      "xiaomi/mimo-v2.5-pro": 0.5695859491642918,
      "z-ai/glm-5": 0.5633787032507616
    },
    "13": {
      "claude-haiku-4-5": 0.6064136397786373,
      "claude-opus-4-7": 0.5735631609648031,
      "claude-sonnet-4-6": 0.8468408329991057,
      "deepseek/deepseek-v4-flash": 0.8601381553951243,
      "deepseek/deepseek-v4-pro": 0.7581660200664259,
      "gemini-3.1-flash-lite-preview": 0.763279379823864,
      "gemini-3.1-pro-preview": 0.7974926298117235,
      "gpt-5.4-mini": 0.5577667621371609,
      "gpt-5.5": 0.560034164902154,
      "minimax/minimax-m2.7": 0.6861217815544706,
      "moonshotai/kimi-k2.6": 0.6899619145754753,
      "qwen/qwen3-235b-a22b-2507": 0.6948765397454286,
      "qwen/qwen3-coder-next": 0.4836952800555637,
      "qwen/qwen3-next-80b-a3b-instruct": 0.4609216417158686,
      "qwen/qwen3.6-35b-a3b": 0.7239763531634902,
      "xiaomi/mimo-v2.5": 0.807403495448461,
      "xiaomi/mimo-v2.5-pro": 0.6955703416146214,
      "z-ai/glm-5": 0.7170046138324677
    },
    "14": {
      "claude-haiku-4-5": 0.608808697784778,
      "claude-opus-4-7": 0.4915404917438738,
      "claude-sonnet-4-6": 0.7390135744406314,
      "deepseek/deepseek-v4-flash": 0.8234639320993694,