{
  "meta": {
    "aa_evidence_scale": 3.0,
    "aa_label_residuals": {
      "fraction_under_threshold": 0.5708502024291497,
      "max": 0.2429133312756644,
      "mean": 0.059625521958409304,
      "median": 0.038888469407191734,
      "n_cells": 247,
      "p90": 0.14313290790179495
    },
    "aa_label_tier_weights": {
      "GPQA_DIAMOND": 0.3,
      "IFBENCH": 0.3,
      "LIVECODEBENCH": 1.0,
      "MATH_500": 0.3,
      "MMLU_PRO": 0.3,
      "SCICODE": 1.0,
      "SWE_BENCH_VERIFIED": 1.0,
      "TAU2_BENCH_TELECOM": 0.3,
      "TERMINAL_BENCH_HARD": 1.0
    },
    "alpha": 0.8,
    "cost_per_1k_input_usd": {
      "claude-haiku-4-5": 0.0018,
      "claude-opus-4-7": 0.03375,
      "claude-sonnet-4-6": 0.00675,
      "deepseek/deepseek-v4-flash": 0.00020999999999999998,
      "deepseek/deepseek-v4-pro": 0.00261,
      "gemini-3.1-flash-lite-preview": 0.0002,
      "gemini-3.1-pro-preview": 0.004,
      "gemini-3.5-flash": 0.00375,
      "gpt-5.4-mini": 0.0008,
      "gpt-5.5": 0.015,
      "moonshotai/kimi-k2.6": 0.00195,
      "qwen/qwen3-coder-next": 0.0007999999999999999,
      "qwen/qwen3-next-80b-a3b-instruct": 0.00045,
      "xiaomi/mimo-v2.5-pro": 0.00175,
      "z-ai/glm-5.1": 0.001925
    },
    "embedder_model": "jina-v2-base-code-int8",
    "exclude_prompts": null,
    "expected_output_tokens": 2000,
    "include_aa_labels": "aa_quality_priors_v0.56.json",
    "include_routerarena_labels": "routerarena_labels_combined.jsonl",
    "k": 16,
    "n_excluded_prompts": 0,
    "n_prompts": 8013,
    "output_cost_ratio": 0.25,
    "per_model_verbosity": true,
    "per_model_zscore": false,
    "router_version": "weave-router-v0.1-bootstrap",
    "routerarena_only": true,
    "score_normalization": "per_prompt_minmax_across_bench_columns",
    "seed": 42,
    "shrinkage_k0": 10.0,
    "speed_weight": 0.08,
    "top_p": 4,
    "training_data_mix": {
      "d1": 1.0,
      "d2": 0.0,
      "d3": 0.0
    }
  },
  "rankings": {
    "0": {
      "claude-haiku-4-5": 0.317647225797272,
      "claude-opus-4-7": 0.6622279528915528,
      "claude-sonnet-4-6": 0.7477699841380379,
      "deepseek/deepseek-v4-flash": 0.6546172062998965,
      "deepseek/deepseek-v4-pro": 0.8665022813722647,
      "gemini-3.1-flash-lite-preview": 0.7502914079543875,
      "gemini-3.1-pro-preview": 0.8891001374462444,
      "gemini-3.5-flash": 0.9194440958892585,
      "gpt-5.4-mini": 0.1919930052039707,
      "gpt-5.5": 0.8670640834575261,
      "moonshotai/kimi-k2.6": 0.7549334310712794,
      "qwen/qwen3-coder-next": 0.26464551883435466,
      "qwen/qwen3-next-80b-a3b-instruct": 0.2889527906345335,
      "xiaomi/mimo-v2.5-pro": 0.7620196947065614,
      "z-ai/glm-5.1": 0.8806351922687126
    },
    "1": {
      "claude-haiku-4-5": 0.3009594320911081,
      "claude-opus-4-7": 0.5798355209000747,
      "claude-sonnet-4-6": 0.51356783462559,
      "deepseek/deepseek-v4-flash": 0.46634815570120425,
      "deepseek/deepseek-v4-pro": 0.8079356694316098,
      "gemini-3.1-flash-lite-preview": 0.5631563466551892,
      "gemini-3.1-pro-preview": 0.9563577515762078,
      "gemini-3.5-flash": 0.9365360673407597,
      "gpt-5.4-mini": 0.2875843498465644,
      "gpt-5.5": 0.46319295868628285,
      "moonshotai/kimi-k2.6": 0.5613455547478592,
      "qwen/qwen3-coder-next": 0.18175624106035776,
      "qwen/qwen3-next-80b-a3b-instruct": 0.2705809975439293,
      "xiaomi/mimo-v2.5-pro": 0.41854141434146347,
      "z-ai/glm-5.1": 0.7132021949980671
    },
    "10": {
      "claude-haiku-4-5": 0.7861888096833164,
      "claude-opus-4-7": 0.7652295726321228,
      "claude-sonnet-4-6": 0.81114695965029,
      "deepseek/deepseek-v4-flash": 0.8771315171458501,
      "deepseek/deepseek-v4-pro": 0.8305722025218093,
      "gemini-3.1-flash-lite-preview": 0.8640026640993125,
      "gemini-3.1-pro-preview": 0.9563577515762078,
      "gemini-3.5-flash": 0.9043594262810241,
      "gpt-5.4-mini": 0.6104186844547155,
      "gpt-5.5": 0.7807178419541422,
      "moonshotai/kimi-k2.6": 0.8800721480815362,
      "qwen/qwen3-coder-next": 0.6240140429111821,
      "qwen/qwen3-next-80b-a3b-instruct": 0.19610591035200964,
      "xiaomi/mimo-v2.5-pro": 0.9093430506785934,
      "z-ai/glm-5.1": 0.8379440992727557
    },
    "11": {
      "claude-haiku-4-5": 0.673809731085418,
      "claude-opus-4-7": 0.8011643739616805,
      "claude-sonnet-4-6": 0.8736626856878891,
      "deepseek/deepseek-v4-flash": 0.9321855924112316,
      "deepseek/deepseek-v4-pro": 0.8260921890087832,
      "gemini-3.1-flash-lite-preview": 0.9017428502577869,
      "gemini-3.1-pro-preview": 0.8072381400830881,
      "gemini-3.5-flash": 0.7369028622431246,
      "gpt-5.4-mini": 0.8401540446862578,
      "gpt-5.5": 0.8670640834575261,
      "moonshotai/kimi-k2.6": 0.1815713376796233,
      "qwen/qwen3-coder-next": 0.5116641528033915,
      "qwen/qwen3-next-80b-a3b-instruct": 0.5015092794079257,
      "xiaomi/mimo-v2.5-pro": 0.7313442606253183,
      "z-ai/glm-5.1": 0.7997379846107093
    },
    "12": {
      "claude-haiku-4-5": 0.32168958658241326,
      "claude-opus-4-7": 0.8175242201445709,
      "claude-sonnet-4-6": 0.5462672470820107,
      "deepseek/deepseek-v4-flash": 0.5037344417375548,
      "deepseek/deepseek-v4-pro": 0.6265006480733615,
      "gemini-3.1-flash-lite-preview": 0.3427483742580572,
      "gemini-3.1-pro-preview": 0.46325953802469433,
      "gemini-3.5-flash": 0.5622669351014337,
      "gpt-5.4-mini": 0.25529841216283006,
      "gpt-5.5": 0.5181615048474123,
      "moonshotai/kimi-k2.6": 0.3356440775022891,
      "qwen/qwen3-coder-next": 0.18175624106035776,
      "qwen/qwen3-next-80b-a3b-instruct": 0.24397693218846656,
      "xiaomi/mimo-v2.5-pro": 0.42249492407136774,
      "z-ai/glm-5.1": 0.41994349061478475
    },
    "13": {
      "claude-haiku-4-5": 0.3369689541285552,
      "claude-opus-4-7": 0.7356697734212406,
      "claude-sonnet-4-6": 0.7741000764877379,
      "deepseek/deepseek-v4-flash": 0.9436513686729147,
      "deepseek/deepseek-v4-pro": 0.9116280317818939,
      "gemini-3.1-flash-lite-preview": 0.3630620002141381,
      "gemini-3.1-pro-preview": 0.932745403481454,
      "gemini-3.5-flash": 0.9366930728191549,
      "gpt-5.4-mini": 0.8270794668728723,
      "gpt-5.5": 0.8333502648888117,
      "moonshotai/kimi-k2.6": 0.9308832813447433,
      "qwen/qwen3-coder-next": 0.7234905109991138,
      "qwen/qwen3-next-80b-a3b-instruct": 0.19610591035200964,
      "xiaomi/mimo-v2.5-pro": 0.9178831177709297,
      "z-ai/glm-5.1": 0.9726900545373789
    },
    "14": {
      "claude-haiku-4-5": 0.26378536501617406,
      "claude-opus-4-7": 0.7124520953825051,
      "claude-sonnet-4-6": 0.6920438431301092,
      "deepseek/deepseek-v4-flash": 0.6657487758920394,
      "deepseek/deepseek-v4-pro": 0.789527034382251,
      "gemini-3.1-flash-lite-preview": 0.5461621374312448,
      "gemini-3.1-pro-preview": 0.8382243411360835,
      "gemini-3.5-flash": 0.8201197489823315,
      "gpt-5.4-mini": 0.3659215118677098,
      "gpt-5.5": 0.8670640834575261,
      "moonshotai/kimi-k2.6": 0.4982618201036839,
      "qwen/qwen3-coder-next": 0.2917443175756214,
      "qwen/qwen3-next-80b-a3b-instruct": 0.19610591035200964,
      "xiaomi/mimo-v2.5-pro": 0.6851968327112287,
      "z-ai/glm-5.1": 0.7546289142507072
    },
    "15": {
      "claude-haiku-4-5": 0.18407913525724623,
      "claude-opus-4-7": 0.8175242201445709,
      "claude-sonnet-4-6": 0.8591582219937763,
      "deepseek/deepseek-v4-flash": 0.7598586173022501,
      "deepseek/deepseek-v4-pro": 0.7014665724480872,
      "gemini-3.1-flash-lite-preview": 0.8333578815117135,
      "gemini-3.1-pro-preview": 0.9181916433006829,
      "gemini-3.5-flash": 0.7966119031874258,
      "gpt-5.4-mini": 0.5725198942233118,
      "gpt-5.5": 0.8082015387123622,
      "moonshotai/kimi-k2.6": 0.6330576293760528,
      "qwen/qwen3-coder-next": 0.5296667580052611,
      "qwen/qwen3-next-80b-a3b-instruct": 0.5131996144755581,
      "xiaomi/mimo-v2.5-pro": 0.7375106970038009,