{
  "meta": {
    "alpha": 0.55,
    "cost_per_1k_input_usd": {
      "claude-haiku-4-5": 0.0208,
      "claude-opus-4-7": 0.39,
      "claude-sonnet-4-6": 0.078,
      "deepseek/deepseek-v4-flash": 0.0015399999999999997,
      "deepseek/deepseek-v4-pro": 0.019139999999999997,
      "gemini-3.1-flash-lite-preview": 0.0021,
      "gemini-3.1-pro-preview": 0.042,
      "gpt-5.4-mini": 0.0084,
      "gpt-5.5": 0.20500000000000002,
      "moonshotai/kimi-k2.6": 0.02095,
      "qwen/qwen3-235b-a22b-2507": 0.0023859999999999997,
      "qwen/qwen3-coder-next": 0.006499999999999999,
      "qwen/qwen3-next-80b-a3b-instruct": 0.006149999999999999
    },
    "embedder_model": "jina-v2-base-code-int8",
    "exclude_prompts": null,
    "include_routerarena_labels": "routerarena_plus_shortprompts.jsonl",
    "k": 16,
    "n_excluded_prompts": 0,
    "n_prompts": 8416,
    "output_cost_ratio": 5.0,
    "per_model_zscore": false,
    "router_version": "weave-router-v0.1-bootstrap",
    "routerarena_only": true,
    "score_normalization": "per_prompt_minmax_across_bench_columns",
    "seed": 42,
    "shrinkage_k0": 10.0,
    "top_p": 4,
    "training_data_mix": {
      "d1": 1.0,
      "d2": 0.0,
      "d3": 0.0
    }
  },
  "rankings": {
    "0": {
      "claude-haiku-4-5": 0.5725199409470215,
      "claude-opus-4-7": 0.55,
      "claude-sonnet-4-6": 0.8076876478418532,
      "deepseek/deepseek-v4-flash": 0.7265632548865859,
      "deepseek/deepseek-v4-pro": 0.7013024507175104,
      "gemini-3.1-flash-lite-preview": 0.6965238394276506,
      "gemini-3.1-pro-preview": 0.8865945218897697,
      "gpt-5.4-mini": 0.53913577915873,
      "gpt-5.5": 0.6605215518791844,
      "moonshotai/kimi-k2.6": 0.8401651296672531,
      "qwen/qwen3-235b-a22b-2507": 0.5742990358095936,
      "qwen/qwen3-coder-next": 0.4442542346702363,
      "qwen/qwen3-next-80b-a3b-instruct": 0.4919877940400445
    },
    "1": {
      "claude-haiku-4-5": 0.5192704830709955,
      "claude-opus-4-7": 0.39647320942192776,
      "claude-sonnet-4-6": 0.6394301679638772,
      "deepseek/deepseek-v4-flash": 0.6447355357964997,
      "deepseek/deepseek-v4-pro": 0.910349029892835,
      "gemini-3.1-flash-lite-preview": 0.7058735994876402,
      "gemini-3.1-pro-preview": 0.9531303094269681,
      "gpt-5.4-mini": 0.4933039395919869,
      "gpt-5.5": 0.47284262904902447,
      "moonshotai/kimi-k2.6": 0.9147624297811819,
      "qwen/qwen3-235b-a22b-2507": 0.6064626606307832,
      "qwen/qwen3-coder-next": 0.4442542346702363,
      "qwen/qwen3-next-80b-a3b-instruct": 0.5079614623457129
    },
    "10": {
      "claude-haiku-4-5": 0.5264541042177242,
      "claude-opus-4-7": 0.47212145304749215,
      "claude-sonnet-4-6": 0.7952758751694299,
      "deepseek/deepseek-v4-flash": 0.7525180583024853,
      "deepseek/deepseek-v4-pro": 0.8956470673518695,
      "gemini-3.1-flash-lite-preview": 0.8120935125865099,
      "gemini-3.1-pro-preview": 0.908651465139144,
      "gpt-5.4-mini": 0.44510727916983167,
      "gpt-5.5": 0.7643077794367503,
      "moonshotai/kimi-k2.6": 0.8774439954481854,
      "qwen/qwen3-235b-a22b-2507": 0.6022208570180994,
      "qwen/qwen3-coder-next": 0.4442542346702363,
      "qwen/qwen3-next-80b-a3b-instruct": 0.5086123225432165
    },
    "11": {
      "claude-haiku-4-5": 0.5866577487612994,
      "claude-opus-4-7": 0.55,
      "claude-sonnet-4-6": 0.8145879206308867,
      "deepseek/deepseek-v4-flash": 0.7883924748916405,
      "deepseek/deepseek-v4-pro": 0.9246237511344895,
      "gemini-3.1-flash-lite-preview": 0.7439298703634714,
      "gemini-3.1-pro-preview": 0.7386816599481669,
      "gpt-5.4-mini": 0.4420532358543994,
      "gpt-5.5": 0.7437833954639044,
      "moonshotai/kimi-k2.6": 0.7753720833244943,
      "qwen/qwen3-235b-a22b-2507": 0.6153294209374963,
      "qwen/qwen3-coder-next": 0.6528770895366273,
      "qwen/qwen3-next-80b-a3b-instruct": 0.5085910753837509
    },
    "12": {
      "claude-haiku-4-5": 0.5005222128849176,
      "claude-opus-4-7": 0.37535451367495287,
      "claude-sonnet-4-6": 0.7128628236528736,
      "deepseek/deepseek-v4-flash": 0.6590422079674264,
      "deepseek/deepseek-v4-pro": 0.8375196977773294,
      "gemini-3.1-flash-lite-preview": 0.648178105131003,
      "gemini-3.1-pro-preview": 0.5970067028871013,
      "gpt-5.4-mini": 0.4420532358543994,
      "gpt-5.5": 0.7643077794367503,
      "moonshotai/kimi-k2.6": 0.6220967736736559,
      "qwen/qwen3-235b-a22b-2507": 0.5125956107495422,
      "qwen/qwen3-coder-next": 0.5049203180204112,
      "qwen/qwen3-next-80b-a3b-instruct": 0.4964497839553683
    },
    "13": {
      "claude-haiku-4-5": 0.6420486960276689,
      "claude-opus-4-7": 0.55,
      "claude-sonnet-4-6": 0.8736560597081027,
      "deepseek/deepseek-v4-flash": 0.939768439190811,
      "deepseek/deepseek-v4-pro": 0.8756926740983695,
      "gemini-3.1-flash-lite-preview": 0.8962368707749963,
      "gemini-3.1-pro-preview": 0.8403739413151525,
      "gpt-5.4-mini": 0.8325955951221935,
      "gpt-5.5": 0.764243739942905,
      "moonshotai/kimi-k2.6": 0.852923900283566,
      "qwen/qwen3-235b-a22b-2507": 0.6903136078552348,
      "qwen/qwen3-coder-next": 0.4442542346702363,
      "qwen/qwen3-next-80b-a3b-instruct": 0.4507903225916444
    },
    "14": {
      "claude-haiku-4-5": 0.7335580091659111,
      "claude-opus-4-7": 0.5387720312006301,
      "claude-sonnet-4-6": 0.8644459985410253,
      "deepseek/deepseek-v4-flash": 0.9086175045027165,
      "deepseek/deepseek-v4-pro": 0.9796118004427741,
      "gemini-3.1-flash-lite-preview": 0.8068205935993896,
      "gemini-3.1-pro-preview": 0.789214434395253,
      "gpt-5.4-mini": 0.4420532358543994,
      "gpt-5.5": 0.7488343392796777,
      "moonshotai/kimi-k2.6": 0.8541000380781778,
      "qwen/qwen3-235b-a22b-2507": 0.8165062228315076,
      "qwen/qwen3-coder-next": 0.7039615230400864,
      "qwen/qwen3-next-80b-a3b-instruct": 0.6777507461693412
    },
    "15": {
      "claude-haiku-4-5": 0.4336485031820158,
      "claude-opus-4-7": 0.03252353834303852,
      "claude-sonnet-4-6": 0.8156070683826893,
      "deepseek/deepseek-v4-flash": 0.4695280023356238,
      "deepseek/deepseek-v4-pro": 0.4594216932793366,
      "gemini-3.1-flash-lite-preview": 0.4682472334147387,
      "gemini-3.1-pro-preview": 0.4342308195395018,
      "gpt-5.4-mini": 0.4420532358543994,
      "gpt-5.5": 0.24409295900115782,
      "moonshotai/kimi-k2.6": 0.977515059465582,
      "qwen/qwen3-235b-a22b-2507": 0.4589687165388201,
      "qwen/qwen3-coder-next": 0.44623509426108665,
      "qwen/qwen3-next-80b-a3b-instruct": 0.4483570786923715
    },
    "2": {
      "claude-haiku-4-5": 0.6239415685792151,
      "claude-opus-4-7": 0.4517378418943307,
      "claude-sonnet-4-6": 0.8531923395189949,
      "deepseek/deepseek-v4-flash": 0.8073006157878846,
      "deepseek/deepseek-v4-pro": 0.949017293810781,
      "gemini-3.1-flash-lite-preview": 0.8008323976987612,
      "gemini-3.1-pro-preview": 0.942677085497539,
      "gpt-5.4-mini": 0.4420532358543994,
      "gpt-5.5": 0.7643077794367503,
      "moonshotai/kimi-k2.6": 0.9207696425576244,
      "qwen/qwen3-235b-a22b-2507": 0.7355696225630975,
      "qwen/qwen3-coder-next": 0.5615992879631662,
      "qwen/qwen3-next-80b-a3b-instruct": 0.6951618862524664
    },
    "3": {
      "claude-haiku-4-5": 0.5619436432387512,
      "claude-opus-4-7": 0.47789384951145153,
      "claude-sonnet-4-6": 0.7295473888197966,
      "deepseek/deepseek-v4-flash": 0.796457610449085,
      "deepseek/deepseek-v4-pro": 0.9027507191335318,
      "gemini-3.1-flash-lite-preview": 0.7080932012681127,
      "gemini-3.1-pro-preview": 0.8295021574109156,
      "gpt-5.4-mini": 0.4420532358543994,
      "gpt-5.5": 0.7643077794367503,
      "moonshotai/kimi-k2.6": 0.8446884659131275,
      "qwen/qwen3-235b-a22b-2507": 0.6199162611228625,
      "qwen/qwen3-coder-next": 0.5887365996465017,
      "qwen/qwen3-next-80b-a3b-instruct": 0.596597379865085
    },
    "4": {
      "claude-haiku-4-5": 0.5163610869007449,