{
  "meta": {
    "alpha": 0.2,
    "cost_per_1k_input_usd": {
      "claude-haiku-4-5": 0.8,
      "claude-opus-4-7": 15.0,
      "claude-sonnet-4-5": 3.0,
      "gemini-2.5-flash": 0.3,
      "gemini-3-flash-preview": 0.5,
      "gemini-3.1-flash-lite-preview": 0.1,
      "gemini-3.1-pro-preview": 2.0,
      "gpt-4.1": 2.0,
      "gpt-5.4-mini": 0.4,
      "gpt-5.5": 5.0,
      "qwen/qwen3-235b-a22b-2507": 0.071,
      "qwen/qwen3-30b-a3b-instruct-2507": 0.08,
      "qwen/qwen3-coder-next": 0.07,
      "qwen/qwen3-next-80b-a3b-instruct": 0.09
    },
    "embedder_model": "jina-v2-base-code-int8",
    "exclude_prompts": null,
    "include_routerarena_labels": "eval/results/_unsorted/routerarena_labels_full.jsonl",
    "k": 10,
    "n_excluded_prompts": 0,
    "n_prompts": 8013,
    "per_model_zscore": false,
    "router_version": "weave-router-v0.1-bootstrap",
    "routerarena_only": true,
    "score_normalization": "per_prompt_zscore_across_bench_columns",
    "seed": 42,
    "shrinkage_k0": 10.0,
    "top_p": 4,
    "training_data_mix": {
      "d1": 1.0,
      "d2": 0.0,
      "d3": 0.0
    }
  },
  "rankings": {
    "0": {
      "claude-haiku-4-5": 0.8336229432638826,
      "claude-opus-4-7": 0.1837709117034149,
      "claude-sonnet-4-5": 0.810402969650772,
      "gemini-2.5-flash": 0.8375657367359082,
      "gemini-3-flash-preview": 0.891975774649592,
      "gemini-3.1-flash-lite-preview": 0.9428129798324543,
      "gemini-3.1-pro-preview": 0.8867639148294985,
      "gpt-4.1": 0.8025553752081225,
      "gpt-5.4-mini": 0.8211172778763426,
      "gpt-5.5": 0.7358338914936371,
      "qwen/qwen3-235b-a22b-2507": 0.8810597692752297,
      "qwen/qwen3-30b-a3b-instruct-2507": 0.7994641661085065,
      "qwen/qwen3-coder-next": 0.8214761570957213,
      "qwen/qwen3-next-80b-a3b-instruct": 0.8683785275110023
    },
    "1": {
      "claude-haiku-4-5": 0.8153372992906209,
      "claude-opus-4-7": 0.1622148933742159,
      "claude-sonnet-4-5": 0.7531875970169826,
      "gemini-2.5-flash": 0.7876758204956463,
      "gemini-3-flash-preview": 0.8586743896116971,
      "gemini-3.1-flash-lite-preview": 0.921675821062492,
      "gemini-3.1-pro-preview": 0.896584058941728,
      "gpt-4.1": 0.7336784790434917,
      "gpt-5.4-mini": 0.8641671229599066,
      "gpt-5.5": 0.6586426584569861,
      "qwen/qwen3-235b-a22b-2507": 0.901518585208407,
      "qwen/qwen3-30b-a3b-instruct-2507": 0.8598799703228058,
      "qwen/qwen3-coder-next": 0.8962990107705294,
      "qwen/qwen3-next-80b-a3b-instruct": 0.9304304685598164
    },
    "2": {
      "claude-haiku-4-5": 0.8101946617153237,
      "claude-opus-4-7": 0.14494265712618154,
      "claude-sonnet-4-5": 0.7737852990813671,
      "gemini-2.5-flash": 0.8581554500116669,
      "gemini-3-flash-preview": 0.9400458553887401,
      "gemini-3.1-flash-lite-preview": 0.8982154900117558,
      "gemini-3.1-pro-preview": 0.896584058941728,
      "gpt-4.1": 0.7633264625283228,
      "gpt-5.4-mini": 0.8205592317118829,
      "gpt-5.5": 0.6295200852910177,
      "qwen/qwen3-235b-a22b-2507": 0.8599275315128548,
      "qwen/qwen3-30b-a3b-instruct-2507": 0.7994641661085065,
      "qwen/qwen3-coder-next": 0.8189872232086097,
      "qwen/qwen3-next-80b-a3b-instruct": 0.8380395292639837
    },
    "3": {
      "claude-haiku-4-5": 0.7993458936588758,
      "claude-opus-4-7": 0.17870576439954303,
      "claude-sonnet-4-5": 0.7802105988347606,
      "gemini-2.5-flash": 0.7876758204956463,
      "gemini-3-flash-preview": 0.9168054434502279,
      "gemini-3.1-flash-lite-preview": 0.9489899262956389,
      "gemini-3.1-pro-preview": 0.896584058941728,
      "gpt-4.1": 0.8071453503924002,
      "gpt-5.4-mini": 0.8533001879645241,
      "gpt-5.5": 0.7076001782909641,
      "qwen/qwen3-235b-a22b-2507": 0.9148065419952296,
      "qwen/qwen3-30b-a3b-instruct-2507": 0.8879679677809784,
      "qwen/qwen3-coder-next": 0.8240892050049244,
      "qwen/qwen3-next-80b-a3b-instruct": 0.8595017990485123
    },
    "4": {
      "claude-haiku-4-5": 0.8631586183235614,
      "claude-opus-4-7": 0.19274557452013918,
      "claude-sonnet-4-5": 0.8430006697923644,
      "gemini-2.5-flash": 0.8441154627354961,
      "gemini-3-flash-preview": 0.7769591426657736,
      "gemini-3.1-flash-lite-preview": 0.9763672550981501,
      "gemini-3.1-pro-preview": 0.8472366741483814,
      "gpt-4.1": 0.8108320540196581,
      "gpt-5.4-mini": 0.9319883021305078,
      "gpt-5.5": 0.7148375734398613,
      "qwen/qwen3-235b-a22b-2507": 0.8775491393452225,
      "qwen/qwen3-30b-a3b-instruct-2507": 0.7996290775847024,
      "qwen/qwen3-coder-next": 0.8316371907430355,
      "qwen/qwen3-next-80b-a3b-instruct": 0.8388304847127277
    },
    "5": {
      "claude-haiku-4-5": 0.8980938394591954,
      "claude-opus-4-7": 0.2,
      "claude-sonnet-4-5": 0.811478126158791,
      "gemini-2.5-flash": 0.8158583180268478,
      "gemini-3-flash-preview": 0.7769591426657736,
      "gemini-3.1-flash-lite-preview": 0.9542440701252797,
      "gemini-3.1-pro-preview": 0.861878669311378,
      "gpt-4.1": 0.807534610037933,
      "gpt-5.4-mini": 0.8776326232184127,
      "gpt-5.5": 0.7302792341814215,
      "qwen/qwen3-235b-a22b-2507": 0.9358993805585775,
      "qwen/qwen3-30b-a3b-instruct-2507": 0.9106626097246605,
      "qwen/qwen3-coder-next": 0.9270218611699168,
      "qwen/qwen3-next-80b-a3b-instruct": 0.918834699464481
    },
    "6": {
      "claude-haiku-4-5": 0.9065383925125969,
      "claude-opus-4-7": 0.19132925738636183,
      "claude-sonnet-4-5": 0.7888604563958119,
      "gemini-2.5-flash": 0.8462690769355086,
      "gemini-3-flash-preview": 0.7769591426657736,
      "gemini-3.1-flash-lite-preview": 0.9191769269447914,
      "gemini-3.1-pro-preview": 0.8796662349472585,
      "gpt-4.1": 0.7148514927577146,
      "gpt-5.4-mini": 0.9823174815807101,
      "gpt-5.5": 0.7084594652005163,
      "qwen/qwen3-235b-a22b-2507": 0.935538136607352,
      "qwen/qwen3-30b-a3b-instruct-2507": 0.9603869824502922,
      "qwen/qwen3-coder-next": 0.9368068880370973,
      "qwen/qwen3-next-80b-a3b-instruct": 0.9078553357295903
    },
    "7": {
      "claude-haiku-4-5": 0.8469792298498576,
      "claude-opus-4-7": 0.2,
      "claude-sonnet-4-5": 0.7841665789750528,
      "gemini-2.5-flash": 0.7976673924585527,
      "gemini-3-flash-preview": 0.7769591426657736,
      "gemini-3.1-flash-lite-preview": 0.9426638823132881,
      "gemini-3.1-pro-preview": 0.8767835367411768,
      "gpt-4.1": 0.8109259913902528,
      "gpt-5.4-mini": 0.8321672749277892,
      "gpt-5.5": 0.7066692718553075,
      "qwen/qwen3-235b-a22b-2507": 0.886962224466144,
      "qwen/qwen3-30b-a3b-instruct-2507": 0.8433403229807587,
      "qwen/qwen3-coder-next": 0.8309921522095779,
      "qwen/qwen3-next-80b-a3b-instruct": 0.8645814814315369
    },
    "8": {
      "claude-haiku-4-5": 0.8605999951992604,
      "claude-opus-4-7": 0.2,
      "claude-sonnet-4-5": 0.7754146345926141,
      "gemini-2.5-flash": 0.7876758204956463,
      "gemini-3-flash-preview": 0.851831201041897,
      "gemini-3.1-flash-lite-preview": 0.8992246026994565,
      "gemini-3.1-pro-preview": 0.8221179642899593,
      "gpt-4.1": 0.7527605741190736,
      "gpt-5.4-mini": 0.855841509948948,
      "gpt-5.5": 0.6264728058748336,
      "qwen/qwen3-235b-a22b-2507": 0.8908990029820374,
      "qwen/qwen3-30b-a3b-instruct-2507": 0.8658191668654527,
      "qwen/qwen3-coder-next": 0.8893171207196885,
      "qwen/qwen3-next-80b-a3b-instruct": 0.8834512465165489
    },
    "9": {
      "claude-haiku-4-5": 0.8606293223260469,
      "claude-opus-4-7": 0.19380867697114224,
      "claude-sonnet-4-5": 0.8125826950932536,
      "gemini-2.5-flash": 0.798680445509831,
      "gemini-3-flash-preview": 0.7769591426657736,
      "gemini-3.1-flash-lite-preview": 0.9312012597568583,
      "gemini-3.1-pro-preview": 0.8567069664209214,
      "gpt-4.1": 0.7831253783495741,
      "gpt-5.4-mini": 0.7878161268051049,
      "gpt-5.5": 0.7358338914936371,
      "qwen/qwen3-235b-a22b-2507": 0.9180539828818263,