{
  "meta": {
    "alpha": 0.55,
    "cost_per_1k_input_usd": {
      "claude-haiku-4-5": 0.0008,
      "claude-opus-4-7": 0.015,
      "claude-sonnet-4-5": 0.003,
      "deepseek/deepseek-v4-flash": 0.00014,
      "deepseek/deepseek-v4-pro": 0.000435,
      "gemini-2.5-flash": 0.0003,
      "gemini-3-flash-preview": 0.0005,
      "gemini-3.1-flash-lite-preview": 0.0001,
      "gemini-3.1-pro-preview": 0.002,
      "gpt-4.1": 0.002,
      "gpt-5.4-mini": 0.0004,
      "gpt-5.5": 0.005,
      "mistralai/mistral-small-2603": 0.00015,
      "moonshotai/kimi-k2.5": 0.00044,
      "qwen/qwen3-235b-a22b-2507": 7.1e-05,
      "qwen/qwen3-30b-a3b-instruct-2507": 8e-05,
      "qwen/qwen3-coder": 0.00022,
      "qwen/qwen3-coder-next": 7e-05,
      "qwen/qwen3-next-80b-a3b-instruct": 9e-05,
      "qwen/qwen3.5-flash-02-23": 6.5e-05
    },
    "embedder_model": "jina-v2-base-code-int8",
    "exclude_prompts": null,
    "include_routerarena_labels": "routerarena_plus_shortprompts.jsonl",
    "k": 16,
    "n_excluded_prompts": 0,
    "n_prompts": 8416,
    "per_model_zscore": false,
    "router_version": "weave-router-v0.1-bootstrap",
    "routerarena_only": true,
    "score_normalization": "per_prompt_minmax_across_bench_columns",
    "seed": 42,
    "shrinkage_k0": 10.0,
    "top_p": 4,
    "training_data_mix": {
      "d1": 1.0,
      "d2": 0.0,
      "d3": 0.0
    }
  },
  "rankings": {
    "0": {
      "claude-haiku-4-5": 0.5430239569900165,
      "claude-opus-4-7": 0.4036559026856624,
      "claude-sonnet-4-5": 0.7169350029152496,
      "deepseek/deepseek-v4-flash": 0.6592215720648336,
      "deepseek/deepseek-v4-pro": 0.9277772900179222,
      "gemini-2.5-flash": 0.6282371408898342,
      "gemini-3-flash-preview": 0.8927164825367534,
      "gemini-3.1-flash-lite-preview": 0.7191219678419412,
      "gemini-3.1-pro-preview": 0.9416973552058923,
      "gpt-4.1": 0.5603636149792224,
      "gpt-5.4-mini": 0.5165864111220028,
      "gpt-5.5": 0.5766433278022858,
      "mistralai/mistral-small-2603": 0.4474389019082691,
      "moonshotai/kimi-k2.5": 0.8702767842947714,
      "qwen/qwen3-235b-a22b-2507": 0.6255302496932106,
      "qwen/qwen3-30b-a3b-instruct-2507": 0.4501028778340426,
      "qwen/qwen3-coder": 0.4868405679051714,
      "qwen/qwen3-coder-next": 0.47545287805846337,
      "qwen/qwen3-next-80b-a3b-instruct": 0.5352035973253614,
      "qwen/qwen3.5-flash-02-23": 0.5741790086838318
    },
    "1": {
      "claude-haiku-4-5": 0.6426515144545178,
      "claude-opus-4-7": 0.4824855827990108,
      "claude-sonnet-4-5": 0.8227589474933055,
      "deepseek/deepseek-v4-flash": 0.8019756278072261,
      "deepseek/deepseek-v4-pro": 0.9061679209434774,
      "gemini-2.5-flash": 0.6203729945137298,
      "gemini-3-flash-preview": 0.7873599754356204,
      "gemini-3.1-flash-lite-preview": 0.8393844898723126,
      "gemini-3.1-pro-preview": 0.8997540486903379,
      "gpt-4.1": 0.6876613449491665,
      "gpt-5.4-mini": 0.5913141325061428,
      "gpt-5.5": 0.8513056578506863,
      "mistralai/mistral-small-2603": 0.4474389019082691,
      "moonshotai/kimi-k2.5": 0.8885248067885889,
      "qwen/qwen3-235b-a22b-2507": 0.6980018085868811,
      "qwen/qwen3-30b-a3b-instruct-2507": 0.47978161471943703,
      "qwen/qwen3-coder": 0.6435032443297835,
      "qwen/qwen3-coder-next": 0.582533613906438,
      "qwen/qwen3-next-80b-a3b-instruct": 0.6340550889861988,
      "qwen/qwen3.5-flash-02-23": 0.7427139149384586
    },
    "10": {
      "claude-haiku-4-5": 0.6104567479294869,
      "claude-opus-4-7": 0.4738733885390762,
      "claude-sonnet-4-5": 0.7362730551991143,
      "deepseek/deepseek-v4-flash": 0.8091502606387491,
      "deepseek/deepseek-v4-pro": 0.9416748121494443,
      "gemini-2.5-flash": 0.5635102729365241,
      "gemini-3-flash-preview": 0.5515254119526484,
      "gemini-3.1-flash-lite-preview": 0.7394338840018093,
      "gemini-3.1-pro-preview": 0.8394851780097321,
      "gpt-4.1": 0.591947391173327,
      "gpt-5.4-mini": 0.5438064642593405,
      "gpt-5.5": 0.8513056578506863,
      "mistralai/mistral-small-2603": 0.4474389019082691,
      "moonshotai/kimi-k2.5": 0.9167431973308966,
      "qwen/qwen3-235b-a22b-2507": 0.6647741313574271,
      "qwen/qwen3-30b-a3b-instruct-2507": 0.6165887978539102,
      "qwen/qwen3-coder": 0.6525591009868636,
      "qwen/qwen3-coder-next": 0.6603081170297952,
      "qwen/qwen3-next-80b-a3b-instruct": 0.6597741131459677,
      "qwen/qwen3.5-flash-02-23": 0.9181855207648766
    },
    "11": {
      "claude-haiku-4-5": 0.5832543837524983,
      "claude-opus-4-7": 0.42836774856581544,
      "claude-sonnet-4-5": 0.6645031618615276,
      "deepseek/deepseek-v4-flash": 0.782517959913956,
      "deepseek/deepseek-v4-pro": 0.9161209415743921,
      "gemini-2.5-flash": 0.44291931704050885,
      "gemini-3-flash-preview": 0.6910368741851682,
      "gemini-3.1-flash-lite-preview": 0.8018007795391275,
      "gemini-3.1-pro-preview": 0.9416973552058923,
      "gpt-4.1": 0.5195531172205441,
      "gpt-5.4-mini": 0.6755569232617962,
      "gpt-5.5": 0.6201122004247903,
      "mistralai/mistral-small-2603": 0.4485089731301091,
      "moonshotai/kimi-k2.5": 0.7884391693284158,
      "qwen/qwen3-235b-a22b-2507": 0.7526538015463509,
      "qwen/qwen3-30b-a3b-instruct-2507": 0.633507115851426,
      "qwen/qwen3-coder": 0.7092889826631991,
      "qwen/qwen3-coder-next": 0.7562333944936369,
      "qwen/qwen3-next-80b-a3b-instruct": 0.8151435895899135,
      "qwen/qwen3.5-flash-02-23": 0.7123303691883562
    },
    "12": {
      "claude-haiku-4-5": 0.6597361875860317,
      "claude-opus-4-7": 0.55,
      "claude-sonnet-4-5": 0.7585819173401627,
      "deepseek/deepseek-v4-flash": 0.7753903849356519,
      "deepseek/deepseek-v4-pro": 0.7812031969115047,
      "gemini-2.5-flash": 0.5393108366656182,
      "gemini-3-flash-preview": 0.4992654894427474,
      "gemini-3.1-flash-lite-preview": 0.8249815632957256,
      "gemini-3.1-pro-preview": 0.8943532011356439,
      "gpt-4.1": 0.6934250642019139,
      "gpt-5.4-mini": 0.6215356363162945,
      "gpt-5.5": 0.7834716606878513,
      "mistralai/mistral-small-2603": 0.4474389019082691,
      "moonshotai/kimi-k2.5": 0.8677871190463335,
      "qwen/qwen3-235b-a22b-2507": 0.6675850065625271,
      "qwen/qwen3-30b-a3b-instruct-2507": 0.5841894723584604,
      "qwen/qwen3-coder": 0.6305326319310961,
      "qwen/qwen3-coder-next": 0.5632816000770066,
      "qwen/qwen3-next-80b-a3b-instruct": 0.6167867555027216,
      "qwen/qwen3.5-flash-02-23": 0.7793396901460197
    },
    "13": {
      "claude-haiku-4-5": 0.786981070843257,
      "claude-opus-4-7": 0.55,
      "claude-sonnet-4-5": 0.8130023564651525,
      "deepseek/deepseek-v4-flash": 0.8842665579196552,
      "deepseek/deepseek-v4-pro": 0.947771183036643,
      "gemini-2.5-flash": 0.5361029848897083,
      "gemini-3-flash-preview": 0.4368932038834951,
      "gemini-3.1-flash-lite-preview": 0.839564278652849,
      "gemini-3.1-pro-preview": 0.8460103110598902,
      "gpt-4.1": 0.6815084512613407,
      "gpt-5.4-mini": 0.7717833106066373,
      "gpt-5.5": 0.8302450121390852,
      "mistralai/mistral-small-2603": 0.7303852803103739,
      "moonshotai/kimi-k2.5": 0.9009573103527899,
      "qwen/qwen3-235b-a22b-2507": 0.8217383455183467,
      "qwen/qwen3-30b-a3b-instruct-2507": 0.7874533237879509,
      "qwen/qwen3-coder": 0.7833038216815138,
      "qwen/qwen3-coder-next": 0.8291113397295651,
      "qwen/qwen3-next-80b-a3b-instruct": 0.7736583561524891,
      "qwen/qwen3.5-flash-02-23": 0.9806353570741714
    },
    "14": {
      "claude-haiku-4-5": 0.7252926425379596,
      "claude-opus-4-7": 0.5082590789134904,
      "claude-sonnet-4-5": 0.8153646953539798,
      "deepseek/deepseek-v4-flash": 0.8848360567393909,
      "deepseek/deepseek-v4-pro": 0.8929082996788618,
      "gemini-2.5-flash": 0.44291931704050885,
      "gemini-3-flash-preview": 0.7436641248305089,
      "gemini-3.1-flash-lite-preview": 0.9174404409102892,