{
  "meta": {
    "comment": "Runtime model-feature matrix for v0.67. psi_probe = quality_means.json transposed (per-cluster quality the scorer reads); operational = model_axes.json. Faithful repackaging that lets a new model be onboarded as one appended column with no retrain. Regenerate from this version quality_means.json + model_axes.json.",
    "k": 16,
    "n_models": 15,
    "roster_version": "v0.67",
    "source": "quality_means.json + model_axes.json"
  },
  "models": {
    "claude-haiku-4-5": {
      "operational": {
        "input_per_1k_usd": 0.0008,
        "output_per_1k_usd": 0.004,
        "tps": 100.688,
        "ttft_s": 0.697,
        "verbosity_tokens": null
      },
      "psi_probe": [
        0.4438015869743398,
        0.4306250864136416,
        0.47720159579330557,
        0.45469627870230783,
        0.44928268824250533,
        0.38196829690118256,
        0.45469627870230783,
        0.45469627870230783,
        0.39694383205161793,
        0.4907387989798053,
        0.3955387732609464,
        0.48575123276213206,
        0.4337559294522864,
        0.38531757802467637,
        0.39979533312216087,
        0.4542667180845843
      ]
    },
    "claude-opus-4-7": {
      "operational": {
        "input_per_1k_usd": 0.005,
        "output_per_1k_usd": 0.025,
        "tps": 48.002,
        "ttft_s": 23.963,
        "verbosity_tokens": null
      },
      "psi_probe": [
        0.5338075952091197,
        0.5396002709790417,
        0.5166696160482687,
        0.5396002709790417,
        0.5219013570003486,
        0.5846215314846294,
        0.5396002709790417,
        0.5396002709790417,
        0.5911811406361966,
        0.532574754516196,
        0.5576398673296609,
        0.5163766768000643,
        0.5547826427786341,
        0.5973789512003482,
        0.598883425126374,
        0.5389506147547786
      ]
    },
    "claude-opus-4-8": {
      "operational": {
        "input_per_1k_usd": 0.005,
        "output_per_1k_usd": 0.025,
        "tps": 58.9,
        "ttft_s": 19.53,
        "verbosity_tokens": null
      },
      "psi_probe": [
        0.5471481828700251,
        0.547271500042756,
        0.5167176848404728,
        0.5416624221645976,
        0.5221877668872313,
        0.5958939312118454,
        0.5416624221645976,
        0.5481492402326249,
        0.5911821406361967,
        0.5326997333759266,
        0.5576408673296609,
        0.5166110121620592,
        0.5547836427786341,
        0.6078030180825855,
        0.5988844251263741,
        0.5391747616227738
      ]
    },
    "claude-sonnet-4-6": {
      "operational": {
        "input_per_1k_usd": 0.003,
        "output_per_1k_usd": 0.015,
        "tps": 48.426,
        "ttft_s": 1.076,
        "verbosity_tokens": null
      },
      "psi_probe": [
        0.5158449389619782,
        0.5050826450877288,
        0.5110021380262505,
        0.5159271374789357,
        0.5152656965403405,
        0.5365881030883853,
        0.5159271374789357,
        0.5159271374789357,
        0.5719246007529506,
        0.5197997470283353,
        0.5447732249868299,
        0.4723147876262507,
        0.5219065161572541,
        0.5592605569611961,
        0.5558272350173957,
        0.4529827357442263
      ]
    },
    "deepseek/deepseek-v4-flash": {
      "operational": {
        "input_per_1k_usd": 0.00014,
        "output_per_1k_usd": 0.00028,
        "tps": 98.429,
        "ttft_s": 0.797,
        "verbosity_tokens": null
      },
      "psi_probe": [
        0.5020837745001091,
        0.5194497409268027,
        0.4997939570382815,
        0.5110584871370489,
        0.5092334590809561,
        0.5551434812457156,
        0.5110584871370489,
        0.4931831784935616,
        0.5400159373758546,
        0.5110606638605415,
        0.4889688904443686,
        0.5073609101682706,
        0.51984651713713,
        0.5357733763778383,
        0.5503153267364344,
        0.49476206879964624
      ]
    },
    "deepseek/deepseek-v4-pro": {
      "operational": {
        "input_per_1k_usd": 0.00174,
        "output_per_1k_usd": 0.00348,
        "tps": 28.962,
        "ttft_s": 1.154,
        "verbosity_tokens": null
      },
      "psi_probe": [
        0.5226082464255359,
        0.5226082464255359,
        0.5184238720387395,
        0.5226082464255359,
        0.5442980099625294,
        0.5226082464255359,
        0.5226082464255359,
        0.5226082464255359,
        0.5226082464255359,
        0.5218574596983067,
        0.5226082464255359,
        0.5042534215528242,
        0.5345805285652229,
        0.5226082464255359,
        0.5226082464255359,
        0.5440148751424253
      ]
    },
    "gemini-3.1-flash-lite-preview": {
      "operational": {
        "input_per_1k_usd": 0.0001,
        "output_per_1k_usd": 0.0004,
        "tps": 292.193,
        "ttft_s": 4.924,
        "verbosity_tokens": null
      },
      "psi_probe": [
        0.4547089251256908,
        0.47061335209935606,
        0.5088885019492825,
        0.47061335209935606,
        0.5184251957543077,
        0.36084025171704837,
        0.47061335209935606,
        0.47061335209935606,
        0.3349637657779317,
        0.5023859430685619,
        0.493095441459301,
        0.4998632731106863,
        0.4553061576610284,
        0.32663842589641046,
        0.3557587554430852,
        0.49646383771428165
      ]
    },
    "gemini-3.1-pro-preview": {
      "operational": {
        "input_per_1k_usd": 0.002,
        "output_per_1k_usd": 0.008,
        "tps": 124.978,
        "ttft_s": 21.672,
        "verbosity_tokens": null
      },
      "psi_probe": [
        0.5331825379065573,
        0.5255355112641087,
        0.5127299348570865,
        0.5255355112641087,
        0.5547247745207484,
        0.521966857898451,
        0.5255355112641087,
        0.5255355112641087,
        0.5421630787833325,
        0.5199168675480944,
        0.5168501685454521,
        0.5264026921564322,
        0.5052654645488787,
        0.5733787381463804,
        0.5063574178388238,
        0.5241465265745258
      ]
    },
    "gemini-3.5-flash": {
      "operational": {
        "input_per_1k_usd": 0.0015,
        "output_per_1k_usd": 0.009,
        "tps": 279.018,
        "ttft_s": 13.981,
        "verbosity_tokens": null
      },
      "psi_probe": [
        0.480872498569027,
        0.5201680955521678,
        0.5182053568003167,
        0.5118486772249506,
        0.5450403993446268,
        0.5008811482840176,
        0.5118486772249506,
        0.5311094698584761,
        0.47504370795042317,
        0.5087122279887523,
        0.5258309097652669,
        0.5074254041276288,
        0.49473713067260316,
        0.5011232231322515,
        0.5054658131195593,
        0.5188641081422433
      ]
    },
    "gpt-5.4-mini": {
      "operational": {
        "input_per_1k_usd": 0.0004,
        "output_per_1k_usd": 0.0016,
        "tps": 162.901,
        "ttft_s": 4.544,
        "verbosity_tokens": null
      },
      "psi_probe": [
        0.46816768449699053,
        0.4686825008336219,
        0.47188666648876254,
        0.45521452303455,
        0.46710298948331336,
        0.38869643082908645,
        0.45521452303455,
        0.45521452303455,
        0.39438430499802085,
        0.4669791128390997,
        0.4663461299158568,
        0.48684264473735284,
        0.44247380010702336,
        0.3726597491743482,
        0.3727008497890573,
        0.4977472618153019
      ]
    },
    "gpt-5.5": {
      "operational": {
        "input_per_1k_usd": 0.005,
        "output_per_1k_usd": 0.04,
        "tps": 65.144,
        "ttft_s": 50.034,
        "verbosity_tokens": null
      },