{
  "meta": {
    "aa_evidence_scale": 1.0,
    "aa_label_residuals": {
      "fraction_under_threshold": 0.9345238095238095,
      "max": 0.15017113022401213,
      "mean": 0.009312707280993567,
      "median": 4.536560974495452e-06,
      "n_cells": 168,
      "p90": 0.02728130539219235
    },
    "aa_label_tier_weights": {
      "IFBENCH": 0.3,
      "LIVECODEBENCH": 1.0,
      "SCICODE": 1.0,
      "SWE_BENCH_VERIFIED": 1.0,
      "TAU2_BENCH_TELECOM": 0.3,
      "TERMINAL_BENCH_HARD": 1.0
    },
    "alpha": 0.53,
    "cost_per_1k_input_usd": {
      "claude-haiku-4-5": 0.0012629145417960715,
      "claude-opus-4-7": 0.021196793977061743,
      "claude-sonnet-4-6": 0.004636208359276976,
      "deepseek/deepseek-v4-flash": 0.00025885157289019393,
      "deepseek/deepseek-v4-pro": 0.0034426301116815055,
      "gemini-3.1-flash-lite-preview": 0.0001256025665865941,
      "gemini-3.1-pro-preview": 0.0024464087413931376,
      "gpt-5.4-mini": 0.0004560425331529976,
      "gpt-5.5": 0.015,
      "minimax/minimax-m2.7": 0.0010843745591148247,
      "moonshotai/kimi-k2.6": 0.004128634602518305,
      "qwen/qwen3-235b-a22b-2507": 0.00014723499994983706,
      "qwen/qwen3-coder-next": 0.0007326585164437237,
      "qwen/qwen3-next-80b-a3b-instruct": 0.00034418436007456715,
      "qwen/qwen3.6-35b-a3b": 0.0012664207232805558,
      "xiaomi/mimo-v2.5": 0.0016320084361516752,
      "xiaomi/mimo-v2.5-pro": 0.0025440887526547167,
      "z-ai/glm-5": 0.00237608277636799
    },
    "embedder_model": "jina-v2-base-code-int8",
    "exclude_prompts": null,
    "expected_output_tokens": 2000,
    "include_aa_labels": "aa_quality_priors.json",
    "include_routerarena_labels": "routerarena_labels_combined.jsonl",
    "k": 16,
    "n_excluded_prompts": 0,
    "n_prompts": 8013,
    "output_cost_ratio": 0.25,
    "per_model_verbosity": true,
    "per_model_zscore": false,
    "router_version": "weave-router-v0.1-bootstrap",
    "routerarena_only": true,
    "score_normalization": "per_prompt_minmax_across_bench_columns",
    "seed": 42,
    "shrinkage_k0": 10.0,
    "speed_weight": 0.2,
    "top_p": 4,
    "training_data_mix": {
      "d1": 1.0,
      "d2": 0.0,
      "d3": 0.0
    }
  },
  "rankings": {
    "0": {
      "claude-haiku-4-5": 0.5160430349471384,
      "claude-opus-4-7": 0.45379033658814544,
      "claude-sonnet-4-6": 0.6958187133722636,
      "deepseek/deepseek-v4-flash": 0.7478361290089518,
      "deepseek/deepseek-v4-pro": 0.74411022615925,
      "gemini-3.1-flash-lite-preview": 0.8310766873351785,
      "gemini-3.1-pro-preview": 0.8388350686277638,
      "gpt-5.4-mini": 0.4533251304727448,
      "gpt-5.5": 0.6094038809298132,
      "minimax/minimax-m2.7": 0.537799271671621,
      "moonshotai/kimi-k2.6": 0.8636731794699017,
      "qwen/qwen3-235b-a22b-2507": 0.5965707157824175,
      "qwen/qwen3-coder-next": 0.48359347494128907,
      "qwen/qwen3-next-80b-a3b-instruct": 0.5591223461542099,
      "qwen/qwen3.6-35b-a3b": 0.6316926241500684,
      "xiaomi/mimo-v2.5": 0.7334954720319586,
      "xiaomi/mimo-v2.5-pro": 0.7540036180669595,
      "z-ai/glm-5": 0.7910336539046176
    },
    "1": {
      "claude-haiku-4-5": 0.5227935436865835,
      "claude-opus-4-7": 0.4220310696700616,
      "claude-sonnet-4-6": 0.5726772013378494,
      "deepseek/deepseek-v4-flash": 0.6210790297100097,
      "deepseek/deepseek-v4-pro": 0.7151671219295799,
      "gemini-3.1-flash-lite-preview": 0.7286555295508088,
      "gemini-3.1-pro-preview": 0.8905706639982925,
      "gpt-5.4-mini": 0.5181331152044539,
      "gpt-5.5": 0.3380365767396101,
      "minimax/minimax-m2.7": 0.5691171608282045,
      "moonshotai/kimi-k2.6": 0.7921647859024445,
      "qwen/qwen3-235b-a22b-2507": 0.5598137141571905,
      "qwen/qwen3-coder-next": 0.4259562196444643,
      "qwen/qwen3-next-80b-a3b-instruct": 0.5204468215180664,
      "qwen/qwen3.6-35b-a3b": 0.5863496033403326,
      "xiaomi/mimo-v2.5": 0.5653433672640158,
      "xiaomi/mimo-v2.5-pro": 0.5476758692705628,
      "z-ai/glm-5": 0.7527696724715653
    },
    "10": {
      "claude-haiku-4-5": 0.6119757082482902,
      "claude-opus-4-7": 0.4916611821636659,
      "claude-sonnet-4-6": 0.6952490121644406,
      "deepseek/deepseek-v4-flash": 0.8294778935866814,
      "deepseek/deepseek-v4-pro": 0.665834042748163,
      "gemini-3.1-flash-lite-preview": 0.8394033511736674,
      "gemini-3.1-pro-preview": 0.8545115947135361,
      "gpt-5.4-mini": 0.5842840728098594,
      "gpt-5.5": 0.49137270312581394,
      "minimax/minimax-m2.7": 0.6427351187148647,
      "moonshotai/kimi-k2.6": 0.8674023343893164,
      "qwen/qwen3-235b-a22b-2507": 0.7428513989052989,
      "qwen/qwen3-coder-next": 0.7193745593635512,
      "qwen/qwen3-next-80b-a3b-instruct": 0.46190283221207634,
      "qwen/qwen3.6-35b-a3b": 0.983104977939806,
      "xiaomi/mimo-v2.5": 0.8037451040195998,
      "xiaomi/mimo-v2.5-pro": 0.7881743077483835,
      "z-ai/glm-5": 0.7535583325090657
    },
    "11": {
      "claude-haiku-4-5": 0.6244559754660459,
      "claude-opus-4-7": 0.5682685756286395,
      "claude-sonnet-4-6": 0.7624829560225784,
      "deepseek/deepseek-v4-flash": 0.8930565163759926,
      "deepseek/deepseek-v4-pro": 0.6953214138416571,
      "gemini-3.1-flash-lite-preview": 0.8759881663944922,
      "gemini-3.1-pro-preview": 0.8011673074997078,
      "gpt-5.4-mini": 0.829124146299481,
      "gpt-5.5": 0.6094038809298132,
      "minimax/minimax-m2.7": 0.586605930345212,
      "moonshotai/kimi-k2.6": 0.7008643958630565,
      "qwen/qwen3-235b-a22b-2507": 0.6209819168083784,
      "qwen/qwen3-coder-next": 0.4259562196444643,
      "qwen/qwen3-next-80b-a3b-instruct": 0.46497747818655555,
      "qwen/qwen3.6-35b-a3b": 0.5191368790188993,
      "xiaomi/mimo-v2.5": 0.6715226036907262,
      "xiaomi/mimo-v2.5-pro": 0.6735631308885005,
      "z-ai/glm-5": 0.6723771503841962
    },
    "12": {
      "claude-haiku-4-5": 0.5716300170834658,
      "claude-opus-4-7": 0.5761098681235726,
      "claude-sonnet-4-6": 0.5135482329856089,
      "deepseek/deepseek-v4-flash": 0.7037535662354614,
      "deepseek/deepseek-v4-pro": 0.676595962305984,
      "gemini-3.1-flash-lite-preview": 0.6018889921900605,
      "gemini-3.1-pro-preview": 0.584844630858866,
      "gpt-5.4-mini": 0.4533251304727448,
      "gpt-5.5": 0.29795010997121846,
      "minimax/minimax-m2.7": 0.4435532139084749,
      "moonshotai/kimi-k2.6": 0.6073678014271107,
      "qwen/qwen3-235b-a22b-2507": 0.5131854671751243,
      "qwen/qwen3-coder-next": 0.44699292124990714,
      "qwen/qwen3-next-80b-a3b-instruct": 0.5181167060341949,
      "qwen/qwen3.6-35b-a3b": 0.811190219525747,
      "xiaomi/mimo-v2.5": 0.6432368695705803,
      "xiaomi/mimo-v2.5-pro": 0.6206721781349233,
      "z-ai/glm-5": 0.6170367072776322
    },
    "13": {
      "claude-haiku-4-5": 0.5356848226960798,
      "claude-opus-4-7": 0.5163243508565982,
      "claude-sonnet-4-6": 0.7766043632195129,
      "deepseek/deepseek-v4-flash": 0.8826972354034677,
      "deepseek/deepseek-v4-pro": 0.7895344728318663,
      "gemini-3.1-flash-lite-preview": 0.7543332390544075,
      "gemini-3.1-pro-preview": 0.7918726477600916,
      "gpt-5.4-mini": 0.4886413277865915,
      "gpt-5.5": 0.5558894217442509,
      "minimax/minimax-m2.7": 0.7046022979943352,
      "moonshotai/kimi-k2.6": 0.7958961176936192,
      "qwen/qwen3-235b-a22b-2507": 0.7226287152424257,
      "qwen/qwen3-coder-next": 0.4455265235420613,
      "qwen/qwen3-next-80b-a3b-instruct": 0.46190283221207634,
      "qwen/qwen3.6-35b-a3b": 0.9054642224102671,
      "xiaomi/mimo-v2.5": 0.8214331336638339,
      "xiaomi/mimo-v2.5-pro": 0.7333997922589988,
      "z-ai/glm-5": 0.791564814675645
    },
    "14": {
      "claude-haiku-4-5": 0.6042599376847316,
      "claude-opus-4-7": 0.49173936563423104,
      "claude-sonnet-4-6": 0.7345641137571103,
      "deepseek/deepseek-v4-flash": 0.8238435789112529,
      "deepseek/deepseek-v4-pro": 0.7547804596740227,
      "gemini-3.1-flash-lite-preview": 0.7667283889012777,