{
  "meta": {
    "alpha": 0.53,
    "cost_per_1k_input_usd": {
      "claude-haiku-4-5": 0.8,
      "claude-opus-4-7": 15.0,
      "claude-sonnet-4-5": 3.0,
      "gemini-3-flash-preview": 0.5,
      "gemini-3.1-flash-lite-preview": 0.1,
      "gemini-3.1-pro-preview": 2.0,
      "gpt-4.1": 2.0,
      "gpt-5.5": 5.0
    },
    "embedder_model": "jina-v2-base-code-int8",
    "k": 10,
    "n_prompts": 15354,
    "per_model_zscore": true,
    "router_version": "weave-router-v0.1-bootstrap",
    "score_normalization": "per_prompt_zscore_across_bench_columns",
    "seed": 42,
    "shrinkage_k0": 10.0,
    "top_p": 4,
    "training_data_mix": {
      "d1": 1.0,
      "d2": 0.0,
      "d3": 0.0
    }
  },
  "rankings": {
    "0": {
      "claude-haiku-4-5": 0.09699051631766376,
      "claude-opus-4-7": 0.24413979907568037,
      "claude-sonnet-4-5": -0.754815548171961,
      "gemini-3-flash-preview": 0.09699051631766237,
      "gemini-3.1-flash-lite-preview": 0.096990516317661,
      "gemini-3.1-pro-preview": 1.9083678558853776,
      "gpt-4.1": 0.7463977627709738,
      "gpt-5.5": 0.33451652446487207
    },
    "1": {
      "claude-haiku-4-5": 0.102585135742914,
      "claude-opus-4-7": 0.35744498083323323,
      "claude-sonnet-4-5": -0.5778047771221202,
      "gemini-3-flash-preview": 0.10258513574291123,
      "gemini-3.1-flash-lite-preview": 0.10258513574291124,
      "gemini-3.1-pro-preview": -0.2659295461752744,
      "gpt-4.1": -1.1623940584837105,
      "gpt-5.5": 0.33451652446487207
    },
    "2": {
      "claude-haiku-4-5": 1.5611015746584003,
      "claude-opus-4-7": 0.3429406542926858,
      "claude-sonnet-4-5": -0.754815548171961,
      "gemini-3-flash-preview": 1.561101574658399,
      "gemini-3.1-flash-lite-preview": 1.5611015746583978,
      "gemini-3.1-pro-preview": -0.007166257229789408,
      "gpt-4.1": 1.4395148687419819,
      "gpt-5.5": 0.33451652446487207
    },
    "3": {
      "claude-haiku-4-5": 1.8419884419442496,
      "claude-opus-4-7": 0.3462513834641678,
      "claude-sonnet-4-5": -0.754815548171961,
      "gemini-3-flash-preview": 1.841988441944247,
      "gemini-3.1-flash-lite-preview": 1.8419884419442472,
      "gemini-3.1-pro-preview": 0.27785520244164386,
      "gpt-4.1": 0.9295862210770142,
      "gpt-5.5": 0.33451652446487207
    },
    "4": {
      "claude-haiku-4-5": -0.5415093574154477,
      "claude-opus-4-7": -2.99766467836585,
      "claude-sonnet-4-5": 2.6423352082782725,
      "gemini-3-flash-preview": -0.5415093574154505,
      "gemini-3.1-flash-lite-preview": -0.5415093574154505,
      "gemini-3.1-pro-preview": 1.2611152055139625,
      "gpt-4.1": -1.1623940584837105,
      "gpt-5.5": -2.999993027934665
    },
    "5": {
      "claude-haiku-4-5": -0.2658954923310273,
      "claude-opus-4-7": 0.3583898927681136,
      "claude-sonnet-4-5": 0.7550727935546588,
      "gemini-3-flash-preview": -0.2658954923310301,
      "gemini-3.1-flash-lite-preview": -0.2658954923310301,
      "gemini-3.1-pro-preview": -2.0521186688099675,
      "gpt-4.1": 0.13175002312029543,
      "gpt-5.5": 0.33451652446487207
    },
    "6": {
      "claude-haiku-4-5": -0.36655112350674013,
      "claude-opus-4-7": 0.35203103477250164,
      "claude-sonnet-4-5": -0.4425977729906093,
      "gemini-3-flash-preview": -0.3665511235067415,
      "gemini-3.1-flash-lite-preview": -0.36655112350674296,
      "gemini-3.1-pro-preview": -0.5090213159885598,
      "gpt-4.1": -1.1623940584837105,
      "gpt-5.5": 0.33451652446487207
    },
    "7": {
      "claude-haiku-4-5": -1.3396024129335338,
      "claude-opus-4-7": 0.36320862698580936,
      "claude-sonnet-4-5": 0.22396822300534083,
      "gemini-3-flash-preview": -1.3396024129335358,
      "gemini-3.1-flash-lite-preview": -1.3396024129335367,
      "gemini-3.1-pro-preview": -0.33004682998916157,
      "gpt-4.1": 0.4761104489785065,
      "gpt-5.5": 0.33026674794761307
    },
    "8": {
      "claude-haiku-4-5": 0.250495130457066,
      "claude-opus-4-7": 0.36320862698580936,
      "claude-sonnet-4-5": -0.39426357392312195,
      "gemini-3-flash-preview": 0.25049513045706323,
      "gemini-3.1-flash-lite-preview": 0.25049513045706323,
      "gemini-3.1-pro-preview": -0.15673115284880992,
      "gpt-4.1": -1.1623940584837105,
      "gpt-5.5": 0.32811060873294984
    },
    "9": {
      "claude-haiku-4-5": -1.3396024129335338,
      "claude-opus-4-7": 0.27004967918784906,
      "claude-sonnet-4-5": 0.05773654371346185,
      "gemini-3-flash-preview": -1.3396024129335358,
      "gemini-3.1-flash-lite-preview": -1.3396024129335367,
      "gemini-3.1-pro-preview": -0.12632449279942776,
      "gpt-4.1": 0.9262169092460755,
      "gpt-5.5": 0.33451652446487207
    }
  }
}