{
  "meta": {
    "alpha": 0.53,
    "cost_per_1k_input_usd": {
      "claude-haiku-4-5": 0.8,
      "claude-opus-4-7": 15.0,
      "claude-sonnet-4-5": 3.0,
      "gemini-3-flash-preview": 0.5,
      "gemini-3.1-flash-lite-preview": 0.1,
      "gemini-3.1-pro-preview": 2.0,
      "gpt-4.1": 2.0,
      "gpt-5.4-mini": 0.4,
      "gpt-5.5": 5.0
    },
    "embedder_model": "jina-v2-base-code-int8",
    "exclude_prompts": "/Users/steventohme/Desktop/workweave4/router-internal/eval/results/_unsorted/routerarena_labels_sub10.jsonl",
    "include_routerarena_labels": "/Users/steventohme/Desktop/workweave4/router-internal/eval/results/_unsorted/routerarena_labels_full.jsonl",
    "k": 10,
    "n_excluded_prompts": 809,
    "n_prompts": 20256,
    "per_model_zscore": false,
    "router_version": "weave-router-v0.1-bootstrap",
    "routerarena_only": false,
    "score_normalization": "per_prompt_zscore_across_bench_columns",
    "seed": 42,
    "shrinkage_k0": 10.0,
    "top_p": 4,
    "training_data_mix": {
      "d1": 1.0,
      "d2": 0.0,
      "d3": 0.0
    }
  },
  "rankings": {
    "0": {
      "claude-haiku-4-5": 0.6504067848772146,
      "claude-opus-4-7": 0.53,
      "claude-sonnet-4-5": 0.8000918016330998,
      "gemini-3-flash-preview": 0.45738255033557046,
      "gemini-3.1-flash-lite-preview": 0.8269033683533611,
      "gemini-3.1-pro-preview": 0.8913152935515876,
      "gpt-4.1": 0.6169773685547919,
      "gpt-5.4-mini": 0.5251387267629928,
      "gpt-5.5": 0.8387654386831709
    },
    "1": {
      "claude-haiku-4-5": 0.6855791027285956,
      "claude-opus-4-7": 0.53,
      "claude-sonnet-4-5": 0.37852348993288587,
      "gemini-3-flash-preview": 0.6949595657891672,
      "gemini-3.1-flash-lite-preview": 0.70780299905701,
      "gemini-3.1-pro-preview": 0.7915261270517946,
      "gpt-4.1": 0.5848674112060086,
      "gpt-5.4-mini": 0.5837478837638013,
      "gpt-5.5": 0.8453853388962997
    },
    "2": {
      "claude-haiku-4-5": 0.5267129952115509,
      "claude-opus-4-7": 0.53,
      "claude-sonnet-4-5": 0.42658326733403207,
      "gemini-3-flash-preview": 0.5298290478140193,
      "gemini-3.1-flash-lite-preview": 0.5429613786331831,
      "gemini-3.1-pro-preview": 0.5707994684514155,
      "gpt-4.1": 0.41006711409395974,
      "gpt-5.4-mini": 0.4992771163440743,
      "gpt-5.5": 0.8451039151792188
    },
    "3": {
      "claude-haiku-4-5": 0.6920318955433373,
      "claude-opus-4-7": 0.53,
      "claude-sonnet-4-5": 0.37852348993288587,
      "gemini-3-flash-preview": 0.7026608885026238,
      "gemini-3.1-flash-lite-preview": 0.7143975515260477,
      "gemini-3.1-pro-preview": 0.7766366841930967,
      "gpt-4.1": 0.5009499766658446,
      "gpt-5.4-mini": 0.6041255952225438,
      "gpt-5.5": 0.8453350042100973
    },
    "4": {
      "claude-haiku-4-5": 0.5345929299358181,
      "claude-opus-4-7": 0.33387170035061475,
      "claude-sonnet-4-5": 0.5532316227218627,
      "gemini-3-flash-preview": 0.5420255470522687,
      "gemini-3.1-flash-lite-preview": 0.557060822565304,
      "gemini-3.1-pro-preview": 0.9400671140939598,
      "gpt-4.1": 0.5063578072772403,
      "gpt-5.4-mini": 0.46053691275167785,
      "gpt-5.5": 0.6491704033326975
    },
    "5": {
      "claude-haiku-4-5": 0.5478760374287917,
      "claude-opus-4-7": 0.07067484596671138,
      "claude-sonnet-4-5": 0.9085234899328859,
      "gemini-3-flash-preview": 0.5565883863602922,
      "gemini-3.1-flash-lite-preview": 0.5712591639263251,
      "gemini-3.1-pro-preview": 0.8647734759082351,
      "gpt-4.1": 0.48641855580779647,
      "gpt-5.4-mini": 0.46053691275167785,
      "gpt-5.5": 0.3856485763056345
    },
    "6": {
      "claude-haiku-4-5": 0.4483555072367155,
      "claude-opus-4-7": 0.53,
      "claude-sonnet-4-5": 0.5205860196189611,
      "gemini-3-flash-preview": 0.45738255033557046,
      "gemini-3.1-flash-lite-preview": 0.47119261478782964,
      "gemini-3.1-pro-preview": 0.7361678727506528,
      "gpt-4.1": 0.5615108403556675,
      "gpt-5.4-mini": 0.5767351181535606,
      "gpt-5.5": 0.8451676056165192
    },
    "7": {
      "claude-haiku-4-5": 0.5344472976506243,
      "claude-opus-4-7": 0.53,
      "claude-sonnet-4-5": 0.37852348993288587,
      "gemini-3-flash-preview": 0.5436930716234747,
      "gemini-3.1-flash-lite-preview": 0.5569048900605067,
      "gemini-3.1-pro-preview": 0.7921542573082656,
      "gpt-4.1": 0.4903587523525105,
      "gpt-5.4-mini": 0.4799266816754506,
      "gpt-5.5": 0.8453023602872884
    },
    "8": {
      "claude-haiku-4-5": 0.4912319542373856,
      "claude-opus-4-7": 0.47102309544673676,
      "claude-sonnet-4-5": 0.6572810570088209,
      "gemini-3-flash-preview": 0.6293014819235856,
      "gemini-3.1-flash-lite-preview": 0.7305462480235024,
      "gemini-3.1-pro-preview": 0.9400671140939598,
      "gpt-4.1": 0.41006711409395974,
      "gpt-5.4-mini": 0.5193910266308339,
      "gpt-5.5": 0.5889098299828537
    },
    "9": {
      "claude-haiku-4-5": 0.6080430243997914,
      "claude-opus-4-7": 0.5287315606755426,
      "claude-sonnet-4-5": 0.5636386841465494,
      "gemini-3-flash-preview": 0.607438275041795,
      "gemini-3.1-flash-lite-preview": 0.6348725527130219,
      "gemini-3.1-pro-preview": 0.8650129222340264,
      "gpt-4.1": 0.5993721316274896,
      "gpt-5.4-mini": 0.46053691275167785,
      "gpt-5.5": 0.8454362416107382
    }
  }
}