{
  "meta": {
    "source": "IN-HOUSE harness-faithful inference (mine_bakeoff) preferred; AA-impute for anchor-capability confound cells; shrink k0=10",
    "k": 12,
    "roster": [
      "claude-haiku-4-5",
      "claude-sonnet-4-6",
      "claude-opus-4-7",
      "gemini-3.1-flash-lite-preview",
      "gemini-3.1-pro-preview",
      "gemini-3.5-flash",
      "gpt-5.4-mini",
      "gpt-5.5",
      "qwen/qwen3-coder-next",
      "qwen/qwen3-next-80b-a3b-instruct",
      "deepseek/deepseek-v4-flash",
      "deepseek/deepseek-v4-pro",
      "moonshotai/kimi-k2.6",
      "xiaomi/mimo-v2.5-pro",
      "claude-opus-4-8",
      "z-ai/glm-5.2",
      "minimax/minimax-m3",
      "qwen/qwen3.7-plus",
      "moonshotai/kimi-k2.7",
      "claude-sonnet-5",
      "claude-fable-5"
    ],
    "anchors_imputed": [
      "claude-opus-4-8",
      "claude-sonnet-4-6",
      "claude-sonnet-5"
    ],
    "cell_sources": {
      "faithful": 146,
      "faithful_shrink": 94,
      "aa_impute": 0,
      "shrink": 12
    }
  },
  "quality_means": {
    "0": {
      "claude-haiku-4-5": 0.0740851851851852,
      "claude-sonnet-4-6": 0.2499977272727273,
      "claude-opus-4-7": 0.15384615384615385,
      "gemini-3.1-flash-lite-preview": 0.0,
      "gemini-3.1-pro-preview": 0.06976279069767441,
      "gemini-3.5-flash": 0.09523809523809523,
      "gpt-5.4-mini": 0.09523809523809523,
      "gpt-5.5": 0.0,
      "qwen/qwen3-coder-next": 0.0,
      "qwen/qwen3-next-80b-a3b-instruct": 0.0,
      "deepseek/deepseek-v4-flash": 0.21053421052631577,
      "deepseek/deepseek-v4-pro": 0.13635454545454545,
      "moonshotai/kimi-k2.6": 0.10344137931034483,
      "xiaomi/mimo-v2.5-pro": 0.1515060606060606,
      "claude-opus-4-8": 0.15384615384615385,
      "z-ai/glm-5.2": 0.3928535714285714,
      "minimax/minimax-m3": 0.2142892857142857,
      "qwen/qwen3.7-plus": 0.0,
      "moonshotai/kimi-k2.7": 0.02564102564102564,
      "claude-sonnet-5": 0.3214392857142857,
      "claude-fable-5": 0.6016949152542372
    },
    "1": {
      "claude-haiku-4-5": 0.049390123456790135,
      "claude-sonnet-4-6": 0.16666515151515154,
      "claude-opus-4-7": 0.12820512820512822,
      "gemini-3.1-flash-lite-preview": 0.0,
      "gemini-3.1-pro-preview": 0.04360174418604651,
      "gemini-3.5-flash": 0.05952380952380952,
      "gpt-5.4-mini": 0.05952380952380952,
      "gpt-5.5": 0.0,
      "qwen/qwen3-coder-next": 0.0,
      "qwen/qwen3-next-80b-a3b-instruct": 0.0,
      "deepseek/deepseek-v4-flash": 0.20702280701754383,
      "deepseek/deepseek-v4-pro": 0.09739610389610388,
      "moonshotai/kimi-k2.6": 0.07957029177718833,
      "xiaomi/mimo-v2.5-pro": 0.10100404040404039,
      "claude-opus-4-8": 0.12820512820512822,
      "z-ai/glm-5.2": 0.30219505494505494,
      "minimax/minimax-m3": 0.16483791208791207,
      "qwen/qwen3.7-plus": 0.0,
      "moonshotai/kimi-k2.7": 0.017094017094017092,
      "claude-sonnet-5": 0.3883995535714286,
      "claude-fable-5": 0.5606579661016948
    },
    "2": {
      "claude-haiku-4-5": 0.10242069716775601,
      "claude-sonnet-4-6": 0.30950367965367964,
      "claude-opus-4-7": 0.1813186813186813,
      "gemini-3.1-flash-lite-preview": 0.0,
      "gemini-3.1-pro-preview": 0.1284489479512735,
      "gemini-3.5-flash": 0.14761904761904762,
      "gpt-5.4-mini": 0.09761904761904762,
      "gpt-5.5": 0.0,
      "qwen/qwen3-coder-next": 0.0,
      "qwen/qwen3-next-80b-a3b-instruct": 0.0,
      "deepseek/deepseek-v4-flash": 0.30526710526315787,
      "deepseek/deepseek-v4-pro": 0.2102090909090909,
      "moonshotai/kimi-k2.6": 0.10706914700544465,
      "xiaomi/mimo-v2.5-pro": 0.184992663476874,
      "claude-opus-4-8": 0.1813186813186813,
      "z-ai/glm-5.2": 0.5252138655462185,
      "minimax/minimax-m3": 0.2436936974789916,
      "qwen/qwen3.7-plus": 0.0,
      "moonshotai/kimi-k2.7": 0.013495276653171389,
      "claude-sonnet-5": 0.2809595238095238,
      "claude-fable-5": 0.6101670525010334
    },
    "3": {
      "claude-haiku-4-5": 0.0740851851851852,
      "claude-sonnet-4-6": 0.2499977272727273,
      "claude-opus-4-7": 0.15384615384615385,
      "gemini-3.1-flash-lite-preview": 0.0,
      "gemini-3.1-pro-preview": 0.06976279069767441,
      "gemini-3.5-flash": 0.09523809523809523,
      "gpt-5.4-mini": 0.09523809523809523,
      "gpt-5.5": 0.0,
      "qwen/qwen3-coder-next": 0.0,
      "qwen/qwen3-next-80b-a3b-instruct": 0.0,
      "deepseek/deepseek-v4-flash": 0.21053421052631577,
      "deepseek/deepseek-v4-pro": 0.13635454545454545,
      "moonshotai/kimi-k2.6": 0.10344137931034483,
      "xiaomi/mimo-v2.5-pro": 0.1515060606060606,
      "claude-opus-4-8": 0.15384615384615385,
      "z-ai/glm-5.2": 0.3928535714285714,
      "minimax/minimax-m3": 0.2142892857142857,
      "qwen/qwen3.7-plus": 0.0,
      "moonshotai/kimi-k2.7": 0.02564102564102564,
      "claude-sonnet-5": 0.3214392857142857,
      "claude-fable-5": 0.6016949152542372
    },
    "4": {
      "claude-haiku-4-5": 0.0740851851851852,
      "claude-sonnet-4-6": 0.2499977272727273,
      "claude-opus-4-7": 0.15384615384615385,
      "gemini-3.1-flash-lite-preview": 0.0,
      "gemini-3.1-pro-preview": 0.06976279069767441,
      "gemini-3.5-flash": 0.09523809523809523,
      "gpt-5.4-mini": 0.09523809523809523,
      "gpt-5.5": 0.0,
      "qwen/qwen3-coder-next": 0.0,
      "qwen/qwen3-next-80b-a3b-instruct": 0.0,
      "deepseek/deepseek-v4-flash": 0.21053421052631577,
      "deepseek/deepseek-v4-pro": 0.13635454545454545,
      "moonshotai/kimi-k2.6": 0.10344137931034483,
      "xiaomi/mimo-v2.5-pro": 0.1515060606060606,
      "claude-opus-4-8": 0.15384615384615385,
      "z-ai/glm-5.2": 0.3928535714285714,
      "minimax/minimax-m3": 0.2142892857142857,
      "qwen/qwen3.7-plus": 0.0,
      "moonshotai/kimi-k2.7": 0.02564102564102564,
      "claude-sonnet-5": 0.3214392857142857,
      "claude-fable-5": 0.6016949152542372
    },
    "5": {
      "claude-haiku-4-5": 0.06735016835016837,
      "claude-sonnet-4-6": 0.22727066115702482,
      "claude-opus-4-7": 0.15384615384615385,
      "gemini-3.1-flash-lite-preview": 0.0,
      "gemini-3.1-pro-preview": 0.06342071881606764,
      "gemini-3.5-flash": 0.08658008658008658,
      "gpt-5.4-mini": 0.08658008658008658,
      "gpt-5.5": 0.0,
      "qwen/qwen3-coder-next": 0.0,
      "qwen/qwen3-next-80b-a3b-instruct": 0.0,
      "deepseek/deepseek-v4-flash": 0.21053421052631577,
      "deepseek/deepseek-v4-pro": 0.13635454545454545,
      "moonshotai/kimi-k2.6": 0.09403761755485894,
      "xiaomi/mimo-v2.5-pro": 0.137732782369146,
      "claude-opus-4-8": 0.15384615384615385,
      "z-ai/glm-5.2": 0.3928535714285714,
      "minimax/minimax-m3": 0.2142892857142857,
      "qwen/qwen3.7-plus": 0.0,
      "moonshotai/kimi-k2.7": 0.02331002331002331,
      "claude-sonnet-5": 0.3214392857142857,
      "claude-fable-5": 0.6016949152542372
    },
    "6": {
      "claude-haiku-4-5": 0.06173765432098766,
      "claude-sonnet-4-6": 0.2499987373737374,
      "claude-opus-4-7": 0.15384615384615385,
      "gemini-3.1-flash-lite-preview": 0.0,
      "gemini-3.1-pro-preview": 0.0367172582619339,
      "gemini-3.5-flash": 0.05012531328320802,
      "gpt-5.4-mini": 0.05012531328320802,
      "gpt-5.5": 0.0,
      "qwen/qwen3-coder-next": 0.0,
      "qwen/qwen3-next-80b-a3b-instruct": 0.0,
      "deepseek/deepseek-v4-flash": 0.1826848297213622,
      "deepseek/deepseek-v4-pro": 0.09090303030303029,
      "moonshotai/kimi-k2.6": 0.06896091954022988,
      "xiaomi/mimo-v2.5-pro": 0.0891212121212121,
      "claude-opus-4-8": 0.15384615384615385,
      "z-ai/glm-5.2": 0.3285690476190476,
      "minimax/minimax-m3": 0.16483791208791207,
      "qwen/qwen3.7-plus": 0.0,
      "moonshotai/kimi-k2.7": 0.014245014245014244,
      "claude-sonnet-5": 0.24726098901098903,
      "claude-fable-5": 0.444904143126177
    },
    "7": {
      "claude-haiku-4-5": 0.052917989417989426,
      "claude-sonnet-4-6": 0.20589866310160432,
      "claude-opus-4-7": 0.1692307692307692,