{
  "meta": {
    "router_version": "candidate-k12",
    "embedder_model": "jina-v2-base-code-int8",
    "alpha": 0.7,
    "top_p": 4,
    "k": 12,
    "score_normalization": "per_cluster_minmax",
    "speed_weight": 0.0,
    "output_cost_ratio": 0.0,
    "cost_per_1k_input_usd": {
      "claude-haiku-4-5": 0.0008,
      "claude-sonnet-4-6": 0.003,
      "claude-opus-4-7": 0.005,
      "gemini-3.1-flash-lite-preview": 0.0001,
      "gemini-3.1-pro-preview": 0.002,
      "gemini-3.5-flash": 0.0015,
      "gpt-5.4-mini": 0.0004,
      "gpt-5.5": 0.005,
      "qwen/qwen3-coder-next": 0.0005,
      "qwen/qwen3-next-80b-a3b-instruct": 0.00015,
      "deepseek/deepseek-v4-flash": 0.00014,
      "deepseek/deepseek-v4-pro": 0.00174,
      "moonshotai/kimi-k2.6": 0.00095,
      "xiaomi/mimo-v2.5-pro": 0.001,
      "claude-opus-4-8": 0.005,
      "z-ai/glm-5.2": 0.0014,
      "minimax/minimax-m3": 0.0006,
      "qwen/qwen3.7-plus": 0.0004,
      "moonshotai/kimi-k2.7": 0.00095,
      "claude-sonnet-5": 0.003,
      "claude-fable-5": 0.01
    },
    "source": "In-house harness-faithful re-cluster (K=12 prod-turn geometry). alpha-blend of quality_means + input cost at alpha=0.7. NOTE: for v2 bundles the runtime scorer re-blends live from quality_means.json using default_routing_knobs.alpha; this rankings.json is the frozen offline blend for the v1 path / provenance."
  },
  "rankings": {
    "0": {
      "claude-haiku-4-5": 0.3649771223976858,
      "claude-sonnet-4-6": 0.5029636384976526,
      "claude-opus-4-7": 0.3304967333136347,
      "gemini-3.1-flash-lite-preview": 0.30000000000000004,
      "gemini-3.1-pro-preview": 0.32358489751759323,
      "gemini-3.5-flash": 0.3683738796414853,
      "gpt-5.4-mini": 0.40170721297481865,
      "gpt-5.5": 0.15151515151515155,
      "qwen/qwen3-coder-next": 0.2878787878787879,
      "qwen/qwen3-next-80b-a3b-instruct": 0.2984848484848485,
      "deepseek/deepseek-v4-flash": 0.5437192279353955,
      "deepseek/deepseek-v4-pro": 0.40893521980367054,
      "moonshotai/kimi-k2.6": 0.39458408524290994,
      "xiaomi/mimo-v2.5-pro": 0.4489864361929151,
      "claude-opus-4-8": 0.3304967333136347,
      "z-ai/glm-5.2": 0.7176441591976099,
      "minimax/minimax-m3": 0.5341484144259497,
      "qwen/qwen3.7-plus": 0.29090909090909095,
      "moonshotai/kimi-k2.7": 0.30407268787550484,
      "claude-sonnet-5": 0.5860773388817755,
      "claude-fable-5": 0.7
    },
    "1": {
      "claude-haiku-4-5": 0.3404530802299324,
      "claude-sonnet-4-6": 0.4202081619451708,
      "claude-opus-4-7": 0.3115834911618438,
      "gemini-3.1-flash-lite-preview": 0.30000000000000004,
      "gemini-3.1-pro-preview": 0.29686246104521263,
      "gemini-3.5-flash": 0.33189320098315045,
      "gpt-5.4-mini": 0.3652265343164838,
      "gpt-5.5": 0.15151515151515155,
      "qwen/qwen3-coder-next": 0.2878787878787879,
      "qwen/qwen3-next-80b-a3b-instruct": 0.2984848484848485,
      "deepseek/deepseek-v4-flash": 0.5572626952965862,
      "deepseek/deepseek-v4-pro": 0.3719052848849378,
      "moonshotai/kimi-k2.6": 0.3735885632642479,
      "xiaomi/mimo-v2.5-pro": 0.39883415527891364,
      "claude-opus-4-8": 0.3115834911618438,
      "z-ai/glm-5.2": 0.6379065740231284,
      "minimax/minimax-m3": 0.490654065858653,
      "qwen/qwen3.7-plus": 0.29090909090909095,
      "moonshotai/kimi-k2.7": 0.29558486952864993,
      "claude-sonnet-5": 0.6970508910668336,
      "claude-fable-5": 0.7
    },
    "2": {
      "claude-haiku-4-5": 0.3962876482748715,
      "claude-sonnet-4-6": 0.5671921306008834,
      "claude-opus-4-7": 0.35952880351885746,
      "gemini-3.1-flash-lite-preview": 0.30000000000000004,
      "gemini-3.1-pro-preview": 0.38978431897596544,
      "gemini-3.5-flash": 0.4269282863787748,
      "gpt-5.4-mini": 0.4029002793110862,
      "gpt-5.5": 0.15151515151515155,
      "qwen/qwen3-coder-next": 0.2878787878787879,
      "qwen/qwen3-next-80b-a3b-instruct": 0.2984848484848485,
      "deepseek/deepseek-v4-flash": 0.6489984855525706,
      "deepseek/deepseek-v4-pro": 0.4914605346835449,
      "moonshotai/kimi-k2.6": 0.3970750199989517,
      "xiaomi/mimo-v2.5-pro": 0.4849558155550461,
      "claude-opus-4-8": 0.35952880351885746,
      "z-ai/glm-5.2": 0.8631454871047248,
      "minimax/minimax-m3": 0.5644204275420068,
      "qwen/qwen3.7-plus": 0.29090909090909095,
      "moonshotai/kimi-k2.7": 0.2897245674005948,
      "claude-sonnet-5": 0.5344455098041546,
      "claude-fable-5": 0.7
    },
    "3": {
      "claude-haiku-4-5": 0.3649771223976858,
      "claude-sonnet-4-6": 0.5029636384976526,
      "claude-opus-4-7": 0.3304967333136347,
      "gemini-3.1-flash-lite-preview": 0.30000000000000004,
      "gemini-3.1-pro-preview": 0.32358489751759323,
      "gemini-3.5-flash": 0.3683738796414853,
      "gpt-5.4-mini": 0.40170721297481865,
      "gpt-5.5": 0.15151515151515155,
      "qwen/qwen3-coder-next": 0.2878787878787879,
      "qwen/qwen3-next-80b-a3b-instruct": 0.2984848484848485,
      "deepseek/deepseek-v4-flash": 0.5437192279353955,
      "deepseek/deepseek-v4-pro": 0.40893521980367054,
      "moonshotai/kimi-k2.6": 0.39458408524290994,
      "xiaomi/mimo-v2.5-pro": 0.4489864361929151,
      "claude-opus-4-8": 0.3304967333136347,
      "z-ai/glm-5.2": 0.7176441591976099,
      "minimax/minimax-m3": 0.5341484144259497,
      "qwen/qwen3.7-plus": 0.29090909090909095,
      "moonshotai/kimi-k2.7": 0.30407268787550484,
      "claude-sonnet-5": 0.5860773388817755,
      "claude-fable-5": 0.7
    },
    "4": {
      "claude-haiku-4-5": 0.3649771223976858,
      "claude-sonnet-4-6": 0.5029636384976526,
      "claude-opus-4-7": 0.3304967333136347,
      "gemini-3.1-flash-lite-preview": 0.30000000000000004,
      "gemini-3.1-pro-preview": 0.32358489751759323,
      "gemini-3.5-flash": 0.3683738796414853,
      "gpt-5.4-mini": 0.40170721297481865,
      "gpt-5.5": 0.15151515151515155,
      "qwen/qwen3-coder-next": 0.2878787878787879,
      "qwen/qwen3-next-80b-a3b-instruct": 0.2984848484848485,
      "deepseek/deepseek-v4-flash": 0.5437192279353955,
      "deepseek/deepseek-v4-pro": 0.40893521980367054,
      "moonshotai/kimi-k2.6": 0.39458408524290994,
      "xiaomi/mimo-v2.5-pro": 0.4489864361929151,
      "claude-opus-4-8": 0.3304967333136347,
      "z-ai/glm-5.2": 0.7176441591976099,
      "minimax/minimax-m3": 0.5341484144259497,
      "qwen/qwen3.7-plus": 0.29090909090909095,
      "moonshotai/kimi-k2.7": 0.30407268787550484,
      "claude-sonnet-5": 0.5860773388817755,
      "claude-fable-5": 0.7
    },
    "5": {
      "claude-haiku-4-5": 0.35714173661497606,
      "claude-sonnet-4-6": 0.47652341791797626,
      "claude-opus-4-7": 0.3304967333136347,
      "gemini-3.1-flash-lite-preview": 0.30000000000000004,
      "gemini-3.1-pro-preview": 0.31620665614547044,
      "gemini-3.5-flash": 0.3583013230900555,
      "gpt-5.4-mini": 0.39163465642338885,
      "gpt-5.5": 0.15151515151515155,
      "qwen/qwen3-coder-next": 0.2878787878787879,
      "qwen/qwen3-next-80b-a3b-instruct": 0.2984848484848485,
      "deepseek/deepseek-v4-flash": 0.5437192279353955,
      "deepseek/deepseek-v4-pro": 0.40893521980367054,
      "moonshotai/kimi-k2.6": 0.3836439342428658,
      "xiaomi/mimo-v2.5-pro": 0.4329628758778567,
      "claude-opus-4-8": 0.3304967333136347,
      "z-ai/glm-5.2": 0.7176441591976099,
      "minimax/minimax-m3": 0.5341484144259497,
      "qwen/qwen3.7-plus": 0.29090909090909095,
      "moonshotai/kimi-k2.7": 0.30136084572704297,
      "claude-sonnet-5": 0.5860773388817755,
      "claude-fable-5": 0.7
    },
    "6": {
      "claude-haiku-4-5": 0.37592421409153765,
      "claude-sonnet-4-6": 0.605462382045956,
      "claude-opus-4-7": 0.39357247859597766,
      "gemini-3.1-flash-lite-preview": 0.30000000000000004,
      "gemini-3.1-pro-preview": 0.3001941714762731,
      "gemini-3.5-flash": 0.33644155336650294,
      "gpt-5.4-mini": 0.36977488669983627,
      "gpt-5.5": 0.15151515151515155,