{
  "meta": {
    "alpha": 0.4,
    "cost_per_1k_input_usd": {
      "claude-haiku-4-5": 0.0008,
      "claude-opus-4-7": 0.015,
      "claude-sonnet-4-5": 0.003,
      "deepseek/deepseek-v4-flash": 0.00014,
      "deepseek/deepseek-v4-pro": 0.000435,
      "gemini-2.5-flash": 0.0003,
      "gemini-3-flash-preview": 0.0005,
      "gemini-3.1-flash-lite-preview": 0.0001,
      "gemini-3.1-pro-preview": 0.002,
      "gpt-4.1": 0.002,
      "gpt-5.4-mini": 0.0004,
      "gpt-5.5": 0.005,
      "mistralai/mistral-small-2603": 0.00015,
      "moonshotai/kimi-k2.5": 0.00044,
      "qwen/qwen3-235b-a22b-2507": 7.1e-05,
      "qwen/qwen3-30b-a3b-instruct-2507": 8e-05,
      "qwen/qwen3-coder": 0.00022,
      "qwen/qwen3-coder-next": 7e-05,
      "qwen/qwen3-next-80b-a3b-instruct": 9e-05,
      "qwen/qwen3.5-flash-02-23": 6.5e-05
    },
    "embedder_model": "gte-modernbert-base-int8",
    "exclude_prompts": null,
    "include_routerarena_labels": "/Users/steventohme/Desktop/workweave4/router-internal/eval/results/_unsorted/routerarena_labels_full.jsonl",
    "k": 10,
    "n_excluded_prompts": 0,
    "n_prompts": 8013,
    "per_model_zscore": false,
    "router_version": "weave-router-v0.1-bootstrap",
    "routerarena_only": true,
    "score_normalization": "per_prompt_zscore_across_bench_columns",
    "seed": 42,
    "shrinkage_k0": 10.0,
    "top_p": 4,
    "training_data_mix": {
      "d1": 1.0,
      "d2": 0.0,
      "d3": 0.0
    }
  },
  "rankings": {
    "0": {
      "claude-haiku-4-5": 0.7481650374292736,
      "claude-opus-4-7": 0.4,
      "claude-sonnet-4-5": 0.8115177478811952,
      "deepseek/deepseek-v4-flash": 0.8479478403238208,
      "deepseek/deepseek-v4-pro": 0.8294057639774586,
      "gemini-2.5-flash": 0.6582120346688806,
      "gemini-3-flash-preview": 0.77818366949397,
      "gemini-3.1-flash-lite-preview": 0.872598047422267,
      "gemini-3.1-pro-preview": 0.8738811874354024,
      "gpt-4.1": 0.7770722922248499,
      "gpt-5.4-mini": 0.7417437366064037,
      "gpt-5.5": 0.7363643645601861,
      "mistralai/mistral-small-2603": 0.5965852025443589,
      "moonshotai/kimi-k2.5": 0.8608365903282478,
      "qwen/qwen3-235b-a22b-2507": 0.7824896624838629,
      "qwen/qwen3-30b-a3b-instruct-2507": 0.7002698995121134,
      "qwen/qwen3-coder": 0.7369025555599358,
      "qwen/qwen3-coder-next": 0.6788857534963052,
      "qwen/qwen3-next-80b-a3b-instruct": 0.7610435529736653,
      "qwen/qwen3.5-flash-02-23": 0.8512974359989668
    },
    "1": {
      "claude-haiku-4-5": 0.8250923713528813,
      "claude-opus-4-7": 0.4,
      "claude-sonnet-4-5": 0.840620655431651,
      "deepseek/deepseek-v4-flash": 0.9107588089965389,
      "deepseek/deepseek-v4-pro": 0.9430358904392758,
      "gemini-2.5-flash": 0.703017362969826,
      "gemini-3-flash-preview": 0.5825242718446602,
      "gemini-3.1-flash-lite-preview": 0.9046514401143535,
      "gemini-3.1-pro-preview": 0.9018170987413522,
      "gpt-4.1": 0.7553944594467337,
      "gpt-5.4-mini": 0.7229304051621583,
      "gpt-5.5": 0.7895395727797614,
      "mistralai/mistral-small-2603": 0.6402812493739997,
      "moonshotai/kimi-k2.5": 0.9150511642893615,
      "qwen/qwen3-235b-a22b-2507": 0.8574773314187927,
      "qwen/qwen3-30b-a3b-instruct-2507": 0.7432201879635111,
      "qwen/qwen3-coder": 0.8090493588804503,
      "qwen/qwen3-coder-next": 0.7707321376694898,
      "qwen/qwen3-next-80b-a3b-instruct": 0.8020950497048094,
      "qwen/qwen3.5-flash-02-23": 0.9281456219433797
    },
    "2": {
      "claude-haiku-4-5": 0.7853548884287657,
      "claude-opus-4-7": 0.4,
      "claude-sonnet-4-5": 0.7446311244553898,
      "deepseek/deepseek-v4-flash": 0.8847009804574597,
      "deepseek/deepseek-v4-pro": 0.9160085461804923,
      "gemini-2.5-flash": 0.5905590893873451,
      "gemini-3-flash-preview": 0.7447250990914234,
      "gemini-3.1-flash-lite-preview": 0.8117994621767469,
      "gemini-3.1-pro-preview": 0.7634551928566159,
      "gpt-4.1": 0.6614993957058053,
      "gpt-5.4-mini": 0.7353157149645965,
      "gpt-5.5": 0.6415472046584512,
      "mistralai/mistral-small-2603": 0.6954352282680645,
      "moonshotai/kimi-k2.5": 0.8638588918494623,
      "qwen/qwen3-235b-a22b-2507": 0.8133034456528908,
      "qwen/qwen3-30b-a3b-instruct-2507": 0.7771148269876632,
      "qwen/qwen3-coder": 0.7711147380340018,
      "qwen/qwen3-coder-next": 0.790303775081848,
      "qwen/qwen3-next-80b-a3b-instruct": 0.8119208038325486,
      "qwen/qwen3.5-flash-02-23": 0.9116965440692822
    },
    "3": {
      "claude-haiku-4-5": 0.7822907125998508,
      "claude-opus-4-7": 0.3941828771571545,
      "claude-sonnet-4-5": 0.8756880928118898,
      "deepseek/deepseek-v4-flash": 0.9517436425669457,
      "deepseek/deepseek-v4-pro": 0.9247869041001829,
      "gemini-2.5-flash": 0.712473784108548,
      "gemini-3-flash-preview": 0.5961690823198829,
      "gemini-3.1-flash-lite-preview": 0.9485490816062256,
      "gemini-3.1-pro-preview": 0.8202474414976997,
      "gpt-4.1": 0.7535831142341302,
      "gpt-5.4-mini": 0.8922050385019138,
      "gpt-5.5": 0.8017408771342485,
      "mistralai/mistral-small-2603": 0.8083627318668644,
      "moonshotai/kimi-k2.5": 0.8702350044688341,
      "qwen/qwen3-235b-a22b-2507": 0.8106807988060434,
      "qwen/qwen3-30b-a3b-instruct-2507": 0.5993973886842986,
      "qwen/qwen3-coder": 0.7987759186256859,
      "qwen/qwen3-coder-next": 0.6768156624900935,
      "qwen/qwen3-next-80b-a3b-instruct": 0.6846230204512105,
      "qwen/qwen3.5-flash-02-23": 0.8097095111041317
    },
    "4": {
      "claude-haiku-4-5": 0.7253700096854987,
      "claude-opus-4-7": 0.36019116612781504,
      "claude-sonnet-4-5": 0.7918380214133551,
      "deepseek/deepseek-v4-flash": 0.857355101150361,
      "deepseek/deepseek-v4-pro": 0.9276714709723305,
      "gemini-2.5-flash": 0.7568903998733042,
      "gemini-3-flash-preview": 0.8205599984968712,
      "gemini-3.1-flash-lite-preview": 0.8871432417374567,
      "gemini-3.1-pro-preview": 0.8976559603767795,
      "gpt-4.1": 0.6754396091302963,
      "gpt-5.4-mini": 0.6880913686093153,
      "gpt-5.5": 0.8017408771342485,
      "mistralai/mistral-small-2603": 0.5965852025443589,
      "moonshotai/kimi-k2.5": 0.9150840751886524,
      "qwen/qwen3-235b-a22b-2507": 0.7974087986456249,
      "qwen/qwen3-30b-a3b-instruct-2507": 0.6518538152532188,
      "qwen/qwen3-coder": 0.7684775310419757,
      "qwen/qwen3-coder-next": 0.7347048384743473,
      "qwen/qwen3-next-80b-a3b-instruct": 0.7445398511940086,
      "qwen/qwen3.5-flash-02-23": 0.8510179572125309
    },
    "5": {
      "claude-haiku-4-5": 0.6461331012885707,
      "claude-opus-4-7": 0.2896692031419718,
      "claude-sonnet-4-5": 0.7291882952592791,
      "deepseek/deepseek-v4-flash": 0.744336636639455,
      "deepseek/deepseek-v4-pro": 0.9069934121897943,
      "gemini-2.5-flash": 0.7063963361068001,
      "gemini-3-flash-preview": 0.9004164998606343,
      "gemini-3.1-flash-lite-preview": 0.7817994988076162,
      "gemini-3.1-pro-preview": 0.9222631402745229,
      "gpt-4.1": 0.6318586504050427,
      "gpt-5.4-mini": 0.6423990919729233,
      "gpt-5.5": 0.5940798652187536,
      "mistralai/mistral-small-2603": 0.5965852025443589,
      "moonshotai/kimi-k2.5": 0.8485898160465529,
      "qwen/qwen3-235b-a22b-2507": 0.7233380146413424,
      "qwen/qwen3-30b-a3b-instruct-2507": 0.6023092520690713,
      "qwen/qwen3-coder": 0.6293499509319664,
      "qwen/qwen3-coder-next": 0.6218693291365976,
      "qwen/qwen3-next-80b-a3b-instruct": 0.6640098368977504,
      "qwen/qwen3.5-flash-02-23": 0.68966133325921
    },
    "6": {
      "claude-haiku-4-5": 0.8284819467675333,
      "claude-opus-4-7": 0.3935704835567846,
      "claude-sonnet-4-5": 0.8228572576707797,
      "deepseek/deepseek-v4-flash": 0.9497391562344892,
      "deepseek/deepseek-v4-pro": 0.9822757645014205,
      "gemini-2.5-flash": 0.6086799414087245,
      "gemini-3-flash-preview": 0.5825242718446602,