{
  "meta": {
    "alpha": 0.25,
    "cost_per_1k_input_usd": {
      "claude-haiku-4-5": 0.8,
      "claude-opus-4-7": 15.0,
      "claude-sonnet-4-5": 3.0,
      "gemini-2.5-flash": 0.3,
      "gemini-3-flash-preview": 0.5,
      "gemini-3.1-flash-lite-preview": 0.1,
      "gemini-3.1-pro-preview": 2.0,
      "gpt-4.1": 2.0,
      "gpt-5.4-mini": 0.4,
      "gpt-5.5": 5.0,
      "qwen/qwen3-235b-a22b-2507": 0.071,
      "qwen/qwen3-30b-a3b-instruct-2507": 0.08,
      "qwen/qwen3-coder-next": 0.07,
      "qwen/qwen3-next-80b-a3b-instruct": 0.09
    },
    "embedder_model": "jina-v2-base-code-int8",
    "exclude_prompts": null,
    "include_routerarena_labels": "eval/results/_unsorted/routerarena_labels_full.jsonl",
    "k": 10,
    "n_excluded_prompts": 0,
    "n_prompts": 8013,
    "per_model_zscore": false,
    "router_version": "weave-router-v0.1-bootstrap",
    "routerarena_only": true,
    "score_normalization": "per_prompt_zscore_across_bench_columns",
    "seed": 42,
    "shrinkage_k0": 10.0,
    "top_p": 4,
    "training_data_mix": {
      "d1": 1.0,
      "d2": 0.0,
      "d3": 0.0
    }
  },
  "rankings": {
    "0": {
      "claude-haiku-4-5": 0.8042523897295519,
      "claude-opus-4-7": 0.2297136396292686,
      "claude-sonnet-4-5": 0.812066002753351,
      "gemini-2.5-flash": 0.8008084770149957,
      "gemini-3-flash-preview": 0.8721699862289357,
      "gemini-3.1-flash-lite-preview": 0.929018569063843,
      "gemini-3.1-pro-preview": 0.890772375117583,
      "gpt-4.1": 0.7855117005908631,
      "gpt-5.4-mini": 0.7819223843514562,
      "gpt-5.5": 0.7523442732752847,
      "qwen/qwen3-235b-a22b-2507": 0.8513414564031463,
      "qwen/qwen3-30b-a3b-instruct-2507": 0.7494976557267248,
      "qwen/qwen3-coder-next": 0.7768451963696517,
      "qwen/qwen3-next-80b-a3b-instruct": 0.8358080555709364
    },
    "1": {
      "claude-haiku-4-5": 0.7813953347629747,
      "claude-opus-4-7": 0.20276861671776986,
      "claude-sonnet-4-5": 0.7405467869611142,
      "gemini-2.5-flash": 0.7384460817146684,
      "gemini-3-flash-preview": 0.830543254931567,
      "gemini-3.1-flash-lite-preview": 0.9025971206013902,
      "gemini-3.1-pro-preview": 0.9030475552578701,
      "gpt-4.1": 0.6994155803850747,
      "gpt-5.4-mini": 0.8357346907059113,
      "gpt-5.5": 0.655855231979471,
      "qwen/qwen3-235b-a22b-2507": 0.8769149763196178,
      "qwen/qwen3-30b-a3b-instruct-2507": 0.8250174109945989,
      "qwen/qwen3-coder-next": 0.8703737634631618,
      "qwen/qwen3-next-80b-a3b-instruct": 0.913372981881954
    },
    "2": {
      "claude-haiku-4-5": 0.7749670377938531,
      "claude-opus-4-7": 0.1811783214077269,
      "claude-sonnet-4-5": 0.7662939145415948,
      "gemini-2.5-flash": 0.8265456186096941,
      "gemini-3-flash-preview": 0.9322575871528709,
      "gemini-3.1-flash-lite-preview": 0.8732717067879698,
      "gemini-3.1-pro-preview": 0.9030475552578701,
      "gpt-4.1": 0.7364755597411136,
      "gpt-5.4-mini": 0.7812248266458818,
      "gpt-5.5": 0.6194520155220105,
      "qwen/qwen3-235b-a22b-2507": 0.8249261592001776,
      "qwen/qwen3-30b-a3b-instruct-2507": 0.7494976557267248,
      "qwen/qwen3-coder-next": 0.7737340290107622,
      "qwen/qwen3-next-80b-a3b-instruct": 0.7978843077621631
    },
    "3": {
      "claude-haiku-4-5": 0.7614060777232932,
      "claude-opus-4-7": 0.22338220549942878,
      "claude-sonnet-4-5": 0.7743255392333367,
      "gemini-2.5-flash": 0.7384460817146684,
      "gemini-3-flash-preview": 0.9032070722297305,
      "gemini-3.1-flash-lite-preview": 0.9367397521428238,
      "gemini-3.1-pro-preview": 0.9030475552578701,
      "gpt-4.1": 0.7912491695712103,
      "gpt-5.4-mini": 0.8221510219616832,
      "gpt-5.5": 0.7170521317719436,
      "qwen/qwen3-235b-a22b-2507": 0.8935249223031461,
      "qwen/qwen3-30b-a3b-instruct-2507": 0.8601274078173148,
      "qwen/qwen3-coder-next": 0.7801115062561556,
      "qwen/qwen3-next-80b-a3b-instruct": 0.824712144992824
    },
    "4": {
      "claude-haiku-4-5": 0.8411719835541503,
      "claude-opus-4-7": 0.24093196815017395,
      "claude-sonnet-4-5": 0.8528131279303416,
      "gemini-2.5-flash": 0.8089956345144805,
      "gemini-3-flash-preview": 0.7283991962491627,
      "gemini-3.1-flash-lite-preview": 0.9709614131459627,
      "gemini-3.1-pro-preview": 0.8413633242661868,
      "gpt-4.1": 0.7958575491052826,
      "gpt-5.4-mini": 0.9205111646691628,
      "gpt-5.5": 0.7260988757080652,
      "qwen/qwen3-235b-a22b-2507": 0.8469531689906373,
      "qwen/qwen3-30b-a3b-instruct-2507": 0.7497037950719697,
      "qwen/qwen3-coder-next": 0.7895464884287944,
      "qwen/qwen3-next-80b-a3b-instruct": 0.7988730020730931
    },
    "5": {
      "claude-haiku-4-5": 0.8848410099736927,
      "claude-opus-4-7": 0.25,
      "claude-sonnet-4-5": 0.8134099483883748,
      "gemini-2.5-flash": 0.7736742036286702,
      "gemini-3-flash-preview": 0.7283991962491627,
      "gemini-3.1-flash-lite-preview": 0.9433074319298748,
      "gemini-3.1-pro-preview": 0.8596658182199325,
      "gpt-4.1": 0.7917357441281263,
      "gpt-5.4-mini": 0.852566566029044,
      "gpt-5.5": 0.7454009516350153,
      "qwen/qwen3-235b-a22b-2507": 0.9198909705073309,
      "qwen/qwen3-30b-a3b-instruct-2507": 0.8884957102469173,
      "qwen/qwen3-coder-next": 0.908777326462396,
      "qwen/qwen3-next-80b-a3b-instruct": 0.8988782705127848
    },
    "6": {
      "claude-haiku-4-5": 0.8953967012904448,
      "claude-opus-4-7": 0.23916157173295227,
      "claude-sonnet-4-5": 0.7851378611846509,
      "gemini-2.5-flash": 0.8116876522644962,
      "gemini-3-flash-preview": 0.7283991962491627,
      "gemini-3.1-flash-lite-preview": 0.8994735029542643,
      "gemini-3.1-pro-preview": 0.8819002752647831,
      "gpt-4.1": 0.6758818475278534,
      "gpt-5.4-mini": 0.9834226389819156,
      "gpt-5.5": 0.7181262404088838,
      "qwen/qwen3-235b-a22b-2507": 0.9194394155682991,
      "qwen/qwen3-30b-a3b-instruct-2507": 0.950651176153957,
      "qwen/qwen3-coder-next": 0.9210086100463716,
      "qwen/qwen3-next-80b-a3b-instruct": 0.8851540658441713
    },
    "7": {
      "claude-haiku-4-5": 0.8209477479620206,
      "claude-opus-4-7": 0.25,
      "claude-sonnet-4-5": 0.779270514408702,
      "gemini-2.5-flash": 0.7509355466683013,
      "gemini-3-flash-preview": 0.7283991962491627,
      "gemini-3.1-flash-lite-preview": 0.9288321971648853,
      "gemini-3.1-pro-preview": 0.878296902507181,
      "gpt-4.1": 0.795974970818526,
      "gpt-5.4-mini": 0.7957348806657646,
      "gpt-5.5": 0.7158884987273728,
      "qwen/qwen3-235b-a22b-2507": 0.8587195253917892,
      "qwen/qwen3-30b-a3b-instruct-2507": 0.8043428518170401,
      "qwen/qwen3-coder-next": 0.7887401902619724,
      "qwen/qwen3-next-80b-a3b-instruct": 0.8310617479716046
    },
    "8": {
      "claude-haiku-4-5": 0.8379737046487741,
      "claude-opus-4-7": 0.25,
      "claude-sonnet-4-5": 0.7683305839306536,
      "gemini-2.5-flash": 0.7384460817146684,
      "gemini-3-flash-preview": 0.8219892692193169,
      "gemini-3.1-flash-lite-preview": 0.8745330976475957,
      "gemini-3.1-pro-preview": 0.8099649369431591,
      "gpt-4.1": 0.723268199229552,
      "gpt-5.4-mini": 0.8253276744422132,
      "gpt-5.5": 0.6156429162517805,
      "qwen/qwen3-235b-a22b-2507": 0.8636404985366559,
      "qwen/qwen3-30b-a3b-instruct-2507": 0.8324414066729076,
      "qwen/qwen3-coder-next": 0.8616464008996105,
      "qwen/qwen3-next-80b-a3b-instruct": 0.8546489543278697
    },
    "9": {
      "claude-haiku-4-5": 0.8380103635572572,
      "claude-opus-4-7": 0.24226084621392777,
      "claude-sonnet-4-5": 0.814790659556453,
      "gemini-2.5-flash": 0.7522018629823992,
      "gemini-3-flash-preview": 0.7283991962491627,
      "gemini-3.1-flash-lite-preview": 0.914503918969348,
      "gemini-3.1-pro-preview": 0.8532011896068616,
      "gpt-4.1": 0.7612242045176776,
      "gpt-5.4-mini": 0.7402959455124093,
      "gpt-5.5": 0.7523442732752847,
      "qwen/qwen3-235b-a22b-2507": 0.897584223411392,