{
  "meta": {
    "k": 16,
    "n_models": 16,
    "roster_version": "v0.66",
    "source": "quality_means.json + model_axes.json"
  },
  "models": {
    "claude-fable-5": {
      "operational": {
        "input_per_1k_usd": 0.01,
        "output_per_1k_usd": 0.05,
        "tps": null,
        "ttft_s": null,
        "verbosity_tokens": null
      },
      "psi_probe": [
        0.4199035106911054,
        0.8257130111252625,
        0.5136406200839728,
        0.19269295079052895,
        0.5038535893797527,
        0.8992248062015503,
        0.4096563441107506,
        0.2946244437271914,
        0.983739837398374,
        0.6694063446983893,
        0.747253350184794,
        0.3257873667001784,
        0.4590539160968104,
        0.9682539682539681,
        0.9275362318840579,
        0.3298901983941571
      ]
    },
    "claude-haiku-4-5": {
      "operational": {
        "input_per_1k_usd": 0.0008,
        "output_per_1k_usd": 0.004,
        "tps": 100.688,
        "ttft_s": 0.697,
        "verbosity_tokens": null
      },
      "psi_probe": [
        0.37146648639236907,
        0.8157120111252625,
        0.4654636761640753,
        0.015392197973736308,
        0.23585374464785844,
        0.10627906976744186,
        0.649308641722629,
        0.11317177485049368,
        0.1038211382113821,
        0.3312430673177187,
        0.279474745773498,
        0.07660367387200515,
        0.10340518067680467,
        0.13285714285714284,
        0.2608695652173913,
        0.3040660172173235
      ]
    },
    "claude-opus-4-7": {
      "operational": {
        "input_per_1k_usd": 0.005,
        "output_per_1k_usd": 0.025,
        "tps": 48.002,
        "ttft_s": 23.963,
        "verbosity_tokens": null
      },
      "psi_probe": [
        0.15883412748815964,
        0.8157120111252625,
        0.506090571308307,
        0.19269195079052895,
        0.3793489188702832,
        0.7441860465116279,
        0.4096553441107506,
        0.11317177485049368,
        0.8455284552845528,
        0.3312430673177187,
        0.393215613015064,
        0.07660367387200515,
        0.10340518067680467,
        0.8293650793650793,
        0.9275362318840579,
        0.32988919839415715
      ]
    },
    "claude-opus-4-8": {
      "operational": {
        "input_per_1k_usd": 0.005,
        "output_per_1k_usd": 0.025,
        "tps": 58.9,
        "ttft_s": 19.53,
        "verbosity_tokens": null
      },
      "psi_probe": [
        0.4199035106911054,
        0.8257130111252625,
        0.5136406200839728,
        0.19269295079052895,
        0.5038535893797527,
        0.7674418604651163,
        0.4096563441107506,
        0.2946244437271914,
        0.9024390243902439,
        0.6694063446983893,
        0.747253350184794,
        0.3257873667001784,
        0.4590539160968104,
        0.8571428571428571,
        0.898550724637681,
        0.3298901983941571
      ]
    },
    "claude-sonnet-4-6": {
      "operational": {
        "input_per_1k_usd": 0.003,
        "output_per_1k_usd": 0.015,
        "tps": 48.426,
        "ttft_s": 1.076,
        "verbosity_tokens": null
      },
      "psi_probe": [
        0.16017086474945524,
        0.8157120111252625,
        0.49856264290172836,
        0.9791364190587685,
        0.3659782543490053,
        0.6201550387596899,
        0.39164142655512485,
        0.11317177485049368,
        0.8455284552845528,
        0.3312430673177187,
        0.24588001318700028,
        0.07660367387200515,
        0.10340518067680467,
        0.753968253968254,
        0.7971014492753623,
        0.242393799345419
      ]
    },
    "deepseek/deepseek-v4-flash": {
      "operational": {
        "input_per_1k_usd": 0.00014,
        "output_per_1k_usd": 0.00028,
        "tps": 98.429,
        "ttft_s": 0.797,
        "verbosity_tokens": null
      },
      "psi_probe": [
        0.23763070897606134,
        0.8157120111252625,
        0.48789075580503416,
        0.7980366353782089,
        0.3628086048926149,
        0.10627906976744186,
        0.3899418813984936,
        0.11317177485049368,
        0.1038211382113821,
        0.3312430673177187,
        0.16574545138549374,
        0.07660367387200515,
        0.10340518067680467,
        0.13285714285714284,
        0.7101449275362318,
        0.08736080615418956
      ]
    },
    "deepseek/deepseek-v4-pro": {
      "operational": {
        "input_per_1k_usd": 0.00174,
        "output_per_1k_usd": 0.00348,
        "tps": 28.962,
        "ttft_s": 1.154,
        "verbosity_tokens": null
      },
      "psi_probe": [
        0.044439117389784115,
        0.8157120111252625,
        0.5064948048170981,
        0.9807234603899286,
        0.3750847112421073,
        0.10627906976744186,
        0.42631424479013225,
        0.11317177485049368,
        0.1038211382113821,
        0.3312430673177187,
        0.21421465134488893,
        0.07660367387200515,
        0.10340518067680467,
        0.13285714285714284,
        0.8260869565217391,
        0.2081702227418661
      ]
    },
    "gemini-3.1-flash-lite-preview": {
      "operational": {
        "input_per_1k_usd": 0.0001,
        "output_per_1k_usd": 0.0004,
        "tps": 292.193,
        "ttft_s": 4.924,
        "verbosity_tokens": null
      },
      "psi_probe": [
        0.026608547052223118,
        0.8157120111252625,
        0.4933324030743499,
        0.010678828837417732,
        0.6333681946706995,
        0.10627906976744186,
        0.3858476334140924,
        0.11317177485049368,
        0.1038211382113821,
        0.3312430673177187,
        0.5514004834927378,
        0.07660367387200515,
        0.10340518067680467,
        0.13285714285714284,
        0.13043478260869562,
        0.11291617624499617
      ]
    },
    "gemini-3.1-pro-preview": {
      "operational": {
        "input_per_1k_usd": 0.002,
        "output_per_1k_usd": 0.008,
        "tps": 124.978,
        "ttft_s": 21.672,
        "verbosity_tokens": null
      },
      "psi_probe": [
        0.1551906842428036,
        0.8157120111252625,
        0.5018624033829511,
        0.9821574695548457,
        0.4012514945354554,
        0.10627906976744186,
        0.45764369925755943,
        0.11317177485049368,
        0.1038211382113821,
        0.3312430673177187,
        0.4557921197277088,
        0.07660367387200515,
        0.10340518067680467,
        0.13285714285714284,
        0.5942028985507246,
        0.2654734796771056
      ]
    },
    "gemini-3.5-flash": {
      "operational": {
        "input_per_1k_usd": 0.0015,
        "output_per_1k_usd": 0.009,
        "tps": 279.018,
        "ttft_s": 13.981,
        "verbosity_tokens": null
      },
      "psi_probe": [
        0.14616808698623437,
        0.8157120111252625,
        0.5070069373012563,
        0.6022908253907899,
        0.3933418915546474,
        0.10627906976744186,
        0.4381722869275972,
        0.11317177485049368,
        0.1038211382113821,
        0.3312430673177187,
        0.5236305569967682,
        0.07660367387200515,
        0.10340518067680467,
        0.13285714285714284,
        0.6086956521739131,
        0.23946248922494975
      ]
    },
    "gpt-5.4-mini": {
      "operational": {
        "input_per_1k_usd": 0.0004,
        "output_per_1k_usd": 0.0016,
        "tps": 162.901,
        "ttft_s": 4.544,
        "verbosity_tokens": null
      },
      "psi_probe": [
        0.07390111239735865,
        0.8157120111252625,
        0.46101569746108756,
        0.9779029450894947,
        0.33416065321846633,
        0.10627906976744186,
        0.3646931562772646,
        0.11317177485049368,
        0.1038211382113821,
        0.3312430673177187,
        0.23455853295761406,
        0.07660367387200515,
        0.10340518067680467,
        0.13285714285714284,
        0.18840579710144925,
        0.14298263309354622
      ]
    },
    "gpt-5.5": {
      "operational": {
        "input_per_1k_usd": 0.005,
        "output_per_1k_usd": 0.04,