{
  "meta": {
    "alpha": 0.55,
    "cost_per_1k_input_usd": {
      "claude-haiku-4-5": 0.0008,
      "claude-opus-4-7": 0.015,
      "claude-sonnet-4-5": 0.003,
      "deepseek/deepseek-v4-flash": 0.00014,
      "deepseek/deepseek-v4-pro": 0.000435,
      "gemini-2.5-flash": 0.0003,
      "gemini-3-flash-preview": 0.0005,
      "gemini-3.1-flash-lite-preview": 0.0001,
      "gemini-3.1-pro-preview": 0.002,
      "gpt-4.1": 0.002,
      "gpt-5.4-mini": 0.0004,
      "gpt-5.5": 0.005,
      "mistralai/mistral-small-2603": 0.00015,
      "moonshotai/kimi-k2.5": 0.00044,
      "qwen/qwen3-235b-a22b-2507": 7.1e-05,
      "qwen/qwen3-30b-a3b-instruct-2507": 8e-05,
      "qwen/qwen3-coder": 0.00022,
      "qwen/qwen3-coder-next": 7e-05,
      "qwen/qwen3-next-80b-a3b-instruct": 9e-05,
      "qwen/qwen3.5-flash-02-23": 6.5e-05
    },
    "embedder_model": "jina-v2-base-code-int8",
    "exclude_prompts": null,
    "include_routerarena_labels": "/Users/steventohme/Desktop/workweave4/router-internal/eval/results/_unsorted/routerarena_labels_full.jsonl",
    "k": 16,
    "n_excluded_prompts": 0,
    "n_prompts": 8013,
    "per_model_zscore": false,
    "router_version": "weave-router-v0.1-bootstrap",
    "routerarena_only": true,
    "score_normalization": "per_prompt_minmax_across_bench_columns",
    "seed": 42,
    "shrinkage_k0": 10.0,
    "top_p": 4,
    "training_data_mix": {
      "d1": 1.0,
      "d2": 0.0,
      "d3": 0.0
    }
  },
  "rankings": {
    "0": {
      "claude-haiku-4-5": 0.6637952638138606,
      "claude-opus-4-7": 0.4801212978177874,
      "claude-sonnet-4-5": 0.8288480491265033,
      "deepseek/deepseek-v4-flash": 0.834773339879346,
      "deepseek/deepseek-v4-pro": 0.9470199173777354,
      "gemini-2.5-flash": 0.687066772916564,
      "gemini-3-flash-preview": 0.8683200191934265,
      "gemini-3.1-flash-lite-preview": 0.8750637857858692,
      "gemini-3.1-pro-preview": 0.9122994769197079,
      "gpt-4.1": 0.706517123781914,
      "gpt-5.4-mini": 0.6106364077599166,
      "gpt-5.5": 0.8513056578506863,
      "mistralai/mistral-small-2603": 0.4474389019082691,
      "moonshotai/kimi-k2.5": 0.9044313337266393,
      "qwen/qwen3-235b-a22b-2507": 0.7291759071497521,
      "qwen/qwen3-30b-a3b-instruct-2507": 0.4549546724256325,
      "qwen/qwen3-coder": 0.7027032482689464,
      "qwen/qwen3-coder-next": 0.6199111107388424,
      "qwen/qwen3-next-80b-a3b-instruct": 0.6538520566157928,
      "qwen/qwen3.5-flash-02-23": 0.7283683385721034
    },
    "1": {
      "claude-haiku-4-5": 0.5430579041633514,
      "claude-opus-4-7": 0.40371958701975125,
      "claude-sonnet-4-5": 0.7169686400086241,
      "deepseek/deepseek-v4-flash": 0.6593107422687927,
      "deepseek/deepseek-v4-pro": 0.9280054543469118,
      "gemini-2.5-flash": 0.6259577084514929,
      "gemini-3-flash-preview": 0.8926097834555828,
      "gemini-3.1-flash-lite-preview": 0.7191613899044949,
      "gemini-3.1-pro-preview": 0.9416973552058923,
      "gpt-4.1": 0.5603785165795114,
      "gpt-5.4-mini": 0.5143750281284086,
      "gpt-5.5": 0.5768438535617119,
      "mistralai/mistral-small-2603": 0.4474389019082691,
      "moonshotai/kimi-k2.5": 0.8708638557009756,
      "qwen/qwen3-235b-a22b-2507": 0.6255606637348622,
      "qwen/qwen3-30b-a3b-instruct-2507": 0.45013058853577265,
      "qwen/qwen3-coder": 0.4868956404509334,
      "qwen/qwen3-coder-next": 0.47549835845605165,
      "qwen/qwen3-next-80b-a3b-instruct": 0.5352360938056141,
      "qwen/qwen3.5-flash-02-23": 0.5742832259391694
    },
    "10": {
      "claude-haiku-4-5": 0.8142293984421586,
      "claude-opus-4-7": 0.5248366542643867,
      "claude-sonnet-4-5": 0.7716258784113037,
      "deepseek/deepseek-v4-flash": 0.942073011601569,
      "deepseek/deepseek-v4-pro": 0.9438478861351802,
      "gemini-2.5-flash": 0.9274346250407048,
      "gemini-3-flash-preview": 0.6152040843510707,
      "gemini-3.1-flash-lite-preview": 0.9344056216395837,
      "gemini-3.1-pro-preview": 0.9416973552058923,
      "gpt-4.1": 0.39169735520589216,
      "gpt-5.4-mini": 0.7981692511461795,
      "gpt-5.5": 0.8081365841220052,
      "mistralai/mistral-small-2603": 0.6219209380239217,
      "moonshotai/kimi-k2.5": 0.944524145105843,
      "qwen/qwen3-235b-a22b-2507": 0.9148169589461792,
      "qwen/qwen3-30b-a3b-instruct-2507": 0.9009761060915039,
      "qwen/qwen3-coder": 0.7798904657258291,
      "qwen/qwen3-coder-next": 0.8948000283919408,
      "qwen/qwen3-next-80b-a3b-instruct": 0.7402799682394086,
      "qwen/qwen3.5-flash-02-23": 0.9957493013940151
    },
    "11": {
      "claude-haiku-4-5": 0.7171357705732585,
      "claude-opus-4-7": 0.55,
      "claude-sonnet-4-5": 0.8049228595365818,
      "deepseek/deepseek-v4-flash": 0.8121144807358041,
      "deepseek/deepseek-v4-pro": 0.8169998226727522,
      "gemini-2.5-flash": 0.44291931704050885,
      "gemini-3-flash-preview": 0.5427419474764283,
      "gemini-3.1-flash-lite-preview": 0.8085703367879339,
      "gemini-3.1-pro-preview": 0.88075932193507,
      "gpt-4.1": 0.6212325326867587,
      "gpt-5.4-mini": 0.6045846876047978,
      "gpt-5.5": 0.8295121755100746,
      "mistralai/mistral-small-2603": 0.6040038823645921,
      "moonshotai/kimi-k2.5": 0.8468550156240253,
      "qwen/qwen3-235b-a22b-2507": 0.682679041857782,
      "qwen/qwen3-30b-a3b-instruct-2507": 0.5914450161071366,
      "qwen/qwen3-coder": 0.7140414375611777,
      "qwen/qwen3-coder-next": 0.5569049749781063,
      "qwen/qwen3-next-80b-a3b-instruct": 0.6768429805547885,
      "qwen/qwen3.5-flash-02-23": 0.7656431722177637
    },
    "12": {
      "claude-haiku-4-5": 0.653741394974009,
      "claude-opus-4-7": 0.55,
      "claude-sonnet-4-5": 0.7398505237263704,
      "deepseek/deepseek-v4-flash": 0.7680605281154536,
      "deepseek/deepseek-v4-pro": 0.7800381917999166,
      "gemini-2.5-flash": 0.45742126794456756,
      "gemini-3-flash-preview": 0.4551664576666134,
      "gemini-3.1-flash-lite-preview": 0.8492937721802645,
      "gemini-3.1-pro-preview": 0.8984027780199766,
      "gpt-4.1": 0.6997695014773144,
      "gpt-5.4-mini": 0.5714658337072405,
      "gpt-5.5": 0.8070628023257298,
      "mistralai/mistral-small-2603": 0.4474389019082691,
      "moonshotai/kimi-k2.5": 0.8664677411772962,
      "qwen/qwen3-235b-a22b-2507": 0.6534779504791068,
      "qwen/qwen3-30b-a3b-instruct-2507": 0.5693509899532808,
      "qwen/qwen3-coder": 0.6115843921043134,
      "qwen/qwen3-coder-next": 0.5632330721270709,
      "qwen/qwen3-next-80b-a3b-instruct": 0.6011274545005368,
      "qwen/qwen3.5-flash-02-23": 0.7661873869064528
    },
    "13": {
      "claude-haiku-4-5": 0.6980642732449527,
      "claude-opus-4-7": 0.55,
      "claude-sonnet-4-5": 0.728193730070309,
      "deepseek/deepseek-v4-flash": 0.8178767219409391,
      "deepseek/deepseek-v4-pro": 0.9276107890828679,
      "gemini-2.5-flash": 0.44291931704050885,
      "gemini-3-flash-preview": 0.6437587364012147,
      "gemini-3.1-flash-lite-preview": 0.7188665667678504,
      "gemini-3.1-pro-preview": 0.7294356705866276,
      "gpt-4.1": 0.5393470749907577,
      "gpt-5.4-mini": 0.6122370396978947,
      "gpt-5.5": 0.6312556414429864,
      "mistralai/mistral-small-2603": 0.5400970166173077,
      "moonshotai/kimi-k2.5": 0.9387347708834581,
      "qwen/qwen3-235b-a22b-2507": 0.6947047988438,
      "qwen/qwen3-30b-a3b-instruct-2507": 0.6165373163447976,
      "qwen/qwen3-coder": 0.6324290164987507,
      "qwen/qwen3-coder-next": 0.6438875740703325,
      "qwen/qwen3-next-80b-a3b-instruct": 0.6634044107069953,
      "qwen/qwen3.5-flash-02-23": 0.9159202459804479
    },
    "14": {
      "claude-haiku-4-5": 0.7809850922162853,
      "claude-opus-4-7": 0.55,
      "claude-sonnet-4-5": 0.8324491230217677,
      "deepseek/deepseek-v4-flash": 0.9266883641059842,
      "deepseek/deepseek-v4-pro": 0.9753684130412082,
      "gemini-2.5-flash": 0.522970188661453,
      "gemini-3-flash-preview": 0.4368932038834951,
      "gemini-3.1-flash-lite-preview": 0.9035599296441228,