{
  "meta": {
    "alpha": 0.53,
    "cost_per_1k_input_usd": {
      "claude-haiku-4-5": 0.8,
      "claude-opus-4-7": 15.0,
      "claude-sonnet-4-5": 3.0
    },
    "embedder_model": "jina-v2-base-code-int8",
    "k": 10,
    "n_prompts": 751,
    "router_version": "weave-router-v0.1-bootstrap",
    "seed": 42,
    "top_p": 4,
    "training_data_mix": {
      "d1": 1.0,
      "d2": 0.0,
      "d3": 0.0
    }
  },
  "rankings": {
    "0": {
      "claude-haiku-4-5": 0.47,
      "claude-opus-4-7": 0.53,
      "claude-sonnet-4-5": 0.39718309859154927
    },
    "1": {
      "claude-haiku-4-5": 0.798095238095238,
      "claude-opus-4-7": 0.53,
      "claude-sonnet-4-5": 0.39718309859154927
    },
    "2": {
      "claude-haiku-4-5": 0.518181818181818,
      "claude-opus-4-7": 0.53,
      "claude-sonnet-4-5": 0.39718309859154927
    },
    "3": {
      "claude-haiku-4-5": 0.47,
      "claude-opus-4-7": 0.53,
      "claude-sonnet-4-5": 0.9111224925309434
    },
    "4": {
      "claude-haiku-4-5": 0.8468888888888888,
      "claude-opus-4-7": 0.53,
      "claude-sonnet-4-5": 0.39718309859154927
    },
    "5": {
      "claude-haiku-4-5": 0.47,
      "claude-opus-4-7": 0.53,
      "claude-sonnet-4-5": 0.5183259557344064
    },
    "6": {
      "claude-haiku-4-5": 0.47,
      "claude-opus-4-7": 0.53,
      "claude-sonnet-4-5": 0.4360821811603567
    },
    "7": {
      "claude-haiku-4-5": 0.5078571428571431,
      "claude-opus-4-7": 0.53,
      "claude-sonnet-4-5": 0.39718309859154927
    },
    "8": {
      "claude-haiku-4-5": 0.47,
      "claude-opus-4-7": 0.53,
      "claude-sonnet-4-5": 0.4899911035946762
    },
    "9": {
      "claude-haiku-4-5": 0.47,
      "claude-opus-4-7": 0.53,
      "claude-sonnet-4-5": 0.42436258577103636
    }
  }
}