{
  "meta": {
    "alpha": 0.3,
    "cost_per_1k_input_usd": {
      "claude-haiku-4-5": 0.8,
      "claude-opus-4-7": 15.0,
      "claude-sonnet-4-5": 3.0,
      "gemini-2.5-flash": 0.3,
      "gemini-3-flash-preview": 0.5,
      "gemini-3.1-flash-lite-preview": 0.1,
      "gemini-3.1-pro-preview": 2.0,
      "gpt-4.1": 2.0,
      "gpt-5.4-mini": 0.4,
      "gpt-5.5": 5.0,
      "qwen/qwen3-235b-a22b-2507": 0.071,
      "qwen/qwen3-30b-a3b-instruct-2507": 0.08,
      "qwen/qwen3-coder-next": 0.07,
      "qwen/qwen3-next-80b-a3b-instruct": 0.09
    },
    "embedder_model": "jina-v2-base-code-int8",
    "exclude_prompts": null,
    "include_routerarena_labels": "eval/results/_unsorted/routerarena_labels_full.jsonl",
    "k": 10,
    "n_excluded_prompts": 0,
    "n_prompts": 8013,
    "per_model_zscore": false,
    "router_version": "weave-router-v0.1-bootstrap",
    "routerarena_only": true,
    "score_normalization": "per_prompt_zscore_across_bench_columns",
    "seed": 42,
    "shrinkage_k0": 10.0,
    "top_p": 4,
    "training_data_mix": {
      "d1": 1.0,
      "d2": 0.0,
      "d3": 0.0
    }
  },
  "rankings": {
    "0": {
      "claude-haiku-4-5": 0.7748818361952211,
      "claude-opus-4-7": 0.2756563675551223,
      "claude-sonnet-4-5": 0.81372903585593,
      "gemini-2.5-flash": 0.7640512172940832,
      "gemini-3-flash-preview": 0.8523641978082794,
      "gemini-3.1-flash-lite-preview": 0.9152241582952317,
      "gemini-3.1-pro-preview": 0.8947808354056676,
      "gpt-4.1": 0.7684680259736035,
      "gpt-5.4-mini": 0.74272749082657,
      "gpt-5.5": 0.7688546550569324,
      "qwen/qwen3-235b-a22b-2507": 0.8216231435310628,
      "qwen/qwen3-30b-a3b-instruct-2507": 0.699531145344943,
      "qwen/qwen3-coder-next": 0.7322142356435819,
      "qwen/qwen3-next-80b-a3b-instruct": 0.8032375836308705
    },
    "1": {
      "claude-haiku-4-5": 0.7474533702353284,
      "claude-opus-4-7": 0.2433223400613238,
      "claude-sonnet-4-5": 0.7279059769052458,
      "gemini-2.5-flash": 0.6892163429336905,
      "gemini-3-flash-preview": 0.802412120251437,
      "gemini-3.1-flash-lite-preview": 0.8835184201402885,
      "gemini-3.1-pro-preview": 0.9095110515740119,
      "gpt-4.1": 0.6651526817266575,
      "gpt-5.4-mini": 0.8073022584519162,
      "gpt-5.5": 0.653067805501956,
      "qwen/qwen3-235b-a22b-2507": 0.8523113674308287,
      "qwen/qwen3-30b-a3b-instruct-2507": 0.790154851666392,
      "qwen/qwen3-coder-next": 0.844448516155794,
      "qwen/qwen3-next-80b-a3b-instruct": 0.8963154952040916
    },
    "2": {
      "claude-haiku-4-5": 0.7397394138723826,
      "claude-opus-4-7": 0.21741398568927228,
      "claude-sonnet-4-5": 0.7588025300018226,
      "gemini-2.5-flash": 0.7949357872077213,
      "gemini-3-flash-preview": 0.9244693189170016,
      "gemini-3.1-flash-lite-preview": 0.8483279235641841,
      "gemini-3.1-pro-preview": 0.9095110515740119,
      "gpt-4.1": 0.7096246569539042,
      "gpt-5.4-mini": 0.7418904215798806,
      "gpt-5.5": 0.6093839457530033,
      "qwen/qwen3-235b-a22b-2507": 0.7899247868875006,
      "qwen/qwen3-30b-a3b-instruct-2507": 0.699531145344943,
      "qwen/qwen3-coder-next": 0.7284808348129146,
      "qwen/qwen3-next-80b-a3b-instruct": 0.7577290862603425
    },
    "3": {
      "claude-haiku-4-5": 0.7234662617877107,
      "claude-opus-4-7": 0.2680586465993145,
      "claude-sonnet-4-5": 0.768440479631913,
      "gemini-2.5-flash": 0.6892163429336905,
      "gemini-3-flash-preview": 0.8896087010092332,
      "gemini-3.1-flash-lite-preview": 0.9244895779900087,
      "gemini-3.1-pro-preview": 0.9095110515740119,
      "gpt-4.1": 0.7753529887500202,
      "gpt-5.4-mini": 0.7910018559588423,
      "gpt-5.5": 0.726504085252923,
      "qwen/qwen3-235b-a22b-2507": 0.8722433026110626,
      "qwen/qwen3-30b-a3b-instruct-2507": 0.8322868478536509,
      "qwen/qwen3-coder-next": 0.7361338075073866,
      "qwen/qwen3-next-80b-a3b-instruct": 0.7899224909371355
    },
    "4": {
      "claude-haiku-4-5": 0.8191853487847393,
      "claude-opus-4-7": 0.2891183617802087,
      "claude-sonnet-4-5": 0.8626255860683187,
      "gemini-2.5-flash": 0.7738758062934651,
      "gemini-3-flash-preview": 0.6798392498325518,
      "gemini-3.1-flash-lite-preview": 0.9655555711937756,
      "gemini-3.1-pro-preview": 0.835489974383992,
      "gpt-4.1": 0.7808830441909069,
      "gpt-5.4-mini": 0.9090340272078178,
      "gpt-5.5": 0.7373601779762688,
      "qwen/qwen3-235b-a22b-2507": 0.816357198636052,
      "qwen/qwen3-30b-a3b-instruct-2507": 0.6997785125592368,
      "qwen/qwen3-coder-next": 0.7474557861145533,
      "qwen/qwen3-next-80b-a3b-instruct": 0.7589155194334586
    },
    "5": {
      "claude-haiku-4-5": 0.8715881804881902,
      "claude-opus-4-7": 0.3,
      "claude-sonnet-4-5": 0.8153417706179586,
      "gemini-2.5-flash": 0.7314900892304926,
      "gemini-3-flash-preview": 0.6798392498325518,
      "gemini-3.1-flash-lite-preview": 0.93237079373447,
      "gemini-3.1-pro-preview": 0.8574529671284868,
      "gpt-4.1": 0.7759368782183195,
      "gpt-5.4-mini": 0.8275005088396753,
      "gpt-5.5": 0.7605226690886089,
      "qwen/qwen3-235b-a22b-2507": 0.9038825604560845,
      "qwen/qwen3-30b-a3b-instruct-2507": 0.866328810769174,
      "qwen/qwen3-coder-next": 0.8905327917548751,
      "qwen/qwen3-next-80b-a3b-instruct": 0.8789218415610885
    },
    "6": {
      "claude-haiku-4-5": 0.8842550100682925,
      "claude-opus-4-7": 0.28699388607954274,
      "claude-sonnet-4-5": 0.7814152659734899,
      "gemini-2.5-flash": 0.7771062275934839,
      "gemini-3-flash-preview": 0.6798392498325518,
      "gemini-3.1-flash-lite-preview": 0.8797700789637374,
      "gemini-3.1-pro-preview": 0.8841343155823076,
      "gpt-4.1": 0.636912202297992,
      "gpt-5.4-mini": 0.9845277963831212,
      "gpt-5.5": 0.7277930156172512,
      "qwen/qwen3-235b-a22b-2507": 0.9033406945292463,
      "qwen/qwen3-30b-a3b-instruct-2507": 0.9409153698576216,
      "qwen/qwen3-coder-next": 0.9052103320556458,
      "qwen/qwen3-next-80b-a3b-instruct": 0.8624527959587523
    },
    "7": {
      "claude-haiku-4-5": 0.7949162660741835,
      "claude-opus-4-7": 0.3,
      "claude-sonnet-4-5": 0.7743744498423513,
      "gemini-2.5-flash": 0.70420370087805,
      "gemini-3-flash-preview": 0.6798392498325518,
      "gemini-3.1-flash-lite-preview": 0.9150005120164826,
      "gemini-3.1-pro-preview": 0.8798102682731851,
      "gpt-4.1": 0.781023950246799,
      "gpt-5.4-mini": 0.75930248640374,
      "gpt-5.5": 0.725107725599438,
      "qwen/qwen3-235b-a22b-2507": 0.8304768263174342,
      "qwen/qwen3-30b-a3b-instruct-2507": 0.7653453806533214,
      "qwen/qwen3-coder-next": 0.7464882283143668,
      "qwen/qwen3-next-80b-a3b-instruct": 0.7975420145116723
    },
    "8": {
      "claude-haiku-4-5": 0.8153474140982877,
      "claude-opus-4-7": 0.3,
      "claude-sonnet-4-5": 0.7612465332686932,
      "gemini-2.5-flash": 0.6892163429336905,
      "gemini-3-flash-preview": 0.7921473373967369,
      "gemini-3.1-flash-lite-preview": 0.8498415925957351,
      "gemini-3.1-pro-preview": 0.7978119095963588,
      "gpt-4.1": 0.6937758243400303,
      "gpt-5.4-mini": 0.7948138389354783,
      "gpt-5.5": 0.6048130266287273,
      "qwen/qwen3-235b-a22b-2507": 0.8363819940912744,
      "qwen/qwen3-30b-a3b-instruct-2507": 0.7990636464803623,
      "qwen/qwen3-coder-next": 0.8339756810795327,
      "qwen/qwen3-next-80b-a3b-instruct": 0.8258466621391904
    },
    "9": {
      "claude-haiku-4-5": 0.8153914047884675,
      "claude-opus-4-7": 0.2907130154567133,
      "claude-sonnet-4-5": 0.8169986240196525,
      "gemini-2.5-flash": 0.7057232804549675,
      "gemini-3-flash-preview": 0.6798392498325518,
      "gemini-3.1-flash-lite-preview": 0.8978065781818378,
      "gemini-3.1-pro-preview": 0.8496954127928019,
      "gpt-4.1": 0.739323030685781,
      "gpt-5.4-mini": 0.6927757642197137,
      "gpt-5.5": 0.7688546550569324,
      "qwen/qwen3-235b-a22b-2507": 0.8771144639409577,