{
  "meta": {
    "aa_evidence_scale": 1.0,
    "aa_label_residuals": {
      "fraction_under_threshold": 0.45517241379310347,
      "max": 0.20473181382365496,
      "mean": 0.05447649362479872,
      "median": 0.05395521721297236,
      "n_cells": 145,
      "p90": 0.10738486668043908
    },
    "aa_label_tier_weights": {
      "GPQA_DIAMOND": 0.3,
      "IFBENCH": 0.3,
      "LIVECODEBENCH": 1.0,
      "MATH_500": 0.3,
      "MMLU_PRO": 0.3,
      "SCICODE": 1.0,
      "SWE_BENCH_VERIFIED": 1.0,
      "TAU2_BENCH_TELECOM": 0.3,
      "TERMINAL_BENCH_HARD": 1.0
    },
    "alpha": 0.53,
    "cost_per_1k_input_usd": {
      "claude-haiku-4-5": 0.0012629145417960715,
      "claude-opus-4-7": 0.021196793977061743,
      "claude-sonnet-4-6": 0.004636208359276976,
      "deepseek/deepseek-v4-flash": 0.00025885157289019393,
      "deepseek/deepseek-v4-pro": 0.0034426301116815055,
      "gemini-3.1-flash-lite-preview": 0.0001256025665865941,
      "gemini-3.1-pro-preview": 0.0024464087413931376,
      "gpt-5.4-mini": 0.0004560425331529976,
      "gpt-5.5": 0.015,
      "minimax/minimax-m2.7": 0.0010843745591148247,
      "moonshotai/kimi-k2.6": 0.004128634602518305,
      "qwen/qwen3-235b-a22b-2507": 0.00014723499994983706,
      "qwen/qwen3-coder-next": 0.0007326585164437237,
      "qwen/qwen3-next-80b-a3b-instruct": 0.00034418436007456715,
      "qwen/qwen3.6-35b-a3b": 0.0012664207232805558,
      "xiaomi/mimo-v2.5": 0.0016320084361516752,
      "xiaomi/mimo-v2.5-pro": 0.0025440887526547167,
      "z-ai/glm-5": 0.00237608277636799
    },
    "embedder_model": "jina-v2-base-code-int8",
    "exclude_prompts": null,
    "expected_output_tokens": 2000,
    "include_aa_labels": "aa_quality_priors.json",
    "include_routerarena_labels": "routerarena_labels_combined.jsonl",
    "k": 16,
    "n_excluded_prompts": 0,
    "n_prompts": 8013,
    "output_cost_ratio": 0.25,
    "per_model_verbosity": true,
    "per_model_zscore": false,
    "router_version": "weave-router-v0.1-bootstrap",
    "routerarena_only": true,
    "score_normalization": "per_prompt_minmax_across_bench_columns",
    "seed": 42,
    "shrinkage_k0": 10.0,
    "speed_weight": 0.05,
    "top_p": 4,
    "training_data_mix": {
      "d1": 1.0,
      "d2": 0.0,
      "d3": 0.0
    }
  },
  "rankings": {
    "0": {
      "claude-haiku-4-5": 0.5556233971495209,
      "claude-opus-4-7": 0.44245137192470774,
      "claude-sonnet-4-6": 0.765241990717898,
      "deepseek/deepseek-v4-flash": 0.7571667455160694,
      "deepseek/deepseek-v4-pro": 0.8397179054427948,
      "gemini-3.1-flash-lite-preview": 0.8228980223848068,
      "gemini-3.1-pro-preview": 0.8795055921539873,
      "gpt-5.4-mini": 0.46004464535990924,
      "gpt-5.5": 0.6535171481130427,
      "minimax/minimax-m2.7": 0.598974067496202,
      "moonshotai/kimi-k2.6": 0.8726455013393531,
      "qwen/qwen3-235b-a22b-2507": 0.6366196334624573,
      "qwen/qwen3-coder-next": 0.49627874824471524,
      "qwen/qwen3-next-80b-a3b-instruct": 0.5513225176312688,
      "qwen/qwen3.6-35b-a3b": 0.6114444914782193,
      "xiaomi/mimo-v2.5": 0.7506960576267855,
      "xiaomi/mimo-v2.5-pro": 0.7852761719917521,
      "z-ai/glm-5": 0.8028023808020734
    },
    "1": {
      "claude-haiku-4-5": 0.5318597575509383,
      "claude-opus-4-7": 0.3930056231160775,
      "claude-sonnet-4-6": 0.6113906065366892,
      "deepseek/deepseek-v4-flash": 0.6474834534265579,
      "deepseek/deepseek-v4-pro": 0.8273136900349954,
      "gemini-3.1-flash-lite-preview": 0.7172147038826531,
      "gemini-3.1-pro-preview": 0.9348127841422803,
      "gpt-5.4-mini": 0.5094018575582193,
      "gpt-5.5": 0.3730301840998548,
      "minimax/minimax-m2.7": 0.61245648783851,
      "moonshotai/kimi-k2.6": 0.8382369639819972,
      "qwen/qwen3-235b-a22b-2507": 0.6068078258529366,
      "qwen/qwen3-coder-next": 0.44909558197270155,
      "qwen/qwen3-next-80b-a3b-instruct": 0.5250640877882365,
      "qwen/qwen3.6-35b-a3b": 0.5922847522331874,
      "xiaomi/mimo-v2.5": 0.5731038262162077,
      "xiaomi/mimo-v2.5-pro": 0.579345045440921,
      "z-ai/glm-5": 0.7924564924809689
    },
    "10": {
      "claude-haiku-4-5": 0.6235382063125083,
      "claude-opus-4-7": 0.4579427959156163,
      "claude-sonnet-4-6": 0.7323018187530324,
      "deepseek/deepseek-v4-flash": 0.8495390424786274,
      "deepseek/deepseek-v4-pro": 0.7689359803969875,
      "gemini-3.1-flash-lite-preview": 0.8417692481510961,
      "gemini-3.1-pro-preview": 0.9000024026392367,
      "gpt-5.4-mini": 0.5886006796575287,
      "gpt-5.5": 0.5359518240033443,
      "minimax/minimax-m2.7": 0.7100873637824928,
      "moonshotai/kimi-k2.6": 0.8866457906003734,
      "qwen/qwen3-235b-a22b-2507": 0.7876709819624789,
      "qwen/qwen3-coder-next": 0.7432009413977527,
      "qwen/qwen3-next-80b-a3b-instruct": 0.46407375520223865,
      "qwen/qwen3.6-35b-a3b": 0.9768158538512215,
      "xiaomi/mimo-v2.5": 0.8183515346598285,
      "xiaomi/mimo-v2.5-pro": 0.829420726086875,
      "z-ai/glm-5": 0.7724994579038725
    },
    "11": {
      "claude-haiku-4-5": 0.66786979715988,
      "claude-opus-4-7": 0.5319232656299269,
      "claude-sonnet-4-6": 0.8216298344555504,
      "deepseek/deepseek-v4-flash": 0.9387265395562728,
      "deepseek/deepseek-v4-pro": 0.799803416138533,
      "gemini-3.1-flash-lite-preview": 0.903002054848685,
      "gemini-3.1-pro-preview": 0.803044761518901,
      "gpt-5.4-mini": 0.8331748682581543,
      "gpt-5.5": 0.6535171481130427,
      "minimax/minimax-m2.7": 0.6375916508245281,
      "moonshotai/kimi-k2.6": 0.7158811077654651,
      "qwen/qwen3-235b-a22b-2507": 0.682758301501623,
      "qwen/qwen3-coder-next": 0.44909558197270155,
      "qwen/qwen3-next-80b-a3b-instruct": 0.4720383110632921,
      "qwen/qwen3.6-35b-a3b": 0.5899156121149127,
      "xiaomi/mimo-v2.5": 0.6877572779036212,
      "xiaomi/mimo-v2.5-pro": 0.6852386971096102,
      "z-ai/glm-5": 0.7652996945963246
    },
    "12": {
      "claude-haiku-4-5": 0.5768584445102531,
      "claude-opus-4-7": 0.5408907902412008,
      "claude-sonnet-4-6": 0.5327983254507633,
      "deepseek/deepseek-v4-flash": 0.7384342596544656,
      "deepseek/deepseek-v4-pro": 0.8012272987981521,
      "gemini-3.1-flash-lite-preview": 0.6105213513152524,
      "gemini-3.1-pro-preview": 0.6401398063874623,
      "gpt-5.4-mini": 0.46004464535990924,
      "gpt-5.5": 0.34399356588631147,
      "minimax/minimax-m2.7": 0.525121909176423,
      "moonshotai/kimi-k2.6": 0.6717597949774564,
      "qwen/qwen3-235b-a22b-2507": 0.5603932780124891,
      "qwen/qwen3-coder-next": 0.4740003000776151,
      "qwen/qwen3-next-80b-a3b-instruct": 0.5265611953474622,
      "qwen/qwen3.6-35b-a3b": 0.8696224734210183,
      "xiaomi/mimo-v2.5": 0.6876818625652164,
      "xiaomi/mimo-v2.5-pro": 0.6925084672368301,
      "z-ai/glm-5": 0.6751762623141282
    },
    "13": {
      "claude-haiku-4-5": 0.6359222860550946,
      "claude-opus-4-7": 0.5408907902412008,
      "claude-sonnet-4-6": 0.8803754451982384,
      "deepseek/deepseek-v4-flash": 0.8694927704689975,
      "deepseek/deepseek-v4-pro": 0.8658848504843396,
      "gemini-3.1-flash-lite-preview": 0.7443966142318692,
      "gemini-3.1-pro-preview": 0.8285392279205245,
      "gpt-5.4-mini": 0.5272574581029521,
      "gpt-5.5": 0.5990264632505752,
      "minimax/minimax-m2.7": 0.7639393412162836,
      "moonshotai/kimi-k2.6": 0.7766696455818672,
      "qwen/qwen3-235b-a22b-2507": 0.7752365099928781,
      "qwen/qwen3-coder-next": 0.46534582941666675,
      "qwen/qwen3-next-80b-a3b-instruct": 0.46407375520223865,
      "qwen/qwen3.6-35b-a3b": 0.8378356363208121,
      "xiaomi/mimo-v2.5": 0.8548101976245369,
      "xiaomi/mimo-v2.5-pro": 0.7462985033000552,
      "z-ai/glm-5": 0.7862151797287522
    },
    "14": {
      "claude-haiku-4-5": 0.617741319204397,
      "claude-opus-4-7": 0.45903453990739523,
      "claude-sonnet-4-6": 0.7729691176335871,
      "deepseek/deepseek-v4-flash": 0.8420458523870837,