{
  "meta": {
    "aa_evidence_scale": 3.0,
    "aa_label_residuals": {
      "fraction_under_threshold": 0.5708502024291497,
      "max": 0.2429133312756644,
      "mean": 0.059625521958409304,
      "median": 0.038888469407191734,
      "n_cells": 247,
      "p90": 0.14313290790179495
    },
    "aa_label_tier_weights": {
      "GPQA_DIAMOND": 0.3,
      "IFBENCH": 0.3,
      "LIVECODEBENCH": 1.0,
      "MATH_500": 0.3,
      "MMLU_PRO": 0.3,
      "SCICODE": 1.0,
      "SWE_BENCH_VERIFIED": 1.0,
      "TAU2_BENCH_TELECOM": 0.3,
      "TERMINAL_BENCH_HARD": 1.0
    },
    "alpha": 0.8,
    "cost_per_1k_input_usd": {
      "claude-haiku-4-5": 0.0018,
      "claude-opus-4-7": 0.026458786428882122,
      "claude-sonnet-4-6": 0.005257503262287952,
      "deepseek/deepseek-v4-flash": 0.00020999999999999998,
      "deepseek/deepseek-v4-pro": 0.00261,
      "gemini-3.1-flash-lite-preview": 0.0028746411483253588,
      "gemini-3.1-pro-preview": 0.005304045237059591,
      "gemini-3.5-flash": 0.00375,
      "gpt-5.4-mini": 0.0006247933884297521,
      "gpt-5.5": 0.014956502827316226,
      "moonshotai/kimi-k2.6": 0.005073096998695086,
      "qwen/qwen3-coder-next": 0.0007999999999999999,
      "qwen/qwen3-next-80b-a3b-instruct": 0.00045,
      "xiaomi/mimo-v2.5-pro": 0.00175,
      "z-ai/glm-5.1": 0.0022637342322749023
    },
    "embedder_model": "jina-v2-base-code-int8",
    "exclude_prompts": null,
    "expected_output_tokens": 2000,
    "include_aa_labels": "aa_quality_priors_v0.56.json",
    "include_routerarena_labels": "routerarena_labels_combined.jsonl",
    "k": 16,
    "measured_speed_source": "../eval/measured_speed_tier1_20260526.json",
    "measured_verbosity_source": "../eval/measured_verbosity_tier1_20260526.json",
    "n_excluded_prompts": 0,
    "n_prompts": 8013,
    "output_cost_ratio": 0.25,
    "per_model_verbosity": true,
    "per_model_zscore": false,
    "router_version": "weave-router-v0.1-bootstrap",
    "routerarena_only": true,
    "score_normalization": "per_prompt_minmax_across_bench_columns",
    "seed": 42,
    "shrinkage_k0": 10.0,
    "speed_weight": 0.08,
    "top_p": 4,
    "training_data_mix": {
      "d1": 1.0,
      "d2": 0.0,
      "d3": 0.0
    }
  },
  "rankings": {
    "0": {
      "claude-haiku-4-5": 0.32357095640787664,
      "claude-opus-4-7": 0.7213878880460375,
      "claude-sonnet-4-6": 0.7788834632133662,
      "deepseek/deepseek-v4-flash": 0.5980876581895139,
      "deepseek/deepseek-v4-pro": 0.8519412312547272,
      "gemini-3.1-flash-lite-preview": 0.676115924004705,
      "gemini-3.1-pro-preview": 0.8941342033159112,
      "gemini-3.5-flash": 0.9219074790161954,
      "gpt-5.4-mini": 0.19810371398516152,
      "gpt-5.5": 0.9220491467812543,
      "moonshotai/kimi-k2.6": 0.7008884218702112,
      "qwen/qwen3-coder-next": 0.2733729931010425,
      "qwen/qwen3-next-80b-a3b-instruct": 0.28966996066641165,
      "xiaomi/mimo-v2.5-pro": 0.7794799756950327,
      "z-ai/glm-5.1": 0.8370661728418372
    },
    "1": {
      "claude-haiku-4-5": 0.3068831627017127,
      "claude-opus-4-7": 0.6389954560545594,
      "claude-sonnet-4-6": 0.5446813137009182,
      "deepseek/deepseek-v4-flash": 0.4098186075908218,
      "deepseek/deepseek-v4-pro": 0.7933746193140723,
      "gemini-3.1-flash-lite-preview": 0.48898086270550667,
      "gemini-3.1-pro-preview": 0.9613918174458747,
      "gemini-3.5-flash": 0.9389994504676966,
      "gpt-5.4-mini": 0.2936950586277552,
      "gpt-5.5": 0.518178022010011,
      "moonshotai/kimi-k2.6": 0.5073005455467909,
      "qwen/qwen3-coder-next": 0.1904837153270456,
      "qwen/qwen3-next-80b-a3b-instruct": 0.2712981675758074,
      "xiaomi/mimo-v2.5-pro": 0.4360016953299349,
      "z-ai/glm-5.1": 0.6696331755711917
    },
    "10": {
      "claude-haiku-4-5": 0.792112540293921,
      "claude-opus-4-7": 0.8243895077866075,
      "claude-sonnet-4-6": 0.8422604387256184,
      "deepseek/deepseek-v4-flash": 0.8206019690354677,
      "deepseek/deepseek-v4-pro": 0.8160111524042718,
      "gemini-3.1-flash-lite-preview": 0.7898271801496299,
      "gemini-3.1-pro-preview": 0.9613918174458747,
      "gemini-3.5-flash": 0.9068228094079609,
      "gpt-5.4-mini": 0.6165293932359063,
      "gpt-5.5": 0.8357029052778704,
      "moonshotai/kimi-k2.6": 0.826027138880468,
      "qwen/qwen3-coder-next": 0.6327415171778701,
      "qwen/qwen3-next-80b-a3b-instruct": 0.19682308038388777,
      "xiaomi/mimo-v2.5-pro": 0.9268033316670647,
      "z-ai/glm-5.1": 0.7943750798458804
    },
    "11": {
      "claude-haiku-4-5": 0.6797334616960227,
      "claude-opus-4-7": 0.8603243091161652,
      "claude-sonnet-4-6": 0.9047761647632173,
      "deepseek/deepseek-v4-flash": 0.8756560443008491,
      "deepseek/deepseek-v4-pro": 0.8115311388912457,
      "gemini-3.1-flash-lite-preview": 0.8275673663081043,
      "gemini-3.1-pro-preview": 0.812272205952755,
      "gemini-3.5-flash": 0.7393662453700616,
      "gpt-5.4-mini": 0.8462647534674486,
      "gpt-5.5": 0.9220491467812543,
      "moonshotai/kimi-k2.6": 0.12752632847855505,
      "qwen/qwen3-coder-next": 0.5203916270700795,
      "qwen/qwen3-next-80b-a3b-instruct": 0.5022264494398038,
      "xiaomi/mimo-v2.5-pro": 0.7488045416137896,
      "z-ai/glm-5.1": 0.7561689651838339
    },
    "12": {
      "claude-haiku-4-5": 0.3276133171930179,
      "claude-opus-4-7": 0.8766841552990556,
      "claude-sonnet-4-6": 0.5773807261573389,
      "deepseek/deepseek-v4-flash": 0.4472048936271722,
      "deepseek/deepseek-v4-pro": 0.611939597955824,
      "gemini-3.1-flash-lite-preview": 0.2685728903083746,
      "gemini-3.1-pro-preview": 0.4682936038943612,
      "gemini-3.5-flash": 0.5647303182283705,
      "gpt-5.4-mini": 0.26140912094402086,
      "gpt-5.5": 0.5731465681711404,
      "moonshotai/kimi-k2.6": 0.28159906830122083,
      "qwen/qwen3-coder-next": 0.1904837153270456,
      "qwen/qwen3-next-80b-a3b-instruct": 0.2446941022203447,
      "xiaomi/mimo-v2.5-pro": 0.43995520505983915,
      "z-ai/glm-5.1": 0.37637447118790934
    },
    "13": {
      "claude-haiku-4-5": 0.3428926847391599,
      "claude-opus-4-7": 0.7948297085757253,
      "claude-sonnet-4-6": 0.8052135555630662,
      "deepseek/deepseek-v4-flash": 0.8871218205625322,
      "deepseek/deepseek-v4-pro": 0.8970669816643564,
      "gemini-3.1-flash-lite-preview": 0.2888865162644555,
      "gemini-3.1-pro-preview": 0.9377794693511208,
      "gemini-3.5-flash": 0.9391564559460919,
      "gpt-5.4-mini": 0.8331901756540631,
      "gpt-5.5": 0.8883353282125399,
      "moonshotai/kimi-k2.6": 0.876838272143675,
      "qwen/qwen3-coder-next": 0.7322179852658017,
      "qwen/qwen3-next-80b-a3b-instruct": 0.19682308038388777,
      "xiaomi/mimo-v2.5-pro": 0.935343398759401,
      "z-ai/glm-5.1": 0.9291210351105035
    },
    "14": {
      "claude-haiku-4-5": 0.2697090956267787,
      "claude-opus-4-7": 0.7716120305369898,
      "claude-sonnet-4-6": 0.7231573222054376,
      "deepseek/deepseek-v4-flash": 0.6092192277816569,
      "deepseek/deepseek-v4-pro": 0.7749659842647135,
      "gemini-3.1-flash-lite-preview": 0.4719866534815622,
      "gemini-3.1-pro-preview": 0.8432584070057503,
      "gemini-3.5-flash": 0.8225831321092685,
      "gpt-5.4-mini": 0.3720322206489007,
      "gpt-5.5": 0.9220491467812543,
      "moonshotai/kimi-k2.6": 0.44421681090261567,
      "qwen/qwen3-coder-next": 0.30047179184230927,
      "qwen/qwen3-next-80b-a3b-instruct": 0.19682308038388777,
      "xiaomi/mimo-v2.5-pro": 0.7026571136997,
      "z-ai/glm-5.1": 0.7110598948238318
    },
    "15": {
      "claude-haiku-4-5": 0.19000286586785084,
      "claude-opus-4-7": 0.8766841552990556,
      "claude-sonnet-4-6": 0.8902717010691047,
      "deepseek/deepseek-v4-flash": 0.7033290691918677,
      "deepseek/deepseek-v4-pro": 0.6869055223305497,
      "gemini-3.1-flash-lite-preview": 0.759182397562031,
      "gemini-3.1-pro-preview": 0.9232257091703497,
      "gemini-3.5-flash": 0.7990752863143626,
      "gpt-5.4-mini": 0.5786306030045026,