{
  "meta": {
    "alpha": 0.3,
    "cost_per_1k_input_usd": {
      "claude-haiku-4-5": 0.0008,
      "claude-opus-4-7": 0.015,
      "claude-sonnet-4-5": 0.003,
      "deepseek/deepseek-v4-flash": 0.00014,
      "deepseek/deepseek-v4-pro": 0.000435,
      "gemini-2.5-flash": 0.0003,
      "gemini-3-flash-preview": 0.0005,
      "gemini-3.1-flash-lite-preview": 0.0001,
      "gemini-3.1-pro-preview": 0.002,
      "gpt-4.1": 0.002,
      "gpt-5.4-mini": 0.0004,
      "gpt-5.5": 0.005,
      "mistralai/mistral-small-2603": 0.00015,
      "moonshotai/kimi-k2.5": 0.00044,
      "qwen/qwen3-235b-a22b-2507": 7.1e-05,
      "qwen/qwen3-30b-a3b-instruct-2507": 8e-05,
      "qwen/qwen3-coder": 0.00022,
      "qwen/qwen3-coder-next": 7e-05,
      "qwen/qwen3-next-80b-a3b-instruct": 9e-05,
      "qwen/qwen3.5-flash-02-23": 6.5e-05
    },
    "embedder_model": "jina-v2-base-code-int8",
    "exclude_prompts": null,
    "include_routerarena_labels": "routerarena_labels_full.jsonl",
    "k": 10,
    "n_excluded_prompts": 0,
    "n_prompts": 8013,
    "per_model_zscore": false,
    "router_version": "weave-router-v0.1-bootstrap",
    "routerarena_only": true,
    "score_normalization": "per_prompt_zscore_across_bench_columns",
    "seed": 42,
    "shrinkage_k0": 10.0,
    "top_p": 4,
    "training_data_mix": {
      "d1": 1.0,
      "d2": 0.0,
      "d3": 0.0
    }
  },
  "rankings": {
    "0": {
      "claude-haiku-4-5": 0.8711493464461101,
      "claude-opus-4-7": 0.3,
      "claude-sonnet-4-5": 0.8166827216160482,
      "deepseek/deepseek-v4-flash": 0.9416146340374598,
      "deepseek/deepseek-v4-pro": 0.9543473055606525,
      "gemini-2.5-flash": 0.7353190507988328,
      "gemini-3-flash-preview": 0.6796116504854368,
      "gemini-3.1-flash-lite-preview": 0.9279398001145622,
      "gemini-3.1-pro-preview": 0.8544654348689953,
      "gpt-4.1": 0.7611254563667204,
      "gpt-5.4-mini": 0.8507094110560482,
      "gpt-5.5": 0.7553796932185071,
      "mistralai/mistral-small-2603": 0.8245335755127126,
      "moonshotai/kimi-k2.5": 0.9221359728954683,
      "qwen/qwen3-235b-a22b-2507": 0.9097239000870609,
      "qwen/qwen3-30b-a3b-instruct-2507": 0.8836023397833719,
      "qwen/qwen3-coder": 0.8777746887416459,
      "qwen/qwen3-coder-next": 0.9048691871387533,
      "qwen/qwen3-next-80b-a3b-instruct": 0.8798090298761205,
      "qwen/qwen3.5-flash-02-23": 0.9767055606057596
    },
    "1": {
      "claude-haiku-4-5": 0.794155995144197,
      "claude-opus-4-7": 0.27131095549986983,
      "claude-sonnet-4-5": 0.8161649893682996,
      "deepseek/deepseek-v4-flash": 0.8993715075619542,
      "deepseek/deepseek-v4-pro": 0.9445060410875621,
      "gemini-2.5-flash": 0.7913921091793406,
      "gemini-3-flash-preview": 0.8646618529693231,
      "gemini-3.1-flash-lite-preview": 0.9207212902889671,
      "gemini-3.1-pro-preview": 0.8913186677430593,
      "gpt-4.1": 0.7814638127844078,
      "gpt-5.4-mini": 0.7729145068703331,
      "gpt-5.5": 0.7686976899899565,
      "mistralai/mistral-small-2603": 0.6960160696350853,
      "moonshotai/kimi-k2.5": 0.9285886760100561,
      "qwen/qwen3-235b-a22b-2507": 0.8517111197688223,
      "qwen/qwen3-30b-a3b-instruct-2507": 0.717679344476571,
      "qwen/qwen3-coder": 0.8253140000530643,
      "qwen/qwen3-coder-next": 0.7762174708189966,
      "qwen/qwen3-next-80b-a3b-instruct": 0.8198832401163796,
      "qwen/qwen3.5-flash-02-23": 0.8871442124069988
    },
    "2": {
      "claude-haiku-4-5": 0.753751960300606,
      "claude-opus-4-7": 0.23157308188489542,
      "claude-sonnet-4-5": 0.7289009987443733,
      "deepseek/deepseek-v4-flash": 0.8768315851339511,
      "deepseek/deepseek-v4-pro": 0.93924200151092,
      "gemini-2.5-flash": 0.6935845727396622,
      "gemini-3-flash-preview": 0.8105941185635706,
      "gemini-3.1-flash-lite-preview": 0.8869819625324095,
      "gemini-3.1-pro-preview": 0.9093069969869434,
      "gpt-4.1": 0.6737619153225741,
      "gpt-5.4-mini": 0.8137018006010602,
      "gpt-5.5": 0.6451412783356698,
      "mistralai/mistral-small-2603": 0.6960160696350853,
      "moonshotai/kimi-k2.5": 0.8669623180056352,
      "qwen/qwen3-235b-a22b-2507": 0.864428615610582,
      "qwen/qwen3-30b-a3b-instruct-2507": 0.8030132749375241,
      "qwen/qwen3-coder": 0.840406038994129,
      "qwen/qwen3-coder-next": 0.8633081039054928,
      "qwen/qwen3-next-80b-a3b-instruct": 0.8979508469442166,
      "qwen/qwen3.5-flash-02-23": 0.8368516046520785
    },
    "3": {
      "claude-haiku-4-5": 0.8169992751131221,
      "claude-opus-4-7": 0.28817302085521024,
      "claude-sonnet-4-5": 0.8144463734300164,
      "deepseek/deepseek-v4-flash": 0.936216642715047,
      "deepseek/deepseek-v4-pro": 0.9632539071850926,
      "gemini-2.5-flash": 0.7063119108898288,
      "gemini-3-flash-preview": 0.6796116504854368,
      "gemini-3.1-flash-lite-preview": 0.8954052113812819,
      "gemini-3.1-pro-preview": 0.8501468341819984,
      "gpt-4.1": 0.7385419191064991,
      "gpt-5.4-mini": 0.6879275601389477,
      "gpt-5.5": 0.7686976899899565,
      "mistralai/mistral-small-2603": 0.7082777403406526,
      "moonshotai/kimi-k2.5": 0.9240188743360502,
      "qwen/qwen3-235b-a22b-2507": 0.8721531983940011,
      "qwen/qwen3-30b-a3b-instruct-2507": 0.8004867416762675,
      "qwen/qwen3-coder": 0.8486831348112651,
      "qwen/qwen3-coder-next": 0.8488793375724613,
      "qwen/qwen3-next-80b-a3b-instruct": 0.8397615066757163,
      "qwen/qwen3.5-flash-02-23": 0.9599632932312068
    },
    "4": {
      "claude-haiku-4-5": 0.8518769526979963,
      "claude-opus-4-7": 0.29292813571856585,
      "claude-sonnet-4-5": 0.8186780687713116,
      "deepseek/deepseek-v4-flash": 0.9452111484802048,
      "deepseek/deepseek-v4-pro": 0.9432598919246561,
      "gemini-2.5-flash": 0.688985604285236,
      "gemini-3-flash-preview": 0.842252652433407,
      "gemini-3.1-flash-lite-preview": 0.9648654271476401,
      "gemini-3.1-pro-preview": 0.9093069969869434,
      "gpt-4.1": 0.8466810271759954,
      "gpt-5.4-mini": 0.901597571270624,
      "gpt-5.5": 0.7454958665632723,
      "mistralai/mistral-small-2603": 0.9248542202345962,
      "moonshotai/kimi-k2.5": 0.9497369904597264,
      "qwen/qwen3-235b-a22b-2507": 0.908964890975592,
      "qwen/qwen3-30b-a3b-instruct-2507": 0.8997623884694318,
      "qwen/qwen3-coder": 0.9304876194551128,
      "qwen/qwen3-coder-next": 0.8947856431735407,
      "qwen/qwen3-next-80b-a3b-instruct": 0.871966106626479,
      "qwen/qwen3.5-flash-02-23": 0.9827258274395474
    },
    "5": {
      "claude-haiku-4-5": 0.7281650414660527,
      "claude-opus-4-7": 0.21391214860433858,
      "claude-sonnet-4-5": 0.752796594280175,
      "deepseek/deepseek-v4-flash": 0.8101983986117463,
      "deepseek/deepseek-v4-pro": 0.9256053254702663,
      "gemini-2.5-flash": 0.7849308214357357,
      "gemini-3-flash-preview": 0.9210207231845207,
      "gemini-3.1-flash-lite-preview": 0.8389779374808366,
      "gemini-3.1-pro-preview": 0.9093069969869434,
      "gpt-4.1": 0.696017602362977,
      "gpt-5.4-mini": 0.7286847077415126,
      "gpt-5.5": 0.6065872221855929,
      "mistralai/mistral-small-2603": 0.6968516207127256,
      "moonshotai/kimi-k2.5": 0.8805046983465455,
      "qwen/qwen3-235b-a22b-2507": 0.7975835548967735,
      "qwen/qwen3-30b-a3b-instruct-2507": 0.6992969534650151,
      "qwen/qwen3-coder": 0.7197690497825937,
      "qwen/qwen3-coder-next": 0.7182976266197169,
      "qwen/qwen3-next-80b-a3b-instruct": 0.7503011157829385,
      "qwen/qwen3.5-flash-02-23": 0.7687296450689731
    },
    "6": {
      "claude-haiku-4-5": 0.8244147200876517,
      "claude-opus-4-7": 0.2956371578678658,
      "claude-sonnet-4-5": 0.8576365081760415,
      "deepseek/deepseek-v4-flash": 0.9625522916841647,
      "deepseek/deepseek-v4-pro": 0.9373966728859842,
      "gemini-2.5-flash": 0.780421625326138,
      "gemini-3-flash-preview": 0.6898452583418537,
      "gemini-3.1-flash-lite-preview": 0.9608259390921816,