{
  "meta": {
    "alpha": 0.55,
    "cost_per_1k_input_usd": {
      "claude-haiku-4-5": 0.0208,
      "claude-opus-4-7": 0.39,
      "claude-sonnet-4-5": 0.078,
      "deepseek/deepseek-v4-flash": 0.0015399999999999997,
      "deepseek/deepseek-v4-pro": 0.019139999999999997,
      "gemini-2.5-flash": 0.006299999999999999,
      "gemini-3-flash-preview": 0.0105,
      "gemini-3.1-flash-lite-preview": 0.0021,
      "gemini-3.1-pro-preview": 0.042,
      "gpt-4.1": 0.042,
      "gpt-5.4-mini": 0.0084,
      "gpt-5.5": 0.20500000000000002,
      "moonshotai/kimi-k2.5": 0.0156,
      "qwen/qwen3-235b-a22b-2507": 0.0023859999999999997,
      "qwen/qwen3-coder-next": 0.006499999999999999,
      "qwen/qwen3-next-80b-a3b-instruct": 0.006149999999999999
    },
    "embedder_model": "jina-v2-base-code-int8",
    "exclude_prompts": null,
    "include_routerarena_labels": "routerarena_plus_shortprompts.jsonl",
    "k": 16,
    "n_excluded_prompts": 0,
    "n_prompts": 8416,
    "output_cost_ratio": 5.0,
    "per_model_zscore": false,
    "router_version": "weave-router-v0.1-bootstrap",
    "routerarena_only": true,
    "score_normalization": "per_prompt_minmax_across_bench_columns",
    "seed": 42,
    "shrinkage_k0": 10.0,
    "top_p": 4,
    "training_data_mix": {
      "d1": 1.0,
      "d2": 0.0,
      "d3": 0.0
    }
  },
  "rankings": {
    "0": {
      "claude-haiku-4-5": 0.5216248847106543,
      "claude-opus-4-7": 0.39643476215084567,
      "claude-sonnet-4-5": 0.7072908331845901,
      "deepseek/deepseek-v4-flash": 0.6457642078448843,
      "deepseek/deepseek-v4-pro": 0.9133353276365082,
      "gemini-2.5-flash": 0.6119878269447173,
      "gemini-3-flash-preview": 0.8908299568008848,
      "gemini-3.1-flash-lite-preview": 0.7058696061378391,
      "gemini-3.1-pro-preview": 0.9531303094269681,
      "gpt-4.1": 0.5531664948460073,
      "gpt-5.4-mini": 0.4956242550009398,
      "gpt-5.5": 0.4747740517017287,
      "moonshotai/kimi-k2.5": 0.8548859869330705,
      "qwen/qwen3-235b-a22b-2507": 0.6064589061232859,
      "qwen/qwen3-coder-next": 0.4442542346702363,
      "qwen/qwen3-next-80b-a3b-instruct": 0.5079604161724622
    },
    "1": {
      "claude-haiku-4-5": 0.5360418242055571,
      "claude-opus-4-7": 0.46116899695409125,
      "claude-sonnet-4-5": 0.7945257190963144,
      "deepseek/deepseek-v4-flash": 0.742059534877713,
      "deepseek/deepseek-v4-pro": 0.8703321634475982,
      "gemini-2.5-flash": 0.5036189047752627,
      "gemini-3-flash-preview": 0.7267157514857794,
      "gemini-3.1-flash-lite-preview": 0.7892031079045603,
      "gemini-3.1-pro-preview": 0.8980041229353432,
      "gpt-4.1": 0.6184505562257445,
      "gpt-5.4-mini": 0.46686463516142485,
      "gpt-5.5": 0.7643077794367503,
      "moonshotai/kimi-k2.5": 0.8459534647620346,
      "qwen/qwen3-235b-a22b-2507": 0.6013807681754518,
      "qwen/qwen3-coder-next": 0.4442542346702363,
      "qwen/qwen3-next-80b-a3b-instruct": 0.5134913130801221
    },
    "10": {
      "claude-haiku-4-5": 0.5247923858712681,
      "claude-opus-4-7": 0.4563599329615366,
      "claude-sonnet-4-5": 0.6954998212384628,
      "deepseek/deepseek-v4-flash": 0.7589538701943235,
      "deepseek/deepseek-v4-pro": 0.910741097169987,
      "gemini-2.5-flash": 0.46506958798801024,
      "gemini-3-flash-preview": 0.4528675447124981,
      "gemini-3.1-flash-lite-preview": 0.6795986037295945,
      "gemini-3.1-pro-preview": 0.8274807157240581,
      "gpt-4.1": 0.5219979010251111,
      "gpt-5.4-mini": 0.4420532358543994,
      "gpt-5.5": 0.7643077794367503,
      "moonshotai/kimi-k2.5": 0.8631862809862663,
      "qwen/qwen3-235b-a22b-2507": 0.5860580337498452,
      "qwen/qwen3-coder-next": 0.5756416175159466,
      "qwen/qwen3-next-80b-a3b-instruct": 0.5762230007113438
    },
    "11": {
      "claude-haiku-4-5": 0.5786066538015656,
      "claude-opus-4-7": 0.4302258768893343,
      "claude-sonnet-4-5": 0.6640208618678208,
      "deepseek/deepseek-v4-flash": 0.7849984862923277,
      "deepseek/deepseek-v4-pro": 0.910263479217311,
      "gemini-2.5-flash": 0.4444859187561138,
      "gemini-3-flash-preview": 0.6890688843030214,
      "gemini-3.1-flash-lite-preview": 0.8038561286517907,
      "gemini-3.1-pro-preview": 0.9531303094269681,
      "gpt-4.1": 0.519504453709603,
      "gpt-5.4-mini": 0.6682858484041805,
      "gpt-5.5": 0.534231680394288,
      "moonshotai/kimi-k2.5": 0.7822903037585962,
      "qwen/qwen3-235b-a22b-2507": 0.7503691644599184,
      "qwen/qwen3-coder-next": 0.7455067275057382,
      "qwen/qwen3-next-80b-a3b-instruct": 0.810464767945933
    },
    "12": {
      "claude-haiku-4-5": 0.6188858096654016,
      "claude-opus-4-7": 0.55,
      "claude-sonnet-4-5": 0.7389103209402426,
      "deepseek/deepseek-v4-flash": 0.7489925035931668,
      "deepseek/deepseek-v4-pro": 0.743845804657919,
      "gemini-2.5-flash": 0.4828472481584425,
      "gemini-3-flash-preview": 0.43962055295268493,
      "gemini-3.1-flash-lite-preview": 0.8031726421479757,
      "gemini-3.1-pro-preview": 0.899790313130362,
      "gpt-4.1": 0.6731040534407371,
      "gpt-5.4-mini": 0.5765689360704903,
      "gpt-5.5": 0.6876509905997575,
      "moonshotai/kimi-k2.5": 0.8349271079103483,
      "qwen/qwen3-235b-a22b-2507": 0.6243064908871894,
      "qwen/qwen3-coder-next": 0.5017826969917509,
      "qwen/qwen3-next-80b-a3b-instruct": 0.5632836211437534
    },
    "13": {
      "claude-haiku-4-5": 0.7868065767028949,
      "claude-opus-4-7": 0.55,
      "claude-sonnet-4-5": 0.8128654676976632,
      "deepseek/deepseek-v4-flash": 0.8862617531455359,
      "deepseek/deepseek-v4-pro": 0.9362619370799972,
      "gemini-2.5-flash": 0.5376604189920788,
      "gemini-3-flash-preview": 0.43962055295268493,
      "gemini-3.1-flash-lite-preview": 0.8399750782847352,
      "gemini-3.1-pro-preview": 0.8574569762095086,
      "gpt-4.1": 0.6929277990361145,
      "gpt-5.4-mini": 0.7739233048003917,
      "gpt-5.5": 0.7428337945235284,
      "moonshotai/kimi-k2.5": 0.8913029244055017,
      "qwen/qwen3-235b-a22b-2507": 0.8209381733246541,
      "qwen/qwen3-coder-next": 0.823496878445956,
      "qwen/qwen3-next-80b-a3b-instruct": 0.7690649329506108
    },
    "14": {
      "claude-haiku-4-5": 0.7251001906118529,
      "claude-opus-4-7": 0.508255071168083,
      "claude-sonnet-4-5": 0.8152104791741334,
      "deepseek/deepseek-v4-flash": 0.8870570681108662,
      "deepseek/deepseek-v4-pro": 0.8835689520664327,
      "gemini-2.5-flash": 0.4444859187561138,
      "gemini-3-flash-preview": 0.7463740779119088,
      "gemini-3.1-flash-lite-preview": 0.9178333379487474,
      "gemini-3.1-pro-preview": 0.9531303094269681,
      "gpt-4.1": 0.8109458235352927,
      "gpt-5.4-mini": 0.7959530315801655,
      "gpt-5.5": 0.7094297521417756,
      "moonshotai/kimi-k2.5": 0.9110154360155538,
      "qwen/qwen3-235b-a22b-2507": 0.815626164004333,
      "qwen/qwen3-coder-next": 0.7620471478741427,
      "qwen/qwen3-next-80b-a3b-instruct": 0.7205040745923017
    },
    "15": {
      "claude-haiku-4-5": 0.8049799263986351,
      "claude-opus-4-7": 0.5240057251390029,
      "claude-sonnet-4-5": 0.8005233946554986,
      "deepseek/deepseek-v4-flash": 0.926737095512081,
      "deepseek/deepseek-v4-pro": 0.9796118004427741,
      "gemini-2.5-flash": 0.4642942606811032,
      "gemini-3-flash-preview": 0.43962055295268493,
      "gemini-3.1-flash-lite-preview": 0.8180067062871569,
      "gemini-3.1-pro-preview": 0.8327863084125533,
      "gpt-4.1": 0.6409359836359985,
      "gpt-5.4-mini": 0.5325661993986119,
      "gpt-5.5": 0.7178282245103389,
      "moonshotai/kimi-k2.5": 0.8963178612491529,
      "qwen/qwen3-235b-a22b-2507": 0.830337271200537,
      "qwen/qwen3-coder-next": 0.7830774538342873,
      "qwen/qwen3-next-80b-a3b-instruct": 0.7414187567709082
    },
    "2": {
      "claude-haiku-4-5": 0.6931703333982784,
      "claude-opus-4-7": 0.5379851739600543,
      "claude-sonnet-4-5": 0.8967580463902118,
      "deepseek/deepseek-v4-flash": 0.9215241940358494,