{
  "meta": {
    "aa_evidence_scale": 5.0,
    "aa_label_residuals": {
      "fraction_under_threshold": 0.9345238095238095,
      "max": 0.15017113022401213,
      "mean": 0.009312707280993567,
      "median": 4.536560974495452e-06,
      "n_cells": 168,
      "p90": 0.02728130539219235
    },
    "aa_label_tier_weights": {
      "IFBENCH": 0.3,
      "LIVECODEBENCH": 1.0,
      "SCICODE": 1.0,
      "SWE_BENCH_VERIFIED": 1.0,
      "TAU2_BENCH_TELECOM": 0.3,
      "TERMINAL_BENCH_HARD": 1.0
    },
    "alpha": 0.53,
    "cost_per_1k_input_usd": {
      "claude-haiku-4-5": 0.0012629145417960715,
      "claude-opus-4-7": 0.021196793977061743,
      "claude-sonnet-4-6": 0.004636208359276976,
      "deepseek/deepseek-v4-flash": 0.00025885157289019393,
      "deepseek/deepseek-v4-pro": 0.0034426301116815055,
      "gemini-3.1-flash-lite-preview": 0.0001256025665865941,
      "gemini-3.1-pro-preview": 0.0024464087413931376,
      "gpt-5.4-mini": 0.0004560425331529976,
      "gpt-5.5": 0.015,
      "minimax/minimax-m2.7": 0.0010843745591148247,
      "moonshotai/kimi-k2.6": 0.004128634602518305,
      "qwen/qwen3-235b-a22b-2507": 0.00014723499994983706,
      "qwen/qwen3-coder-next": 0.0007326585164437237,
      "qwen/qwen3-next-80b-a3b-instruct": 0.00034418436007456715,
      "qwen/qwen3.6-35b-a3b": 0.0012664207232805558,
      "xiaomi/mimo-v2.5": 0.0016320084361516752,
      "xiaomi/mimo-v2.5-pro": 0.0025440887526547167,
      "z-ai/glm-5": 0.00237608277636799
    },
    "embedder_model": "jina-v2-base-code-int8",
    "exclude_prompts": null,
    "expected_output_tokens": 2000,
    "include_aa_labels": "aa_quality_priors.json",
    "include_routerarena_labels": "routerarena_labels_combined.jsonl",
    "k": 16,
    "n_excluded_prompts": 0,
    "n_prompts": 8013,
    "output_cost_ratio": 0.25,
    "per_model_verbosity": true,
    "per_model_zscore": false,
    "router_version": "weave-router-v0.1-bootstrap",
    "routerarena_only": true,
    "score_normalization": "per_prompt_minmax_across_bench_columns",
    "seed": 42,
    "shrinkage_k0": 10.0,
    "speed_weight": 0.2,
    "top_p": 4,
    "training_data_mix": {
      "d1": 1.0,
      "d2": 0.0,
      "d3": 0.0
    }
  },
  "rankings": {
    "0": {
      "claude-haiku-4-5": 0.43069542234280533,
      "claude-opus-4-7": 0.366521899003156,
      "claude-sonnet-4-6": 0.5744604307718575,
      "deepseek/deepseek-v4-flash": 0.7936997766127023,
      "deepseek/deepseek-v4-pro": 0.7660992483204949,
      "gemini-3.1-flash-lite-preview": 0.866156415238442,
      "gemini-3.1-pro-preview": 0.8490291527711171,
      "gpt-5.4-mini": 0.48050238941235257,
      "gpt-5.5": 0.6030273457821134,
      "minimax/minimax-m2.7": 0.5795180209424565,
      "moonshotai/kimi-k2.6": 0.8942993206582591,
      "qwen/qwen3-235b-a22b-2507": 0.6212043512199136,
      "qwen/qwen3-coder-next": 0.5462144509252127,
      "qwen/qwen3-next-80b-a3b-instruct": 0.6177258838246521,
      "qwen/qwen3.6-35b-a3b": 0.6985973656029549,
      "xiaomi/mimo-v2.5": 0.7292737070572753,
      "xiaomi/mimo-v2.5-pro": 0.7919462997834817,
      "z-ai/glm-5": 0.8240586591893959
    },
    "1": {
      "claude-haiku-4-5": 0.5282569731891474,
      "claude-opus-4-7": 0.4011922762218117,
      "claude-sonnet-4-6": 0.562803410896057,
      "deepseek/deepseek-v4-flash": 0.5980297590928052,
      "deepseek/deepseek-v4-pro": 0.682863473976971,
      "gemini-3.1-flash-lite-preview": 0.7673693391486374,
      "gemini-3.1-pro-preview": 0.8905706639982925,
      "gpt-5.4-mini": 0.5700800806717491,
      "gpt-5.5": 0.36860721871484103,
      "minimax/minimax-m2.7": 0.6455253477415199,
      "moonshotai/kimi-k2.6": 0.7074745590979628,
      "qwen/qwen3-235b-a22b-2507": 0.5444103918177507,
      "qwen/qwen3-coder-next": 0.4259562196444643,
      "qwen/qwen3-next-80b-a3b-instruct": 0.5123844301856755,
      "qwen/qwen3.6-35b-a3b": 0.5481617558881606,
      "xiaomi/mimo-v2.5": 0.586788396572449,
      "xiaomi/mimo-v2.5-pro": 0.5785189742235696,
      "z-ai/glm-5": 0.6897374693104563
    },
    "10": {
      "claude-haiku-4-5": 0.6093756161764938,
      "claude-opus-4-7": 0.4875832866196923,
      "claude-sonnet-4-6": 0.6917529107467328,
      "deepseek/deepseek-v4-flash": 0.8284241361072957,
      "deepseek/deepseek-v4-pro": 0.664343976129238,
      "gemini-3.1-flash-lite-preview": 0.8325453732836527,
      "gemini-3.1-pro-preview": 0.8512773405488266,
      "gpt-5.4-mini": 0.5919026141316256,
      "gpt-5.5": 0.49044597187471806,
      "minimax/minimax-m2.7": 0.6455805584574573,
      "moonshotai/kimi-k2.6": 0.8655556684449128,
      "qwen/qwen3-235b-a22b-2507": 0.7357048619219437,
      "qwen/qwen3-coder-next": 0.7176232214829272,
      "qwen/qwen3-next-80b-a3b-instruct": 0.46190283221207634,
      "qwen/qwen3.6-35b-a3b": 0.983104977939806,
      "xiaomi/mimo-v2.5": 0.8027036610051408,
      "xiaomi/mimo-v2.5-pro": 0.7875200363634552,
      "z-ai/glm-5": 0.7575824555779822
    },
    "11": {
      "claude-haiku-4-5": 0.5645788621599671,
      "claude-opus-4-7": 0.5706838376655391,
      "claude-sonnet-4-6": 0.7179644046544347,
      "deepseek/deepseek-v4-flash": 0.8429123739428106,
      "deepseek/deepseek-v4-pro": 0.6932714430927424,
      "gemini-3.1-flash-lite-preview": 0.8249227681655196,
      "gemini-3.1-pro-preview": 0.8850681155933379,
      "gpt-5.4-mini": 0.8360311698956785,
      "gpt-5.5": 0.6094038809298132,
      "minimax/minimax-m2.7": 0.6368190491687769,
      "moonshotai/kimi-k2.6": 0.7695969430958078,
      "qwen/qwen3-235b-a22b-2507": 0.5871229448562809,
      "qwen/qwen3-coder-next": 0.43217563163177813,
      "qwen/qwen3-next-80b-a3b-instruct": 0.46190283221207634,
      "qwen/qwen3.6-35b-a3b": 0.49455636915723944,
      "xiaomi/mimo-v2.5": 0.6712679900521299,
      "xiaomi/mimo-v2.5-pro": 0.7337820491907763,
      "z-ai/glm-5": 0.6661805900014044
    },
    "12": {
      "claude-haiku-4-5": 0.5900076090394797,
      "claude-opus-4-7": 0.5761098681235726,
      "claude-sonnet-4-6": 0.5672253878051521,
      "deepseek/deepseek-v4-flash": 0.655325583798766,
      "deepseek/deepseek-v4-pro": 0.60684599402522,
      "gemini-3.1-flash-lite-preview": 0.5748871020640958,
      "gemini-3.1-pro-preview": 0.5491940717239425,
      "gpt-5.4-mini": 0.4533251304727448,
      "gpt-5.5": 0.2918512047467777,
      "minimax/minimax-m2.7": 0.4080132437608398,
      "moonshotai/kimi-k2.6": 0.48716288477585,
      "qwen/qwen3-235b-a22b-2507": 0.4987008797056147,
      "qwen/qwen3-coder-next": 0.43525553714719595,
      "qwen/qwen3-next-80b-a3b-instruct": 0.4990840433897939,
      "qwen/qwen3.6-35b-a3b": 0.640228727728062,
      "xiaomi/mimo-v2.5": 0.5596585143081584,
      "xiaomi/mimo-v2.5-pro": 0.5331719377784211,
      "z-ai/glm-5": 0.5147769791598661
    },
    "13": {
      "claude-haiku-4-5": 0.43069542234280533,
      "claude-opus-4-7": 0.2830509202707697,
      "claude-sonnet-4-6": 0.5310065325564831,
      "deepseek/deepseek-v4-flash": 0.9081655092249984,
      "deepseek/deepseek-v4-pro": 0.7473610563837645,
      "gemini-3.1-flash-lite-preview": 0.8094951034726023,
      "gemini-3.1-pro-preview": 0.7569043845566831,
      "gpt-5.4-mini": 0.572678233957053,
      "gpt-5.5": 0.4781283835862865,
      "minimax/minimax-m2.7": 0.7196905189837558,
      "moonshotai/kimi-k2.6": 0.830508573509613,
      "qwen/qwen3-235b-a22b-2507": 0.7106985034684022,
      "qwen/qwen3-coder-next": 0.6317674676901868,
      "qwen/qwen3-next-80b-a3b-instruct": 0.651487893320073,
      "qwen/qwen3.6-35b-a3b": 0.983104977939806,
      "xiaomi/mimo-v2.5": 0.7321646220403759,
      "xiaomi/mimo-v2.5-pro": 0.7831341884554591,
      "z-ai/glm-5": 0.8173200086550831
    },
    "14": {
      "claude-haiku-4-5": 0.5933603404260919,
      "claude-opus-4-7": 0.4818178824451073,
      "claude-sonnet-4-6": 0.7242280248738171,
      "deepseek/deepseek-v4-flash": 0.8293283987466723,
      "deepseek/deepseek-v4-pro": 0.7581722139941759,
      "gemini-3.1-flash-lite-preview": 0.7689798653726305,