{
  "meta": {
    "aa_evidence_scale": 1.0,
    "aa_label_residuals": {
      "fraction_under_threshold": 0.45517241379310347,
      "max": 0.20473181382365496,
      "mean": 0.05447649362479872,
      "median": 0.05395521721297236,
      "n_cells": 145,
      "p90": 0.10738486668043908
    },
    "aa_label_tier_weights": {
      "GPQA_DIAMOND": 0.3,
      "IFBENCH": 0.3,
      "LIVECODEBENCH": 1.0,
      "MATH_500": 0.3,
      "MMLU_PRO": 0.3,
      "SCICODE": 1.0,
      "SWE_BENCH_VERIFIED": 1.0,
      "TAU2_BENCH_TELECOM": 0.3,
      "TERMINAL_BENCH_HARD": 1.0
    },
    "alpha": 0.53,
    "cost_per_1k_input_usd": {
      "claude-haiku-4-5": 0.0012629145417960715,
      "claude-opus-4-7": 0.021196793977061743,
      "claude-sonnet-4-6": 0.004636208359276976,
      "deepseek/deepseek-v4-flash": 0.00025885157289019393,
      "deepseek/deepseek-v4-pro": 0.0034426301116815055,
      "gemini-3.1-flash-lite-preview": 0.0001256025665865941,
      "gemini-3.1-pro-preview": 0.0024464087413931376,
      "gpt-5.4-mini": 0.0004560425331529976,
      "gpt-5.5": 0.015,
      "minimax/minimax-m2.7": 0.0010843745591148247,
      "moonshotai/kimi-k2.6": 0.004128634602518305,
      "qwen/qwen3-235b-a22b-2507": 0.00014723499994983706,
      "qwen/qwen3-coder-next": 0.0007326585164437237,
      "qwen/qwen3-next-80b-a3b-instruct": 0.00034418436007456715,
      "qwen/qwen3.6-35b-a3b": 0.0012664207232805558,
      "xiaomi/mimo-v2.5": 0.0016320084361516752,
      "xiaomi/mimo-v2.5-pro": 0.0025440887526547167,
      "z-ai/glm-5": 0.00237608277636799
    },
    "embedder_model": "jina-v2-base-code-int8",
    "exclude_prompts": null,
    "expected_output_tokens": 2000,
    "include_aa_labels": "aa_quality_priors.json",
    "include_routerarena_labels": "routerarena_labels_combined.jsonl",
    "k": 16,
    "n_excluded_prompts": 0,
    "n_prompts": 8013,
    "output_cost_ratio": 0.25,
    "per_model_verbosity": true,
    "per_model_zscore": false,
    "router_version": "weave-router-v0.1-bootstrap",
    "routerarena_only": true,
    "score_normalization": "per_prompt_minmax_across_bench_columns",
    "seed": 42,
    "shrinkage_k0": 10.0,
    "speed_weight": 0.1,
    "top_p": 4,
    "training_data_mix": {
      "d1": 1.0,
      "d2": 0.0,
      "d3": 0.0
    }
  },
  "rankings": {
    "0": {
      "claude-haiku-4-5": 0.5523354007359509,
      "claude-opus-4-7": 0.4533421621659085,
      "claude-sonnet-4-6": 0.754011667956853,
      "deepseek/deepseek-v4-flash": 0.7509944386818388,
      "deepseek/deepseek-v4-pro": 0.8057009264786343,
      "gemini-3.1-flash-lite-preview": 0.8228980223848067,
      "gemini-3.1-pro-preview": 0.8660847373391849,
      "gpt-5.4-mini": 0.4574598651339925,
      "gpt-5.5": 0.6388127257186329,
      "minimax/minimax-m2.7": 0.5779195223041973,
      "moonshotai/kimi-k2.6": 0.8748083880510824,
      "qwen/qwen3-235b-a22b-2507": 0.6221907033092856,
      "qwen/qwen3-coder-next": 0.4889149170250052,
      "qwen/qwen3-next-80b-a3b-instruct": 0.5502718131358121,
      "qwen/qwen3.6-35b-a3b": 0.6137066773949171,
      "xiaomi/mimo-v2.5": 0.7461166109602052,
      "xiaomi/mimo-v2.5-pro": 0.7716719182538007,
      "z-ai/glm-5": 0.7955767565797063
    },
    "1": {
      "claude-haiku-4-5": 0.5285717611373681,
      "claude-opus-4-7": 0.40389641335727827,
      "claude-sonnet-4-6": 0.600160283775644,
      "deepseek/deepseek-v4-flash": 0.6413111465923271,
      "deepseek/deepseek-v4-pro": 0.793296711070835,
      "gemini-3.1-flash-lite-preview": 0.717214703882653,
      "gemini-3.1-pro-preview": 0.9213919293274779,
      "gpt-5.4-mini": 0.5068170773323025,
      "gpt-5.5": 0.35832576170544495,
      "minimax/minimax-m2.7": 0.5914019426465054,
      "moonshotai/kimi-k2.6": 0.8403998506937265,
      "qwen/qwen3-235b-a22b-2507": 0.592378895699765,
      "qwen/qwen3-coder-next": 0.44173175075299154,
      "qwen/qwen3-next-80b-a3b-instruct": 0.5240133832927799,
      "qwen/qwen3.6-35b-a3b": 0.5945469381498851,
      "xiaomi/mimo-v2.5": 0.5685243795496274,
      "xiaomi/mimo-v2.5-pro": 0.5657407917029695,
      "z-ai/glm-5": 0.7852308682586017
    },
    "10": {
      "claude-haiku-4-5": 0.6202502098989384,
      "claude-opus-4-7": 0.4688335861568171,
      "claude-sonnet-4-6": 0.7210714959919872,
      "deepseek/deepseek-v4-flash": 0.8433667356443968,
      "deepseek/deepseek-v4-pro": 0.7349190014328271,
      "gemini-3.1-flash-lite-preview": 0.8417692481510961,
      "gemini-3.1-pro-preview": 0.8865815478244343,
      "gpt-5.4-mini": 0.5860158994316119,
      "gpt-5.5": 0.5212474016089345,
      "minimax/minimax-m2.7": 0.6890328185904881,
      "moonshotai/kimi-k2.6": 0.8888086773121027,
      "qwen/qwen3-235b-a22b-2507": 0.7732420518093072,
      "qwen/qwen3-coder-next": 0.7358371101780427,
      "qwen/qwen3-next-80b-a3b-instruct": 0.46302305070678196,
      "qwen/qwen3.6-35b-a3b": 0.9790780397679193,
      "xiaomi/mimo-v2.5": 0.8137720879932481,
      "xiaomi/mimo-v2.5-pro": 0.8158164723489235,
      "z-ai/glm-5": 0.7652738336815054
    },
    "11": {
      "claude-haiku-4-5": 0.66458180074631,
      "claude-opus-4-7": 0.5428140558711276,
      "claude-sonnet-4-6": 0.8103995116945054,
      "deepseek/deepseek-v4-flash": 0.932554232722042,
      "deepseek/deepseek-v4-pro": 0.7657864371743726,
      "gemini-3.1-flash-lite-preview": 0.903002054848685,
      "gemini-3.1-pro-preview": 0.7896239067040988,
      "gpt-5.4-mini": 0.8305900880322376,
      "gpt-5.5": 0.6388127257186329,
      "minimax/minimax-m2.7": 0.6165371056325234,
      "moonshotai/kimi-k2.6": 0.7180439944771944,
      "qwen/qwen3-235b-a22b-2507": 0.6683293713484514,
      "qwen/qwen3-coder-next": 0.44173175075299154,
      "qwen/qwen3-next-80b-a3b-instruct": 0.47098760656783545,
      "qwen/qwen3.6-35b-a3b": 0.5921777980316104,
      "xiaomi/mimo-v2.5": 0.6831778312370409,
      "xiaomi/mimo-v2.5-pro": 0.6716344433716587,
      "z-ai/glm-5": 0.7580740703739574
    },
    "12": {
      "claude-haiku-4-5": 0.5735704480966831,
      "claude-opus-4-7": 0.5517815804824016,
      "claude-sonnet-4-6": 0.5215680026897184,
      "deepseek/deepseek-v4-flash": 0.7322619528202348,
      "deepseek/deepseek-v4-pro": 0.7672103198339917,
      "gemini-3.1-flash-lite-preview": 0.6105213513152524,
      "gemini-3.1-pro-preview": 0.6267189515726599,
      "gpt-5.4-mini": 0.4574598651339925,
      "gpt-5.5": 0.32928914349190164,
      "minimax/minimax-m2.7": 0.5040673639844183,
      "moonshotai/kimi-k2.6": 0.6739226816891857,
      "qwen/qwen3-235b-a22b-2507": 0.5459643478593175,
      "qwen/qwen3-coder-next": 0.4666364688579051,
      "qwen/qwen3-next-80b-a3b-instruct": 0.5255104908520054,
      "qwen/qwen3.6-35b-a3b": 0.8718846593377161,
      "xiaomi/mimo-v2.5": 0.6831024158986362,
      "xiaomi/mimo-v2.5-pro": 0.6789042134988786,
      "z-ai/glm-5": 0.6679506380917609
    },
    "13": {
      "claude-haiku-4-5": 0.6326342896415245,
      "claude-opus-4-7": 0.5517815804824016,
      "claude-sonnet-4-6": 0.8691451224371932,
      "deepseek/deepseek-v4-flash": 0.8633204636347669,
      "deepseek/deepseek-v4-pro": 0.8318678715201792,
      "gemini-3.1-flash-lite-preview": 0.7443966142318691,
      "gemini-3.1-pro-preview": 0.8151183731057221,
      "gpt-5.4-mini": 0.5246726778770353,
      "gpt-5.5": 0.5843220408561653,
      "minimax/minimax-m2.7": 0.7428847960242789,
      "moonshotai/kimi-k2.6": 0.7788325322935965,
      "qwen/qwen3-235b-a22b-2507": 0.7608075798397064,
      "qwen/qwen3-coder-next": 0.45798199819695673,
      "qwen/qwen3-next-80b-a3b-instruct": 0.46302305070678196,
      "qwen/qwen3.6-35b-a3b": 0.84009782223751,
      "xiaomi/mimo-v2.5": 0.8502307509579566,
      "xiaomi/mimo-v2.5-pro": 0.7326942495621037,
      "z-ai/glm-5": 0.778989555506385
    },
    "14": {
      "claude-haiku-4-5": 0.6144533227908271,
      "claude-opus-4-7": 0.469925330148596,
      "claude-sonnet-4-6": 0.761738794872542,
      "deepseek/deepseek-v4-flash": 0.835873545552853,