{
  "meta": {
    "alpha": 0.53,
    "cost_per_1k_input_usd": {
      "claude-haiku-4-5": 0.8,
      "claude-opus-4-7": 15.0,
      "claude-sonnet-4-5": 3.0,
      "gemini-3-flash-preview": 0.5,
      "gemini-3.1-flash-lite-preview": 0.1,
      "gemini-3.1-pro-preview": 2.0,
      "gpt-4.1": 2.0,
      "gpt-5.4-mini": 0.4,
      "gpt-5.5": 5.0
    },
    "embedder_model": "jina-v2-base-code-int8",
    "exclude_prompts": "/Users/steventohme/Desktop/workweave4/router-internal/eval/results/_unsorted/routerarena_labels_sub10.jsonl",
    "include_routerarena_labels": "/Users/steventohme/Desktop/workweave4/router-internal/eval/results/_unsorted/routerarena_labels_full.jsonl",
    "k": 10,
    "n_excluded_prompts": 809,
    "n_prompts": 7242,
    "per_model_zscore": true,
    "router_version": "weave-router-v0.1-bootstrap",
    "routerarena_only": true,
    "score_normalization": "per_prompt_zscore_across_bench_columns",
    "seed": 42,
    "shrinkage_k0": 10.0,
    "top_p": 4,
    "training_data_mix": {
      "d1": 1.0,
      "d2": 0.0,
      "d3": 0.0
    }
  },
  "rankings": {
    "0": {
      "claude-haiku-4-5": 1.504037550740496,
      "claude-opus-4-7": 0.7639838359002944,
      "claude-sonnet-4-5": 0.8332043154210765,
      "gemini-3-flash-preview": -0.6431610772484709,
      "gemini-3.1-flash-lite-preview": 1.1256561177850555,
      "gemini-3.1-pro-preview": 0.07497131907505833,
      "gpt-4.1": 1.405847673689957,
      "gpt-5.4-mini": 0.6610496776359674,
      "gpt-5.5": 0.6958208482175398
    },
    "1": {
      "claude-haiku-4-5": -0.7183277314046889,
      "claude-opus-4-7": 0.05220216651649842,
      "claude-sonnet-4-5": 0.685013384532891,
      "gemini-3-flash-preview": 1.2073756630974581,
      "gemini-3.1-flash-lite-preview": 0.38534911394774657,
      "gemini-3.1-pro-preview": 0.6794293061785734,
      "gpt-4.1": 0.5424781723030585,
      "gpt-5.4-mini": -0.8867389738845751,
      "gpt-5.5": 0.8329648692858264
    },
    "2": {
      "claude-haiku-4-5": 1.6693109737267728,
      "claude-opus-4-7": 0.7639838359002944,
      "claude-sonnet-4-5": 0.34721396341389377,
      "gemini-3-flash-preview": -0.6431610772484709,
      "gemini-3.1-flash-lite-preview": 0.34414990822142516,
      "gemini-3.1-pro-preview": 0.5422941043374813,
      "gpt-4.1": -0.6803635058129174,
      "gpt-5.4-mini": 2.144940897754274,
      "gpt-5.5": 0.46162999130253884
    },
    "3": {
      "claude-haiku-4-5": 0.5264828231216216,
      "claude-opus-4-7": 0.7639838359002944,
      "claude-sonnet-4-5": 1.5206343770279724,
      "gemini-3-flash-preview": -0.6431610772484709,
      "gemini-3.1-flash-lite-preview": 1.6145426224446424,
      "gemini-3.1-pro-preview": -0.02039880627775478,
      "gpt-4.1": 1.2127995886179554,
      "gpt-5.4-mini": 1.343206632614837,
      "gpt-5.5": 0.34462138974385526
    },
    "4": {
      "claude-haiku-4-5": -1.0566049628464496,
      "claude-opus-4-7": -1.6809117146235324,
      "claude-sonnet-4-5": -0.5298525900844363,
      "gemini-3-flash-preview": 2.4145928611362324,
      "gemini-3.1-flash-lite-preview": -0.9947772260017799,
      "gemini-3.1-pro-preview": 0.8785485549837104,
      "gpt-4.1": -0.4324723775632519,
      "gpt-5.4-mini": -0.8867389738845751,
      "gpt-5.5": -1.532519471351058
    },
    "5": {
      "claude-haiku-4-5": -0.43095135890564723,
      "claude-opus-4-7": 0.7639838359002944,
      "claude-sonnet-4-5": -0.01762696814737624,
      "gemini-3-flash-preview": -0.6431610772484709,
      "gemini-3.1-flash-lite-preview": 0.4714327418507572,
      "gemini-3.1-pro-preview": 0.668948209264694,
      "gpt-4.1": 0.9026379170443117,
      "gpt-5.4-mini": -0.3146506752648031,
      "gpt-5.5": 0.33561022882616653
    },
    "6": {
      "claude-haiku-4-5": -1.1142570312572806,
      "claude-opus-4-7": -1.1560381920323166,
      "claude-sonnet-4-5": -1.3063965876334467,
      "gemini-3-flash-preview": 0.4420382180068409,
      "gemini-3.1-flash-lite-preview": -0.38134590681339164,
      "gemini-3.1-pro-preview": 0.8785485549837104,
      "gpt-4.1": -1.382309362533836,
      "gpt-5.4-mini": 0.007189296004892068,
      "gpt-5.5": -0.8062704054212734
    },
    "7": {
      "claude-haiku-4-5": -0.1375809596783407,
      "claude-opus-4-7": 0.7639838359002944,
      "claude-sonnet-4-5": -0.6784080777646141,
      "gemini-3-flash-preview": -0.21364413814393582,
      "gemini-3.1-flash-lite-preview": -1.5873028383886298,
      "gemini-3.1-pro-preview": -1.6343113751982545,
      "gpt-4.1": -1.382309362533836,
      "gpt-5.4-mini": -0.6229276847020507,
      "gpt-5.5": -1.9977871891752468
    },
    "8": {
      "claude-haiku-4-5": 0.7638617836749954,
      "claude-opus-4-7": 0.5735696262699332,
      "claude-sonnet-4-5": 0.913110033796489,
      "gemini-3-flash-preview": -0.634557217854245,
      "gemini-3.1-flash-lite-preview": 0.37846505949556586,
      "gemini-3.1-pro-preview": 0.07000541068066245,
      "gpt-4.1": 0.5977982391875662,
      "gpt-5.4-mini": -0.8867389738845751,
      "gpt-5.5": 0.8329648692858264
    },
    "9": {
      "claude-haiku-4-5": -1.0059710871714775,
      "claude-opus-4-7": -1.608741065632049,
      "claude-sonnet-4-5": -1.766891850562445,
      "gemini-3-flash-preview": -0.6431610772484709,
      "gemini-3.1-flash-lite-preview": -1.3561695925413957,
      "gemini-3.1-pro-preview": -2.138035278027879,
      "gpt-4.1": -0.7841069823990113,
      "gpt-5.4-mini": -0.5585912223893915,
      "gpt-5.5": 0.8329648692858264
    }
  }
}