{
  "meta": {
    "alpha": 0.35,
    "cost_per_1k_input_usd": {
      "claude-haiku-4-5": 0.0008,
      "claude-opus-4-7": 0.015,
      "claude-sonnet-4-5": 0.003,
      "deepseek/deepseek-v4-flash": 0.00014,
      "deepseek/deepseek-v4-pro": 0.000435,
      "gemini-2.5-flash": 0.0003,
      "gemini-3-flash-preview": 0.0005,
      "gemini-3.1-flash-lite-preview": 0.0001,
      "gemini-3.1-pro-preview": 0.002,
      "gpt-4.1": 0.002,
      "gpt-5.4-mini": 0.0004,
      "gpt-5.5": 0.005,
      "mistralai/mistral-small-2603": 0.00015,
      "moonshotai/kimi-k2.5": 0.00044,
      "qwen/qwen3-235b-a22b-2507": 7.1e-05,
      "qwen/qwen3-30b-a3b-instruct-2507": 8e-05,
      "qwen/qwen3-coder": 0.00022,
      "qwen/qwen3-coder-next": 7e-05,
      "qwen/qwen3-next-80b-a3b-instruct": 9e-05,
      "qwen/qwen3.5-flash-02-23": 6.5e-05
    },
    "embedder_model": "jina-v2-base-code-int8",
    "exclude_prompts": null,
    "include_routerarena_labels": "/Users/steventohme/Desktop/workweave4/router-internal/eval/results/_unsorted/routerarena_plus_shortprompts.jsonl",
    "k": 16,
    "n_excluded_prompts": 0,
    "n_prompts": 8416,
    "per_model_zscore": false,
    "router_version": "weave-router-v0.1-bootstrap",
    "routerarena_only": true,
    "score_normalization": "per_prompt_minmax_across_bench_columns",
    "seed": 42,
    "shrinkage_k0": 10.0,
    "top_p": 4,
    "training_data_mix": {
      "d1": 1.0,
      "d2": 0.0,
      "d3": 0.0
    }
  },
  "rankings": {
    "0": {
      "claude-haiku-4-5": 0.6913013335576668,
      "claude-opus-4-7": 0.25687193807269426,
      "claude-sonnet-4-5": 0.748406548861885,
      "deepseek/deepseek-v4-flash": 0.7813149055088293,
      "deepseek/deepseek-v4-pro": 0.9450313588271826,
      "gemini-2.5-flash": 0.7577018711040431,
      "gemini-3-flash-preview": 0.9211373203080311,
      "gemini-3.1-flash-lite-preview": 0.8204072564630718,
      "gemini-3.1-pro-preview": 0.9157850686307332,
      "gpt-4.1": 0.6731181430319433,
      "gpt-5.4-mini": 0.6842166135115791,
      "gpt-5.5": 0.610434164440393,
      "mistralai/mistral-small-2603": 0.6463006360897221,
      "moonshotai/kimi-k2.5": 0.9083183882527126,
      "qwen/qwen3-235b-a22b-2507": 0.7615549803949034,
      "qwen/qwen3-30b-a3b-instruct-2507": 0.6497002487333596,
      "qwen/qwen3-coder": 0.6696700683059692,
      "qwen/qwen3-coder-next": 0.6660755463774664,
      "qwen/qwen3-next-80b-a3b-instruct": 0.7036117727265417,
      "qwen/qwen3.5-flash-02-23": 0.7290230055260748
    },
    "1": {
      "claude-haiku-4-5": 0.7547006883078039,
      "claude-opus-4-7": 0.30703627996300686,
      "claude-sonnet-4-5": 0.8157490590479205,
      "deepseek/deepseek-v4-flash": 0.8721583955267156,
      "deepseek/deepseek-v4-pro": 0.931279942143445,
      "gemini-2.5-flash": 0.7526974143192493,
      "gemini-3-flash-preview": 0.8540922703345829,
      "gemini-3.1-flash-lite-preview": 0.8969379523005809,
      "gemini-3.1-pro-preview": 0.8890938735753805,
      "gpt-4.1": 0.7541257893764532,
      "gpt-5.4-mini": 0.7317706180287592,
      "gpt-5.5": 0.7852192835621025,
      "mistralai/mistral-small-2603": 0.6463006360897221,
      "moonshotai/kimi-k2.5": 0.9199307662033237,
      "qwen/qwen3-235b-a22b-2507": 0.8076732451454209,
      "qwen/qwen3-30b-a3b-instruct-2507": 0.6685867176604289,
      "qwen/qwen3-coder": 0.7693644987579951,
      "qwen/qwen3-coder-next": 0.7342178328261775,
      "qwen/qwen3-next-80b-a3b-instruct": 0.7665172674198019,
      "qwen/qwen3.5-flash-02-23": 0.8362724913244737
    },
    "10": {
      "claude-haiku-4-5": 0.7342131096100569,
      "claude-opus-4-7": 0.3015557927066848,
      "claude-sonnet-4-5": 0.7607125821334353,
      "deepseek/deepseek-v4-flash": 0.8767240709649574,
      "deepseek/deepseek-v4-pro": 0.953875236547242,
      "gemini-2.5-flash": 0.7165120460428458,
      "gemini-3-flash-preview": 0.704015729936328,
      "gemini-3.1-flash-lite-preview": 0.8333330212920788,
      "gemini-3.1-pro-preview": 0.8507409558695403,
      "gpt-4.1": 0.6932169097009189,
      "gpt-5.4-mini": 0.7015384655080669,
      "gpt-5.5": 0.7852192835621025,
      "mistralai/mistral-small-2603": 0.6463006360897221,
      "moonshotai/kimi-k2.5": 0.9378879238211559,
      "qwen/qwen3-235b-a22b-2507": 0.7865283596357685,
      "qwen/qwen3-30b-a3b-instruct-2507": 0.7556458342005481,
      "qwen/qwen3-coder": 0.7751273166306825,
      "qwen/qwen3-coder-next": 0.7837106984501321,
      "qwen/qwen3-next-80b-a3b-instruct": 0.7828839191578366,
      "qwen/qwen3.5-flash-02-23": 0.9479362404867397
    },
    "11": {
      "claude-haiku-4-5": 0.7169025142247005,
      "claude-opus-4-7": 0.27259765817824616,
      "claude-sonnet-4-5": 0.7150408318276982,
      "deepseek/deepseek-v4-flash": 0.8597762432309982,
      "deepseek/deepseek-v4-pro": 0.9376136825449362,
      "gemini-2.5-flash": 0.6397723468362906,
      "gemini-3-flash-preview": 0.7927957513570223,
      "gemini-3.1-flash-lite-preview": 0.8730210457249177,
      "gemini-3.1-pro-preview": 0.9157850686307332,
      "gpt-4.1": 0.6471478262764208,
      "gpt-5.4-mini": 0.7853796666914477,
      "gpt-5.5": 0.6380961742910778,
      "mistralai/mistral-small-2603": 0.6469815905036203,
      "moonshotai/kimi-k2.5": 0.8562399060013954,
      "qwen/qwen3-235b-a22b-2507": 0.842451786119629,
      "qwen/qwen3-30b-a3b-instruct-2507": 0.7664120365626036,
      "qwen/qwen3-coder": 0.8112281504247141,
      "qwen/qwen3-coder-next": 0.8447540568362131,
      "qwen/qwen3-next-80b-a3b-instruct": 0.8817554041676203,
      "qwen/qwen3.5-flash-02-23": 0.8169375076653176
    },
    "12": {
      "claude-haiku-4-5": 0.7655727530278582,
      "claude-opus-4-7": 0.35,
      "claude-sonnet-4-5": 0.7749091307686479,
      "deepseek/deepseek-v4-flash": 0.8552405136993502,
      "deepseek/deepseek-v4-pro": 0.8517569359412807,
      "gemini-2.5-flash": 0.701112404779542,
      "gemini-3-flash-preview": 0.6707594156118455,
      "gemini-3.1-flash-lite-preview": 0.8877724535700255,
      "gemini-3.1-pro-preview": 0.8856569705860298,
      "gpt-4.1": 0.7577936107191106,
      "gpt-5.4-mini": 0.7510024840897648,
      "gpt-5.5": 0.7420521944584801,
      "mistralai/mistral-small-2603": 0.6463006360897221,
      "moonshotai/kimi-k2.5": 0.9067340558218885,
      "qwen/qwen3-235b-a22b-2507": 0.7883170984026502,
      "qwen/qwen3-30b-a3b-instruct-2507": 0.7350280816125346,
      "qwen/qwen3-coder": 0.7611104726861031,
      "qwen/qwen3-coder-next": 0.7219665512983574,
      "qwen/qwen3-next-80b-a3b-instruct": 0.7555283279303163,
      "qwen/qwen3.5-flash-02-23": 0.8595798028201944
    },
    "13": {
      "claude-haiku-4-5": 0.8465467696460924,
      "claude-opus-4-7": 0.35,
      "claude-sonnet-4-5": 0.8095403193027322,
      "deepseek/deepseek-v4-flash": 0.9245253510528068,
      "deepseek/deepseek-v4-pro": 0.9577547452936412,
      "gemini-2.5-flash": 0.6990710445585084,
      "gemini-3-flash-preview": 0.6310679611650486,
      "gemini-3.1-flash-lite-preview": 0.8970523633427404,
      "gemini-3.1-pro-preview": 0.8548933132650955,
      "gpt-4.1": 0.7502103115751095,
      "gpt-5.4-mini": 0.8466146404563466,
      "gpt-5.5": 0.7718170544729017,
      "mistralai/mistral-small-2603": 0.8263574223456068,
      "moonshotai/kimi-k2.5": 0.9278423593805425,
      "qwen/qwen3-235b-a22b-2507": 0.8864146777381718,
      "qwen/qwen3-30b-a3b-instruct-2507": 0.864377805249483,
      "qwen/qwen3-coder": 0.858328502527278,
      "qwen/qwen3-coder-next": 0.8911309310772583,
      "qwen/qwen3-next-80b-a3b-instruct": 0.8553557101619866,
      "qwen/qwen3.5-flash-02-23": 0.9876770454108363
    },
    "14": {
      "claude-haiku-4-5": 0.8072904970881759,
      "claude-opus-4-7": 0.3234375956722211,
      "claude-sonnet-4-5": 0.8110436258683495,
      "deepseek/deepseek-v4-flash": 0.9248877593926386,
      "deepseek/deepseek-v4-pro": 0.9228420013386895,
      "gemini-2.5-flash": 0.6397723468362906,
      "gemini-3-flash-preview": 0.8262858199495119,