{
  "meta": {
    "alpha": 0.53,
    "cost_per_1k_input_usd": {
      "claude-haiku-4-5": 0.8,
      "claude-opus-4-7": 15.0,
      "claude-sonnet-4-5": 3.0,
      "gemini-3-flash-preview": 0.5,
      "gemini-3.1-flash-lite-preview": 0.1,
      "gemini-3.1-pro-preview": 2.0,
      "gpt-4.1": 2.0,
      "gpt-5.5": 5.0
    },
    "embedder_model": "jina-v2-base-code-int8",
    "k": 10,
    "n_prompts": 15354,
    "router_version": "weave-router-v0.1-bootstrap",
    "score_normalization": "per_prompt_zscore_across_bench_columns",
    "seed": 42,
    "shrinkage_k0": 10.0,
    "top_p": 4,
    "training_data_mix": {
      "d1": 1.0,
      "d2": 0.0,
      "d3": 0.0
    }
  },
  "rankings": {
    "0": {
      "claude-haiku-4-5": 0.5628967790634907,
      "claude-opus-4-7": 0.5117784829386159,
      "claude-sonnet-4-5": 0.37852348993288587,
      "gemini-3-flash-preview": 0.5723598663118129,
      "gemini-3.1-flash-lite-preview": 0.5849773159762424,
      "gemini-3.1-pro-preview": 0.9205867135439181,
      "gpt-4.1": 0.5764768215151805,
      "gpt-5.5": 0.8454362416107382
    },
    "1": {
      "claude-haiku-4-5": 0.5633445428748851,
      "claude-opus-4-7": 0.5291179691733909,
      "claude-sonnet-4-5": 0.4061394879801571,
      "gemini-3-flash-preview": 0.5728076301232072,
      "gemini-3.1-flash-lite-preview": 0.5854250797876368,
      "gemini-3.1-pro-preview": 0.6403127038070775,
      "gpt-4.1": 0.41006711409395974,
      "gpt-5.5": 0.8454362416107382
    },
    "2": {
      "claude-haiku-4-5": 0.6800765008562869,
      "claude-opus-4-7": 0.5268983216118818,
      "claude-sonnet-4-5": 0.37852348993288587,
      "gemini-3-flash-preview": 0.6895395881046091,
      "gemini-3.1-flash-lite-preview": 0.7021570377690386,
      "gemini-3.1-pro-preview": 0.6736681337021369,
      "gpt-4.1": 0.636903219789175,
      "gpt-5.5": 0.8454362416107382
    },
    "3": {
      "claude-haiku-4-5": 0.702557203243104,
      "claude-opus-4-7": 0.5274049740174074,
      "claude-sonnet-4-5": 0.37852348993288587,
      "gemini-3-flash-preview": 0.7120202904914261,
      "gemini-3.1-flash-lite-preview": 0.7246377401558557,
      "gemini-3.1-pro-preview": 0.7104083272411859,
      "gpt-4.1": 0.5924473099729605,
      "gpt-5.5": 0.8454362416107382
    },
    "4": {
      "claude-haiku-4-5": 0.5117946190582425,
      "claude-opus-4-7": 0.015673863180726187,
      "claude-sonnet-4-5": 0.9085234899328859,
      "gemini-3-flash-preview": 0.5212577063065646,
      "gemini-3.1-flash-lite-preview": 0.5338751559709942,
      "gemini-3.1-pro-preview": 0.8371537409153956,
      "gpt-4.1": 0.41006711409395974,
      "gpt-5.5": 0.3329446760613247
    },
    "5": {
      "claude-haiku-4-5": 0.5338532981788215,
      "claude-opus-4-7": 0.5292625723348156,
      "claude-sonnet-4-5": 0.6140858415876296,
      "gemini-3-flash-preview": 0.5433163854271437,
      "gemini-3.1-flash-lite-preview": 0.5559338350915732,
      "gemini-3.1-pro-preview": 0.41006711409395974,
      "gpt-4.1": 0.5228914334265249,
      "gpt-5.5": 0.8454362416107382
    },
    "6": {
      "claude-haiku-4-5": 0.52579735270197,
      "claude-opus-4-7": 0.5282894541686955,
      "claude-sonnet-4-5": 0.42723355101331484,
      "gemini-3-flash-preview": 0.5352604399502923,
      "gemini-3.1-flash-lite-preview": 0.5478778896147217,
      "gemini-3.1-pro-preview": 0.6089773837192995,
      "gpt-4.1": 0.41006711409395974,
      "gpt-5.5": 0.8454362416107382
    },
    "7": {
      "claude-haiku-4-5": 0.4479194630872483,
      "claude-opus-4-7": 0.53,
      "claude-sonnet-4-5": 0.5312265743453157,
      "gemini-3-flash-preview": 0.45738255033557046,
      "gemini-3.1-flash-lite-preview": 0.47,
      "gemini-3.1-pro-preview": 0.6320477773021191,
      "gpt-4.1": 0.5529129984166998,
      "gpt-5.5": 0.8447830797030154
    },
    "8": {
      "claude-haiku-4-5": 0.5751824782092583,
      "claude-opus-4-7": 0.53,
      "claude-sonnet-4-5": 0.4347743189516021,
      "gemini-3-flash-preview": 0.5846455654575804,
      "gemini-3.1-flash-lite-preview": 0.59726301512201,
      "gemini-3.1-pro-preview": 0.6543887320106816,
      "gpt-4.1": 0.41006711409395974,
      "gpt-5.5": 0.8444516956885746
    },
    "9": {
      "claude-haiku-4-5": 0.4479194630872483,
      "claude-opus-4-7": 0.5157435620513342,
      "claude-sonnet-4-5": 0.5052922557527677,
      "gemini-3-flash-preview": 0.45738255033557046,
      "gemini-3.1-flash-lite-preview": 0.47,
      "gemini-3.1-pro-preview": 0.6583082494265919,
      "gpt-4.1": 0.5921535711850245,
      "gpt-5.5": 0.8454362416107382
    }
  }
}