{
  "meta": {
    "alpha": 0.53,
    "cost_per_1k_input_usd": {
      "claude-haiku-4-5": 0.8,
      "claude-opus-4-7": 15.0,
      "claude-sonnet-4-5": 3.0,
      "gemini-3-flash-preview": 0.5,
      "gemini-3.1-flash-lite-preview": 0.1,
      "gemini-3.1-pro-preview": 2.0,
      "gpt-4.1": 2.0,
      "gpt-5.5": 5.0
    },
    "embedder_model": "jina-v2-base-code-int8",
    "k": 10,
    "n_prompts": 15354,
    "router_version": "weave-router-v0.1-bootstrap",
    "score_normalization": "raw_bench_column_means",
    "seed": 42,
    "shrinkage_k0": 10.0,
    "top_p": 4,
    "training_data_mix": {
      "d1": 1.0,
      "d2": 0.0,
      "d3": 0.0
    }
  },
  "rankings": {
    "0": {
      "claude-haiku-4-5": 0.4479194630872483,
      "claude-opus-4-7": 0.26381865388321657,
      "claude-sonnet-4-5": 0.6300131911454463,
      "gemini-3-flash-preview": 0.45738255033557046,
      "gemini-3.1-flash-lite-preview": 0.47,
      "gemini-3.1-pro-preview": 0.7452263938653825,
      "gpt-4.1": 0.9400671140939598,
      "gpt-5.5": 0.5998852094017665
    },
    "1": {
      "claude-haiku-4-5": 0.4831481585002357,
      "claude-opus-4-7": 0.21335265318132035,
      "claude-sonnet-4-5": 0.37852348993288587,
      "gemini-3-flash-preview": 0.49261124574855786,
      "gemini-3.1-flash-lite-preview": 0.5052286954129874,
      "gemini-3.1-pro-preview": 0.5752506208531427,
      "gpt-4.1": 0.9400671140939598,
      "gpt-5.5": 0.5297655002208798
    },
    "2": {
      "claude-haiku-4-5": 0.5715063194960182,
      "claude-opus-4-7": 0.2679121623934411,
      "claude-sonnet-4-5": 0.37852348993288587,
      "gemini-3-flash-preview": 0.5809694067443404,
      "gemini-3.1-flash-lite-preview": 0.5935868564087698,
      "gemini-3.1-pro-preview": 0.7573026279963871,
      "gpt-4.1": 0.9400671140939598,
      "gpt-5.5": 0.5891735330435269
    },
    "3": {
      "claude-haiku-4-5": 0.5682977814692493,
      "claude-opus-4-7": 0.24502178675767394,
      "claude-sonnet-4-5": 0.37852348993288587,
      "gemini-3-flash-preview": 0.5777608687175715,
      "gemini-3.1-flash-lite-preview": 0.5903783183820009,
      "gemini-3.1-pro-preview": 0.7200137849559788,
      "gpt-4.1": 0.9400671140939598,
      "gpt-5.5": 0.563814213388255
    },
    "4": {
      "claude-haiku-4-5": 0.45613039483309775,
      "claude-opus-4-7": 0.0,
      "claude-sonnet-4-5": 0.5622754653441944,
      "gemini-3-flash-preview": 0.46559348208141993,
      "gemini-3.1-flash-lite-preview": 0.47821093174584944,
      "gemini-3.1-pro-preview": 0.6014673545342376,
      "gpt-4.1": 0.9400671140939598,
      "gpt-5.5": 0.3158913264139877
    },
    "5": {
      "claude-haiku-4-5": 0.5221900322961892,
      "claude-opus-4-7": 0.5240410916157571,
      "claude-sonnet-4-5": 0.605334418382727,
      "gemini-3-flash-preview": 0.5316531195445113,
      "gemini-3.1-flash-lite-preview": 0.5442705692089409,
      "gemini-3.1-pro-preview": 0.837785496167684,
      "gpt-4.1": 0.41006711409395974,
      "gpt-5.5": 0.8454362416107382
    },
    "6": {
      "claude-haiku-4-5": 0.48031790199616653,
      "claude-opus-4-7": 0.5257099442072082,
      "claude-sonnet-4-5": 0.37852348993288587,
      "gemini-3-flash-preview": 0.48978098924448876,
      "gemini-3.1-flash-lite-preview": 0.5023984389089182,
      "gemini-3.1-pro-preview": 0.8088439903568795,
      "gpt-4.1": 0.4971222574234275,
      "gpt-5.5": 0.8454362416107382
    },
    "7": {
      "claude-haiku-4-5": 0.4479194630872483,
      "claude-opus-4-7": 0.3855669951808929,
      "claude-sonnet-4-5": 0.4917527980392356,
      "gemini-3-flash-preview": 0.45738255033557046,
      "gemini-3.1-flash-lite-preview": 0.47,
      "gemini-3.1-pro-preview": 0.7132224367263311,
      "gpt-4.1": 0.9400671140939598,
      "gpt-5.5": 0.7015607603770265
    },
    "8": {
      "claude-haiku-4-5": 0.47264078665633935,
      "claude-opus-4-7": 0.333609729528229,
      "claude-sonnet-4-5": 0.37852348993288587,
      "gemini-3-flash-preview": 0.48210387390466153,
      "gemini-3.1-flash-lite-preview": 0.49472132356909104,
      "gemini-3.1-pro-preview": 0.7269757764746843,
      "gpt-4.1": 0.9400671140939598,
      "gpt-5.5": 0.6549940798172162
    },
    "9": {
      "claude-haiku-4-5": 0.4479194630872483,
      "claude-opus-4-7": 0.07928431715859126,
      "claude-sonnet-4-5": 0.4495865514052312,
      "gemini-3-flash-preview": 0.45738255033557046,
      "gemini-3.1-flash-lite-preview": 0.47,
      "gemini-3.1-pro-preview": 0.5025145553045527,
      "gpt-4.1": 0.9400671140939598,
      "gpt-5.5": 0.41151246140773745
    }
  }
}