{
  "meta": {
    "alpha": 0.45,
    "cost_per_1k_input_usd": {
      "claude-haiku-4-5": 0.8,
      "claude-opus-4-7": 15.0,
      "claude-sonnet-4-5": 3.0,
      "gemini-3-flash-preview": 0.5,
      "gemini-3.1-flash-lite-preview": 0.1,
      "gemini-3.1-pro-preview": 2.0,
      "gpt-4.1": 2.0,
      "gpt-5.4-mini": 0.4,
      "gpt-5.5": 5.0
    },
    "embedder_model": "jina-v2-base-code-int8",
    "exclude_prompts": null,
    "include_routerarena_labels": "routerarena_labels_full.jsonl",
    "k": 10,
    "n_excluded_prompts": 0,
    "n_prompts": 8013,
    "per_model_zscore": false,
    "router_version": "weave-router-v0.1-bootstrap",
    "routerarena_only": true,
    "score_normalization": "per_prompt_zscore_across_bench_columns",
    "seed": 42,
    "shrinkage_k0": 10.0,
    "top_p": 4,
    "training_data_mix": {
      "d1": 1.0,
      "d2": 0.0,
      "d3": 0.0
    }
  },
  "rankings": {
    "0": {
      "claude-haiku-4-5": 0.6096684695282447,
      "claude-opus-4-7": 0.4067897586144462,
      "claude-sonnet-4-5": 0.8060645421024448,
      "gemini-3-flash-preview": 0.7558159758915638,
      "gemini-3.1-flash-lite-preview": 0.8472952672619765,
      "gemini-3.1-pro-preview": 0.9011670846263748,
      "gpt-4.1": 0.67658644489788,
      "gpt-5.4-mini": 0.5389261744966444,
      "gpt-5.5": 0.8191275167785235
    },
    "1": {
      "claude-haiku-4-5": 0.5551012058177526,
      "claude-opus-4-7": 0.3466396751868277,
      "claude-sonnet-4-5": 0.6447295748078403,
      "gemini-3-flash-preview": 0.6600837954934605,
      "gemini-3.1-flash-lite-preview": 0.7915578874699701,
      "gemini-3.1-pro-preview": 0.9298657718120806,
      "gpt-4.1": 0.4798657718120806,
      "gpt-5.4-mini": 0.6618887343164322,
      "gpt-5.5": 0.6095381130289766
    },
    "2": {
      "claude-haiku-4-5": 0.5547844833732427,
      "claude-opus-4-7": 0.3029660881310135,
      "claude-sonnet-4-5": 0.7096155590495397,
      "gemini-3-flash-preview": 0.8842739064220719,
      "gemini-3.1-flash-lite-preview": 0.7326537369417631,
      "gemini-3.1-pro-preview": 0.9298657718120806,
      "gpt-4.1": 0.5697198594272459,
      "gpt-5.4-mini": 0.5389261744966444,
      "gpt-5.5": 0.5164512382117533
    },
    "3": {
      "claude-haiku-4-5": 0.5241610738255034,
      "claude-opus-4-7": 0.38942179210746375,
      "claude-sonnet-4-5": 0.7136357798218598,
      "gemini-3-flash-preview": 0.8176776358227544,
      "gemini-3.1-flash-lite-preview": 0.8706458757378446,
      "gemini-3.1-pro-preview": 0.9298657718120806,
      "gpt-4.1": 0.6863545444235755,
      "gpt-5.4-mini": 0.6452874538221713,
      "gpt-5.5": 0.7521691729368535
    },
    "4": {
      "claude-haiku-4-5": 0.72986600215802,
      "claude-opus-4-7": 0.4363399149010158,
      "claude-sonnet-4-5": 0.8929530201342282,
      "gemini-3-flash-preview": 0.5352348993288591,
      "gemini-3.1-flash-lite-preview": 0.9526689212148745,
      "gemini-3.1-pro-preview": 0.8395344510818007,
      "gpt-4.1": 0.7178245572417419,
      "gpt-5.4-mini": 0.8694264604556298,
      "gpt-5.5": 0.7662240032198895
    },
    "5": {
      "claude-haiku-4-5": 0.8355387699074909,
      "claude-opus-4-7": 0.45,
      "claude-sonnet-4-5": 0.8251106789992518,
      "gemini-3-flash-preview": 0.5352348993288591,
      "gemini-3.1-flash-lite-preview": 0.9049224644726948,
      "gemini-3.1-pro-preview": 0.8507201027759979,
      "gpt-4.1": 0.734093617905206,
      "gpt-5.4-mini": 0.7583583099979575,
      "gpt-5.5": 0.8082220846591354
    },
    "6": {
      "claude-haiku-4-5": 0.8582195137377946,
      "claude-opus-4-7": 0.4355200285094543,
      "claude-sonnet-4-5": 0.7776332843174837,
      "gemini-3-flash-preview": 0.5352348993288591,
      "gemini-3.1-flash-lite-preview": 0.8353768961411578,
      "gemini-3.1-pro-preview": 0.8973041231304877,
      "gpt-4.1": 0.5353434739294382,
      "gpt-5.4-mini": 0.9889261744966444,
      "gpt-5.5": 0.7624873768265428
    },
    "7": {
      "claude-haiku-4-5": 0.7270958362842417,
      "claude-opus-4-7": 0.45,
      "claude-sonnet-4-5": 0.7735672674592964,
      "gemini-3-flash-preview": 0.5352348993288591,
      "gemini-3.1-flash-lite-preview": 0.8876438354050141,
      "gemini-3.1-pro-preview": 0.8871885619169692,
      "gpt-4.1": 0.7537107616066772,
      "gpt-5.4-mini": 0.6625542060883092,
      "gpt-5.5": 0.7589641376539451
    },
    "8": {
      "claude-haiku-4-5": 0.6591276772232044,
      "claude-opus-4-7": 0.45,
      "claude-sonnet-4-5": 0.687974480605664,
      "gemini-3-flash-preview": 0.5985284408236422,
      "gemini-3.1-flash-lite-preview": 0.6918420521474699,
      "gemini-3.1-pro-preview": 0.7020533990232343,
      "gpt-4.1": 0.4798657718120806,
      "gpt-5.4-mini": 0.5920848914027417,
      "gpt-5.5": 0.4652133916440633
    },
    "9": {
      "claude-haiku-4-5": 0.7505412743394254,
      "claude-opus-4-7": 0.4343729083867454,
      "claude-sonnet-4-5": 0.82647101564571,
      "gemini-3-flash-preview": 0.5352348993288591,
      "gemini-3.1-flash-lite-preview": 0.8521982263035066,
      "gemini-3.1-pro-preview": 0.8435358015072618,
      "gpt-4.1": 0.6734865228992479,
      "gpt-5.4-mini": 0.5490155864464993,
      "gpt-5.5": 0.8191275167785235
    }
  }
}