{
  "meta": {
    "aa_evidence_scale": 1.0,
    "aa_label_residuals": {
      "fraction_under_threshold": 0.45517241379310347,
      "max": 0.20473181382365496,
      "mean": 0.05447649362479872,
      "median": 0.05395521721297236,
      "n_cells": 145,
      "p90": 0.10738486668043908
    },
    "aa_label_tier_weights": {
      "GPQA_DIAMOND": 0.3,
      "IFBENCH": 0.3,
      "LIVECODEBENCH": 1.0,
      "MATH_500": 0.3,
      "MMLU_PRO": 0.3,
      "SCICODE": 1.0,
      "SWE_BENCH_VERIFIED": 1.0,
      "TAU2_BENCH_TELECOM": 0.3,
      "TERMINAL_BENCH_HARD": 1.0
    },
    "alpha": 0.5,
    "cost_per_1k_input_usd": {
      "claude-haiku-4-5": 0.0012629145417960715,
      "claude-opus-4-7": 0.021196793977061743,
      "claude-sonnet-4-6": 0.004636208359276976,
      "deepseek/deepseek-v4-flash": 0.00025885157289019393,
      "deepseek/deepseek-v4-pro": 0.0034426301116815055,
      "gemini-3.1-flash-lite-preview": 0.0001256025665865941,
      "gemini-3.1-pro-preview": 0.0024464087413931376,
      "gpt-5.4-mini": 0.0004560425331529976,
      "gpt-5.5": 0.015,
      "minimax/minimax-m2.7": 0.0010843745591148247,
      "moonshotai/kimi-k2.6": 0.004128634602518305,
      "qwen/qwen3-235b-a22b-2507": 0.00014723499994983706,
      "qwen/qwen3-coder-next": 0.0007326585164437237,
      "qwen/qwen3-next-80b-a3b-instruct": 0.00034418436007456715,
      "qwen/qwen3.6-35b-a3b": 0.0012664207232805558,
      "xiaomi/mimo-v2.5": 0.0016320084361516752,
      "xiaomi/mimo-v2.5-pro": 0.0025440887526547167,
      "z-ai/glm-5": 0.00237608277636799
    },
    "embedder_model": "jina-v2-base-code-int8",
    "exclude_prompts": null,
    "expected_output_tokens": 2000,
    "include_aa_labels": "aa_quality_priors.json",
    "include_routerarena_labels": "routerarena_labels_combined.jsonl",
    "k": 16,
    "n_excluded_prompts": 0,
    "n_prompts": 8013,
    "output_cost_ratio": 0.25,
    "per_model_verbosity": true,
    "per_model_zscore": false,
    "router_version": "weave-router-v0.1-bootstrap",
    "routerarena_only": true,
    "score_normalization": "per_prompt_minmax_across_bench_columns",
    "seed": 42,
    "shrinkage_k0": 10.0,
    "speed_weight": 0.12,
    "top_p": 4,
    "training_data_mix": {
      "d1": 1.0,
      "d2": 0.0,
      "d3": 0.0
    }
  },
  "rankings": {
    "0": {
      "claude-haiku-4-5": 0.5729323080936748,
      "claude-opus-4-7": 0.4332705208086054,
      "claude-sonnet-4-6": 0.7500551593850523,
      "deepseek/deepseek-v4-flash": 0.7615634703719294,
      "deepseek/deepseek-v4-pro": 0.7903306492762596,
      "gemini-3.1-flash-lite-preview": 0.8329226626271762,
      "gemini-3.1-pro-preview": 0.8605427553749362,
      "gpt-5.4-mini": 0.48595549084697637,
      "gpt-5.5": 0.6117536101975148,
      "minimax/minimax-m2.7": 0.5884299588391431,
      "moonshotai/kimi-k2.6": 0.872251326441223,
      "qwen/qwen3-235b-a22b-2507": 0.636112987901221,
      "qwen/qwen3-coder-next": 0.5124343465014888,
      "qwen/qwen3-next-80b-a3b-instruct": 0.5746017174433862,
      "qwen/qwen3.6-35b-a3b": 0.6336687156701399,
      "xiaomi/mimo-v2.5": 0.7540904875587745,
      "xiaomi/mimo-v2.5-pro": 0.7711175375228746,
      "z-ai/glm-5": 0.7973941489052776
    },
    "1": {
      "claude-haiku-4-5": 0.5505137801704837,
      "claude-opus-4-7": 0.386623587970275,
      "claude-sonnet-4-6": 0.6049123441197609,
      "deepseek/deepseek-v4-flash": 0.6580886665138996,
      "deepseek/deepseek-v4-pro": 0.7786285592689018,
      "gemini-3.1-flash-lite-preview": 0.7332214187572198,
      "gemini-3.1-pro-preview": 0.9127193515903069,
      "gpt-5.4-mini": 0.5325188985812311,
      "gpt-5.5": 0.34714326678884694,
      "minimax/minimax-m2.7": 0.6011492233130186,
      "moonshotai/kimi-k2.6": 0.8397904421418305,
      "qwen/qwen3-235b-a22b-2507": 0.6079886410997863,
      "qwen/qwen3-coder-next": 0.46792192549015504,
      "qwen/qwen3-next-80b-a3b-instruct": 0.5498296138178842,
      "qwen/qwen3.6-35b-a3b": 0.6155934899672797,
      "xiaomi/mimo-v2.5": 0.5865506466053994,
      "xiaomi/mimo-v2.5-pro": 0.5768428898334111,
      "z-ai/glm-5": 0.7876338769042357
    },
    "10": {
      "claude-haiku-4-5": 0.6370028827757386,
      "claude-opus-4-7": 0.44788507174342485,
      "claude-sonnet-4-6": 0.7189795254559337,
      "deepseek/deepseek-v4-flash": 0.8487071467517011,
      "deepseek/deepseek-v4-pro": 0.723555248289649,
      "gemini-3.1-flash-lite-preview": 0.8507257058029208,
      "gemini-3.1-pro-preview": 0.8798793690402658,
      "gpt-5.4-mini": 0.60723476848624,
      "gpt-5.5": 0.5008429270751579,
      "minimax/minimax-m2.7": 0.6932538232601722,
      "moonshotai/kimi-k2.6": 0.8854591464987893,
      "qwen/qwen3-235b-a22b-2507": 0.7786142600710526,
      "qwen/qwen3-coder-next": 0.7453798117402032,
      "qwen/qwen3-next-80b-a3b-instruct": 0.4922915642084522,
      "qwen/qwen3.6-35b-a3b": 0.9783586801729722,
      "xiaomi/mimo-v2.5": 0.8179164092880603,
      "xiaomi/mimo-v2.5-pro": 0.8127633432729904,
      "z-ai/glm-5": 0.7688064857937673
    },
    "11": {
      "claude-haiku-4-5": 0.6788251382921269,
      "claude-opus-4-7": 0.5176779677003215,
      "claude-sonnet-4-6": 0.8032512383828376,
      "deepseek/deepseek-v4-flash": 0.9328462949381588,
      "deepseek/deepseek-v4-pro": 0.7526754706873334,
      "gemini-3.1-flash-lite-preview": 0.9084925045742311,
      "gemini-3.1-pro-preview": 0.7884098962852322,
      "gpt-5.4-mini": 0.8379651350906038,
      "gpt-5.5": 0.6117536101975148,
      "minimax/minimax-m2.7": 0.6248616412243564,
      "moonshotai/kimi-k2.6": 0.7243603891073664,
      "qwen/qwen3-235b-a22b-2507": 0.6796400332211886,
      "qwen/qwen3-coder-next": 0.46792192549015504,
      "qwen/qwen3-next-80b-a3b-instruct": 0.4998052961528422,
      "qwen/qwen3.6-35b-a3b": 0.6133584521198507,
      "xiaomi/mimo-v2.5": 0.6947142802727705,
      "xiaomi/mimo-v2.5-pro": 0.6767425612189669,
      "z-ai/glm-5": 0.7620142562583447
    },
    "12": {
      "claude-haiku-4-5": 0.5929653716415355,
      "claude-opus-4-7": 0.5261378965788819,
      "claude-sonnet-4-6": 0.5307686827179441,
      "deepseek/deepseek-v4-flash": 0.7438913138987182,
      "deepseek/deepseek-v4-pro": 0.754018756215276,
      "gemini-3.1-flash-lite-preview": 0.6325673125615588,
      "gemini-3.1-pro-preview": 0.6347259763499126,
      "gpt-5.4-mini": 0.48595549084697637,
      "gpt-5.5": 0.3197502307383344,
      "minimax/minimax-m2.7": 0.5187581113676534,
      "moonshotai/kimi-k2.6": 0.682736509118679,
      "qwen/qwen3-235b-a22b-2507": 0.5642013318163452,
      "qwen/qwen3-coder-next": 0.4914169425702622,
      "qwen/qwen3-next-80b-a3b-instruct": 0.551241979439795,
      "qwen/qwen3.6-35b-a3b": 0.8772328495784409,
      "xiaomi/mimo-v2.5": 0.6946431337271056,
      "xiaomi/mimo-v2.5-pro": 0.6836008349238915,
      "z-ai/glm-5": 0.6769921503317443
    },
    "13": {
      "claude-haiku-4-5": 0.6486859768725179,
      "claude-opus-4-7": 0.5261378965788819,
      "claude-sonnet-4-6": 0.8586716258759394,
      "deepseek/deepseek-v4-flash": 0.8675314184407295,
      "deepseek/deepseek-v4-pro": 0.8150164464852643,
      "gemini-3.1-flash-lite-preview": 0.7588647304074237,
      "gemini-3.1-pro-preview": 0.8124612796829902,
      "gpt-5.4-mini": 0.5493638047555073,
      "gpt-5.5": 0.5603473037234888,
      "minimax/minimax-m2.7": 0.7440575755562012,
      "moonshotai/kimi-k2.6": 0.7817080662926514,
      "qwen/qwen3-235b-a22b-2507": 0.766883626137467,
      "qwen/qwen3-coder-next": 0.48325234760710334,
      "qwen/qwen3-next-80b-a3b-instruct": 0.4922915642084522,
      "qwen/qwen3.6-35b-a3b": 0.847245267408435,
      "xiaomi/mimo-v2.5": 0.8523113743491061,
      "xiaomi/mimo-v2.5-pro": 0.7343461519646698,
      "z-ai/glm-5": 0.781745846005918
    },
    "14": {
      "claude-haiku-4-5": 0.6315341213529919,
      "claude-opus-4-7": 0.4489150189054804,
      "claude-sonnet-4-6": 0.7573449017583439,
      "deepseek/deepseek-v4-flash": 0.8416380994955277,