{
  "meta": {
    "comment": "Runtime model-feature matrix for v0.65. psi_probe = quality_means.json transposed (per-cluster quality the scorer reads); operational = model_axes.json. Faithful repackaging that lets a new model be onboarded as one appended column with no retrain. Regenerate from this version quality_means.json + model_axes.json.",
    "k": 16,
    "n_models": 15,
    "roster_version": "v0.65",
    "source": "quality_means.json + model_axes.json"
  },
  "models": {
    "claude-haiku-4-5": {
      "operational": {
        "input_per_1k_usd": 0.0008,
        "output_per_1k_usd": 0.004,
        "tps": 100.688,
        "ttft_s": 0.697
      },
      "psi_probe": [
        0.37146648639236907,
        0.9642343011037962,
        0.4654636761640753,
        0.015392197973736308,
        0.23585374464785844,
        0.20890908249556098,
        0.649308641722629,
        0.8091173619502918,
        0.28994725243954994,
        0.70630461024333,
        0.279474745773498,
        0.3072198464152235,
        0.1584216479991868,
        0.4068846535343355,
        0.28734485556041683,
        0.3040660172173235
      ]
    },
    "claude-opus-4-7": {
      "operational": {
        "input_per_1k_usd": 0.005,
        "output_per_1k_usd": 0.025,
        "tps": 48.002,
        "ttft_s": 23.963
      },
      "psi_probe": [
        0.15883412748815964,
        0.8257120111252625,
        0.506090571308307,
        0.19269195079052895,
        0.3793489188702832,
        0.5719921787167205,
        0.4096553441107506,
        0.2259313043836605,
        0.32606319301669234,
        0.6694053446983893,
        0.393215613015064,
        0.3257863667001784,
        0.4590529160968104,
        0.7248809299018566,
        0.31497228833278373,
        0.32988919839415715
      ]
    },
    "claude-opus-4-8": {
      "operational": {
        "input_per_1k_usd": 0.005,
        "output_per_1k_usd": 0.025,
        "tps": 58.9,
        "ttft_s": 19.53
      },
      "psi_probe": [
        0.4199035106911054,
        0.8257130111252625,
        0.5136406200839728,
        0.19269295079052895,
        0.5038535893797527,
        0.5719931787167205,
        0.4096563441107506,
        0.2946244437271914,
        0.3260641930166923,
        0.6694063446983893,
        0.747253350184794,
        0.3257873667001784,
        0.4590539160968104,
        0.7248819299018566,
        0.3149732883327837,
        0.3298901983941571
      ]
    },
    "claude-sonnet-4-6": {
      "operational": {
        "input_per_1k_usd": 0.003,
        "output_per_1k_usd": 0.015,
        "tps": 48.426,
        "ttft_s": 1.076
      },
      "psi_probe": [
        0.16017086474945524,
        0.9292071781600727,
        0.49856264290172836,
        0.9791364190587685,
        0.3659782543490053,
        0.7262148808982227,
        0.39164142655512485,
        0.1826627997371729,
        0.24514184738924596,
        0.5254479036209377,
        0.24588001318700028,
        0.24364214937452205,
        0.7466955994665918,
        0.738166494221991,
        0.22954908772630725,
        0.242393799345419
      ]
    },
    "deepseek/deepseek-v4-flash": {
      "operational": {
        "input_per_1k_usd": 0.00014,
        "output_per_1k_usd": 0.00028,
        "tps": 98.429,
        "ttft_s": 0.797
      },
      "psi_probe": [
        0.23763070897606134,
        0.9179226944299,
        0.48789075580503416,
        0.7980366353782089,
        0.3628086048926149,
        0.6533441386366696,
        0.3899418813984936,
        0.1917906936909992,
        0.0666979980063856,
        0.7526731907697837,
        0.16574545138549374,
        0.08660367387200514,
        0.1925061062571354,
        0.946822430615339,
        0.05193964993930641,
        0.08736080615418956
      ]
    },
    "deepseek/deepseek-v4-pro": {
      "operational": {
        "input_per_1k_usd": 0.00174,
        "output_per_1k_usd": 0.00348,
        "tps": 28.962,
        "ttft_s": 1.154
      },
      "psi_probe": [
        0.044439117389784115,
        0.9404851268086654,
        0.5064948048170981,
        0.9807234603899286,
        0.3750847112421073,
        0.9060587540363623,
        0.42631424479013225,
        0.19883431179935027,
        0.16267296407954682,
        0.742245082445766,
        0.21421465134488893,
        0.20024813393266921,
        0.22053434911323255,
        0.9519587077272579,
        0.16267296407954682,
        0.2081702227418661
      ]
    },
    "gemini-3.1-flash-lite-preview": {
      "operational": {
        "input_per_1k_usd": 0.0001,
        "output_per_1k_usd": 0.0004,
        "tps": 292.193,
        "ttft_s": 4.924
      },
      "psi_probe": [
        0.026608547052223118,
        0.9132096056800753,
        0.4933324030743499,
        0.010678828837417732,
        0.6333681946706995,
        0.17671233141062673,
        0.3858476334140924,
        0.7135573942405649,
        0.07519325493939337,
        0.7883699626374759,
        0.5514004834927378,
        0.11167854155092023,
        0.11340518067680466,
        0.38145144948209825,
        0.0700590838370349,
        0.11291617624499617
      ]
    },
    "gemini-3.1-pro-preview": {
      "operational": {
        "input_per_1k_usd": 0.002,
        "output_per_1k_usd": 0.008,
        "tps": 124.978,
        "ttft_s": 21.672
      },
      "psi_probe": [
        0.1551906842428036,
        0.9449125227693318,
        0.5018624033829511,
        0.9821574695548457,
        0.4012514945354554,
        0.7265616592057486,
        0.45764369925755943,
        0.21344646842842696,
        0.2524338703344962,
        0.7663060339477181,
        0.4557921197277088,
        0.2646341241982037,
        0.748418727756167,
        0.9242208491711585,
        0.24182628799047232,
        0.2654734796771056
      ]
    },
    "gemini-3.5-flash": {
      "operational": {
        "input_per_1k_usd": 0.0015,
        "output_per_1k_usd": 0.009,
        "tps": 279.018,
        "ttft_s": 13.981
      },
      "psi_probe": [
        0.14616808698623437,
        0.938151423249349,
        0.5070069373012563,
        0.6022908253907899,
        0.3933418915546474,
        0.7151162359160028,
        0.4381722869275972,
        0.22977608296561264,
        0.22198236455957768,
        0.7126843107543813,
        0.5236305569967682,
        0.23678107816384805,
        0.20304722727047572,
        0.969137973022124,
        0.21251734508573106,
        0.23946248922494975
      ]
    },
    "gpt-5.4-mini": {
      "operational": {
        "input_per_1k_usd": 0.0004,
        "output_per_1k_usd": 0.0016,
        "tps": 162.901,
        "ttft_s": 4.544
      },
      "psi_probe": [
        0.07390111239735865,
        0.927890432223622,
        0.46101569746108756,
        0.9779029450894947,
        0.33416065321846633,
        0.6484141241755199,
        0.3646931562772646,
        0.17009404126765704,
        0.11153676845543997,
        0.755898314280407,
        0.23455853295761406,
        0.1395252714398449,
        0.6408598593106374,
        0.7781138619187877,
        0.10289066141448304,
        0.14298263309354622
      ]
    },
    "gpt-5.5": {
      "operational": {
        "input_per_1k_usd": 0.005,
        "output_per_1k_usd": 0.04,
        "tps": 65.144,
        "ttft_s": 50.034
      },
      "psi_probe": [
        0.34020905254947936,
        0.9430183572560805,
        0.5113861132449834,
        0.9828614775380702,
        0.34530705934185796,
        0.7749013786984095,
        0.47302448384020856,
        0.2458343390218462,
        0.3024423587477783,
        0.7737328572919484,
        0.33224587730549404,
        0.30518956172019696,
        0.8092032339943726,
        0.905651859000196,
        0.29062584038406636,
        0.30418025445005226
      ]
    },
    "moonshotai/kimi-k2.6": {
      "operational": {
        "input_per_1k_usd": 0.00095,
        "output_per_1k_usd": 0.004,
        "tps": 95.126,