{
  "meta": {
    "alpha": 0.4,
    "cost_per_1k_input_usd": {
      "claude-haiku-4-5": 0.0008,
      "claude-opus-4-7": 0.015,
      "claude-sonnet-4-5": 0.003,
      "deepseek/deepseek-v4-flash": 0.00014,
      "deepseek/deepseek-v4-pro": 0.000435,
      "gemini-2.5-flash": 0.0003,
      "gemini-3-flash-preview": 0.0005,
      "gemini-3.1-flash-lite-preview": 0.0001,
      "gemini-3.1-pro-preview": 0.002,
      "gpt-4.1": 0.002,
      "gpt-5.4-mini": 0.0004,
      "gpt-5.5": 0.005,
      "mistralai/mistral-small-2603": 0.00015,
      "moonshotai/kimi-k2.5": 0.00044,
      "qwen/qwen3-235b-a22b-2507": 7.1e-05,
      "qwen/qwen3-30b-a3b-instruct-2507": 8e-05,
      "qwen/qwen3-coder": 0.00022,
      "qwen/qwen3-coder-next": 7e-05,
      "qwen/qwen3-next-80b-a3b-instruct": 9e-05,
      "qwen/qwen3.5-flash-02-23": 6.5e-05
    },
    "embedder_model": "jina-v2-base-code-int8",
    "exclude_prompts": null,
    "include_routerarena_labels": "/Users/steventohme/Desktop/workweave4/router-internal/eval/results/_unsorted/routerarena_labels_full.jsonl",
    "k": 10,
    "n_excluded_prompts": 0,
    "n_prompts": 8013,
    "per_model_zscore": false,
    "router_version": "weave-router-v0.1-bootstrap",
    "routerarena_only": true,
    "score_normalization": "per_prompt_zscore_across_bench_columns",
    "seed": 42,
    "shrinkage_k0": 10.0,
    "top_p": 4,
    "training_data_mix": {
      "d1": 1.0,
      "d2": 0.0,
      "d3": 0.0
    }
  },
  "rankings": {
    "0": {
      "claude-haiku-4-5": 0.844603547744462,
      "claude-opus-4-7": 0.4,
      "claude-sonnet-4-5": 0.8210830440652319,
      "deepseek/deepseek-v4-flash": 0.9238267657046724,
      "deepseek/deepseek-v4-pro": 0.9473877476664073,
      "gemini-2.5-flash": 0.6523370180721407,
      "gemini-3-flash-preview": 0.5825242718446602,
      "gemini-3.1-flash-lite-preview": 0.904700896302733,
      "gemini-3.1-pro-preview": 0.8491410574505921,
      "gpt-4.1": 0.7246877527808924,
      "gpt-5.4-mini": 0.808422725510285,
      "gpt-5.5": 0.7839835481056492,
      "mistralai/mistral-small-2603": 0.7679418770478619,
      "moonshotai/kimi-k2.5": 0.9045508988009213,
      "qwen/qwen3-235b-a22b-2507": 0.8797657804084593,
      "qwen/qwen3-30b-a3b-instruct-2507": 0.845137903775441,
      "qwen/qwen3-coder": 0.8404923536530728,
      "qwen/qwen3-coder-next": 0.8732705108730973,
      "qwen/qwen3-next-80b-a3b-instruct": 0.840303346608625,
      "qwen/qwen3.5-flash-02-23": 0.9689407474743462
    },
    "1": {
      "claude-haiku-4-5": 0.7419457460085779,
      "claude-opus-4-7": 0.3617479406664932,
      "claude-sonnet-4-5": 0.8203927344015672,
      "deepseek/deepseek-v4-flash": 0.867502597070665,
      "deepseek/deepseek-v4-pro": 0.9342660617022867,
      "gemini-2.5-flash": 0.7271010959128179,
      "gemini-3-flash-preview": 0.8292578751565085,
      "gemini-3.1-flash-lite-preview": 0.8950762165352728,
      "gemini-3.1-pro-preview": 0.8982787012826776,
      "gpt-4.1": 0.751805561337809,
      "gpt-5.4-mini": 0.7046961865959983,
      "gpt-5.5": 0.8017408771342485,
      "mistralai/mistral-small-2603": 0.5965852025443589,
      "moonshotai/kimi-k2.5": 0.9131545029537049,
      "qwen/qwen3-235b-a22b-2507": 0.8024154066508079,
      "qwen/qwen3-30b-a3b-instruct-2507": 0.6239072433663733,
      "qwen/qwen3-coder": 0.7705447687349641,
      "qwen/qwen3-coder-next": 0.7017348891134217,
      "qwen/qwen3-next-80b-a3b-instruct": 0.7604022935956372,
      "qwen/qwen3.5-flash-02-23": 0.8495256165426651
    },
    "2": {
      "claude-haiku-4-5": 0.6880736995504565,
      "claude-opus-4-7": 0.3087641091798606,
      "claude-sonnet-4-5": 0.7040407469029989,
      "deepseek/deepseek-v4-flash": 0.8374493671666609,
      "deepseek/deepseek-v4-pro": 0.9272473422667641,
      "gemini-2.5-flash": 0.5966910473265801,
      "gemini-3-flash-preview": 0.7571675626155051,
      "gemini-3.1-flash-lite-preview": 0.850090446193196,
      "gemini-3.1-pro-preview": 0.9222631402745229,
      "gpt-4.1": 0.6082030313886972,
      "gpt-5.4-mini": 0.7590792449036344,
      "gpt-5.5": 0.6369989949285328,
      "mistralai/mistral-small-2603": 0.5965852025443589,
      "moonshotai/kimi-k2.5": 0.830986025614477,
      "qwen/qwen3-235b-a22b-2507": 0.8193720677731542,
      "qwen/qwen3-30b-a3b-instruct-2507": 0.7376858173143106,
      "qwen/qwen3-coder": 0.7906674873230504,
      "qwen/qwen3-coder-next": 0.8178557332287499,
      "qwen/qwen3-next-80b-a3b-instruct": 0.864492436032753,
      "qwen/qwen3.5-flash-02-23": 0.7824688062027715
    },
    "3": {
      "claude-haiku-4-5": 0.7724034526338114,
      "claude-opus-4-7": 0.3842306944736137,
      "claude-sonnet-4-5": 0.8181012464838563,
      "deepseek/deepseek-v4-flash": 0.9166294439414553,
      "deepseek/deepseek-v4-pro": 0.9592632164989943,
      "gemini-2.5-flash": 0.6136608315268022,
      "gemini-3-flash-preview": 0.5825242718446602,
      "gemini-3.1-flash-lite-preview": 0.8613214446583592,
      "gemini-3.1-pro-preview": 0.8433829232012631,
      "gpt-4.1": 0.694576369767264,
      "gpt-5.4-mini": 0.5913802576208177,
      "gpt-5.5": 0.8017408771342485,
      "mistralai/mistral-small-2603": 0.6129340968184486,
      "moonshotai/kimi-k2.5": 0.9070614340550305,
      "qwen/qwen3-235b-a22b-2507": 0.8296715114843796,
      "qwen/qwen3-30b-a3b-instruct-2507": 0.7343171062993019,
      "qwen/qwen3-coder": 0.8017036150792318,
      "qwen/qwen3-coder-next": 0.7986173781180413,
      "qwen/qwen3-next-80b-a3b-instruct": 0.7869066490080859,
      "qwen/qwen3.5-flash-02-23": 0.9466177243082757
    },
    "4": {
      "claude-haiku-4-5": 0.818907022746977,
      "claude-opus-4-7": 0.39057084762475447,
      "claude-sonnet-4-5": 0.8237435069389165,
      "deepseek/deepseek-v4-flash": 0.9286221182949991,
      "deepseek/deepseek-v4-pro": 0.9326045294850788,
      "gemini-2.5-flash": 0.5905590893873451,
      "gemini-3-flash-preview": 0.7993789411086203,
      "gemini-3.1-flash-lite-preview": 0.9539350656801702,
      "gemini-3.1-pro-preview": 0.9222631402745229,
      "gpt-4.1": 0.838761847193259,
      "gpt-5.4-mini": 0.8762736057963861,
      "gpt-5.5": 0.7708051125653361,
      "mistralai/mistral-small-2603": 0.9017027366770399,
      "moonshotai/kimi-k2.5": 0.9413522555532654,
      "qwen/qwen3-235b-a22b-2507": 0.8787537682598341,
      "qwen/qwen3-30b-a3b-instruct-2507": 0.8666846353568542,
      "qwen/qwen3-coder": 0.9107762612710288,
      "qwen/qwen3-coder-next": 0.8598257855861471,
      "qwen/qwen3-next-80b-a3b-instruct": 0.8298461156091029,
      "qwen/qwen3.5-flash-02-23": 0.9769677699193966
    },
    "5": {
      "claude-haiku-4-5": 0.6539578077710521,
      "claude-opus-4-7": 0.2852161981391181,
      "claude-sonnet-4-5": 0.7359015409507343,
      "deepseek/deepseek-v4-flash": 0.7486051184703877,
      "deepseek/deepseek-v4-pro": 0.9090651075458923,
      "gemini-2.5-flash": 0.7184860455880113,
      "gemini-3-flash-preview": 0.9044030354434386,
      "gemini-3.1-flash-lite-preview": 0.7860850794577654,
      "gemini-3.1-pro-preview": 0.9222631402745229,
      "gpt-4.1": 0.6378772807759012,
      "gpt-5.4-mini": 0.6457231210909042,
      "gpt-5.5": 0.5855935867284303,
      "mistralai/mistral-small-2603": 0.5976992706478791,
      "moonshotai/kimi-k2.5": 0.849042532735691,
      "qwen/qwen3-235b-a22b-2507": 0.7302453201547427,
      "qwen/qwen3-30b-a3b-instruct-2507": 0.5993973886842986,
      "qwen/qwen3-coder": 0.6298181683743367,
      "qwen/qwen3-coder-next": 0.6245084301810486,
      "qwen/qwen3-next-80b-a3b-instruct": 0.6676261278177157,
      "qwen/qwen3.5-flash-02-23": 0.6916395267586308
    },
    "6": {
      "claude-haiku-4-5": 0.7822907125998508,
      "claude-opus-4-7": 0.3941828771571545,
      "claude-sonnet-4-5": 0.8756880928118898,
      "deepseek/deepseek-v4-flash": 0.9517436425669457,
      "deepseek/deepseek-v4-pro": 0.9247869041001829,
      "gemini-2.5-flash": 0.7124737841085479,
      "gemini-3-flash-preview": 0.5961690823198827,