{
  "meta": {
    "alpha": 0.53,
    "cost_per_1k_input_usd": {
      "claude-haiku-4-5": 0.8,
      "claude-opus-4-7": 15.0,
      "claude-sonnet-4-5": 3.0,
      "gemini-3-flash-preview": 0.5,
      "gemini-3.1-flash-lite-preview": 0.1,
      "gemini-3.1-pro-preview": 2.0,
      "gpt-4.1": 2.0,
      "gpt-5.5": 5.0
    },
    "embedder_model": "jina-v2-base-code-int8",
    "k": 10,
    "n_prompts": 15354,
    "router_version": "weave-router-v0.1-bootstrap",
    "seed": 42,
    "top_p": 4,
    "training_data_mix": {
      "d1": 1.0,
      "d2": 0.0,
      "d3": 0.0
    }
  },
  "rankings": {
    "0": {
      "claude-haiku-4-5": 0.4479194630872483,
      "claude-opus-4-7": 0.2381160924467164,
      "claude-sonnet-4-5": 0.6038642697442467,
      "gemini-3-flash-preview": 0.45738255033557046,
      "gemini-3.1-flash-lite-preview": 0.47,
      "gemini-3.1-pro-preview": 0.7108964228784231,
      "gpt-4.1": 0.9400671140939598,
      "gpt-5.5": 0.5708320031494152
    },
    "1": {
      "claude-haiku-4-5": 0.6147347708750267,
      "claude-opus-4-7": 0.5282044098185837,
      "claude-sonnet-4-5": 0.4738978860681516,
      "gemini-3-flash-preview": 0.6241978581233488,
      "gemini-3.1-flash-lite-preview": 0.6368153077877784,
      "gemini-3.1-pro-preview": 0.839817370658251,
      "gpt-4.1": 0.41006711409395974,
      "gpt-5.5": 0.8454362416107382
    },
    "2": {
      "claude-haiku-4-5": 0.5703617203378422,
      "claude-opus-4-7": 0.2650551420740407,
      "claude-sonnet-4-5": 0.37852348993288587,
      "gemini-3-flash-preview": 0.5798248075861643,
      "gemini-3.1-flash-lite-preview": 0.5924422572505939,
      "gemini-3.1-pro-preview": 0.7536615863910612,
      "gpt-4.1": 0.9400671140939598,
      "gpt-5.5": 0.5862441172962733
    },
    "3": {
      "claude-haiku-4-5": 0.5356198955583229,
      "claude-opus-4-7": 0.17798947912832386,
      "claude-sonnet-4-5": 0.37852348993288587,
      "gemini-3-flash-preview": 0.5450829828066451,
      "gemini-3.1-flash-lite-preview": 0.5577004324710746,
      "gemini-3.1-pro-preview": 0.6353068253475906,
      "gpt-4.1": 0.9400671140939598,
      "gpt-5.5": 0.49587759771891227
    },
    "4": {
      "claude-haiku-4-5": 0.4590374132280743,
      "claude-opus-4-7": 0.0,
      "claude-sonnet-4-5": 0.5669987260970213,
      "gemini-3-flash-preview": 0.46850050047639646,
      "gemini-3.1-flash-lite-preview": 0.481117950140826,
      "gemini-3.1-pro-preview": 0.602409482189343,
      "gpt-4.1": 0.9400671140939598,
      "gpt-5.5": 0.31594416826691807
    },
    "5": {
      "claude-haiku-4-5": 0.5245494932669837,
      "claude-opus-4-7": 0.5239315653198288,
      "claude-sonnet-4-5": 0.6088948016714446,
      "gemini-3-flash-preview": 0.5340125805153059,
      "gemini-3.1-flash-lite-preview": 0.5466300301797354,
      "gemini-3.1-pro-preview": 0.8368097478074532,
      "gpt-4.1": 0.41006711409395974,
      "gpt-5.5": 0.8454362416107382
    },
    "6": {
      "claude-haiku-4-5": 0.48017437099891863,
      "claude-opus-4-7": 0.5256376136409968,
      "claude-sonnet-4-5": 0.37852348993288587,
      "gemini-3-flash-preview": 0.4896374582472408,
      "gemini-3.1-flash-lite-preview": 0.5022549079116704,
      "gemini-3.1-pro-preview": 0.8079096949732367,
      "gpt-4.1": 0.49263421993406403,
      "gpt-5.5": 0.8454362416107382
    },
    "7": {
      "claude-haiku-4-5": 0.4479194630872483,
      "claude-opus-4-7": 0.38800388317260154,
      "claude-sonnet-4-5": 0.49348708943611325,
      "gemini-3-flash-preview": 0.45738255033557046,
      "gemini-3.1-flash-lite-preview": 0.47,
      "gemini-3.1-pro-preview": 0.7136490711180918,
      "gpt-4.1": 0.9400671140939598,
      "gpt-5.5": 0.7034897263850721
    },
    "8": {
      "claude-haiku-4-5": 0.473498909752801,
      "claude-opus-4-7": 0.3364663937117806,
      "claude-sonnet-4-5": 0.37852348993288587,
      "gemini-3-flash-preview": 0.4829619970011232,
      "gemini-3.1-flash-lite-preview": 0.4955794466655527,
      "gemini-3.1-pro-preview": 0.7286988906289722,
      "gpt-4.1": 0.9400671140939598,
      "gpt-5.5": 0.6571852371230295
    },
    "9": {
      "claude-haiku-4-5": 0.4479194630872483,
      "claude-opus-4-7": 0.07497130218178276,
      "claude-sonnet-4-5": 0.44651706112794975,
      "gemini-3-flash-preview": 0.45738255033557046,
      "gemini-3.1-flash-lite-preview": 0.47,
      "gemini-3.1-pro-preview": 0.4967390238870568,
      "gpt-4.1": 0.9400671140939598,
      "gpt-5.5": 0.4061647465578992
    }
  }
}